{
"type": "FeatureCollection",
"name": "khulna_boundary_utm",
"crs": { "type": "name", "properties": { "name": "urn:ogc:def:crs:EPSG::32646" } },
"features": [
{ "type": "Feature", "properties": { "adm2_name": "Khulna", "adm2_name1": null, "adm2_name2": null, "adm2_name3": null, "adm2_pcode": "BD4047", "adm1_name": "Khulna", "adm1_name1": null, "adm1_name2": null, "adm1_name3": null, "adm1_pcode": "BD40", "adm0_name": "Bangladesh", "adm0_name1": null, "adm0_name2": null, "adm0_name3": null, "adm0_pcode": "BD", "valid_on": "2023-05-21T00:00:00", "valid_to": null, "area_sqkm": 4457.2650101600002, "version": "v03", "lang": "en", "lang1": null, "lang2": null, "lang3": null, "adm2_ref_name": null, "center_lat": 22.36573943, "center_lon": 89.45281579, "area_km2": 4468.420855585905 }, "geometry": { "type": "Polygon", "coordinates": [ [ [ 136669.010558278590906, 2549172.875122567173094 ], [ 136555.365953093394637, 2549214.964060224592686 ], [ 136471.176283528038766, 2549219.870539132039994 ], [ 136400.454882937658112, 2549212.074116185773164 ], [ 136240.529431274801027, 2549194.444003008771688 ], [ 136140.283341975940857, 2549162.162675664294511 ], [ 136138.139431284216698, 2549165.510567467659712 ], [ 136064.342652505729347, 2549115.488616660702974 ], [ 136057.371152410807554, 2549113.913344133645296 ], [ 136029.050258854171261, 2549099.790878952015191 ], [ 135968.713980259315576, 2549069.540759738534689 ], [ 135959.027977325720713, 2549062.199635286815464 ], [ 135837.118609425029717, 2549011.803287517279387 ], [ 135769.427379548142198, 2548974.578141438774765 ], [ 135753.475463757175021, 2548965.805895586498082 ], [ 135676.680057754623704, 2548943.524137200787663 ], [ 135644.080648958100937, 2548938.652576798573136 ], [ 135536.295491685217712, 2548922.545452962163836 ], [ 135488.051322936080396, 2548904.583370868582278 ], [ 135369.786237283842638, 2548891.657713294494897 ], [ 135339.977158698369749, 2548888.399784619454294 ], [ 135280.086818809329998, 2548895.369497085455805 ], [ 135176.775653777003754, 2548893.10873632831499 ], [ 135151.45621470536571, 2548892.554617940448225 ], [ 135009.758673428790644, 2548895.458374090958387 ], [ 134960.672195333172567, 2548903.226995670236647 ], [ 134929.161796715576202, 2548886.584098289720714 ], [ 134901.32987185503589, 2548871.884070180822164 ], [ 134825.938582294736989, 2548825.842805590480566 ], [ 134784.103883960051462, 2548765.839848935138434 ], [ 134725.841262592351995, 2548564.165668488945812 ], [ 134705.080482411081903, 2548496.668205553200096 ], [ 134696.828005223767832, 2548469.83799344394356 ], [ 134667.05660921044182, 2548434.168446063995361 ], [ 134641.335971375869121, 2548403.352160991169512 ], [ 134599.639981451327913, 2548350.10857637738809 ], [ 134531.460233960882761, 2548324.456437736749649 ], [ 134476.768056973698549, 2548298.527857650071383 ], [ 134443.892926258267835, 2548275.643440270796418 ], [ 134401.27469459810527, 2548245.976610942278057 ], [ 134393.462054910836741, 2548229.64378141798079 ], [ 134374.225082555727568, 2548189.427219728007913 ], [ 134365.917469749809243, 2548172.065397168975323 ], [ 134343.668849780457094, 2548077.84908114746213 ], [ 134340.27619705471443, 2548069.653745387680829 ], [ 134308.071170377952512, 2547990.668723226524889 ], [ 134258.476338090666104, 2547883.488068998791277 ], [ 134236.808052842796315, 2547816.058630537241697 ], [ 134222.458315739815589, 2547775.778880825266242 ], [ 134126.655284799111541, 2547723.643243584781885 ], [ 134089.569717517937534, 2547707.70819527702406 ], [ 134061.997502293728758, 2547695.861009789630771 ], [ 134051.884787935530767, 2547691.515755463857204 ], [ 133915.847282765025739, 2547673.863328050356358 ], [ 133867.668952644569799, 2547634.276487725321203 ], [ 133852.595401444064919, 2547560.199467313941568 ], [ 133852.048584515578113, 2547533.505430497694761 ], [ 133851.136693786305841, 2547484.483686194289476 ], [ 133856.164846171857789, 2547404.342822154983878 ], [ 133881.711308225407265, 2547329.434259643312544 ], [ 133894.048046350595541, 2547279.089793446473777 ], [ 133895.642067168548238, 2547272.590304446872324 ], [ 133906.703571505320724, 2547227.487228298559785 ], [ 133910.058680667658336, 2547199.905615539290011 ], [ 133915.72826745104976, 2547153.296866826713085 ], [ 133918.279113970464095, 2547132.327154070138931 ], [ 133893.645146120514255, 2546981.929707839153707 ], [ 133896.175749486545101, 2546950.744467368815094 ], [ 133898.765286259178538, 2546918.833180365618318 ], [ 133902.990426093107089, 2546833.924573048017919 ], [ 133902.419280103524216, 2546829.492317436262965 ], [ 133896.687325894134119, 2546785.015865546185523 ], [ 133897.066005537402816, 2546779.734360802918673 ], [ 133898.076896607817616, 2546765.63549655303359 ], [ 133899.23099997168174, 2546749.537433328572661 ], [ 133902.872582827461883, 2546698.74194180034101 ], [ 133903.12767498876201, 2546693.698148217983544 ], [ 133910.891311580315232, 2546540.199068648740649 ], [ 133909.428678932366893, 2546501.131328439339995 ], [ 133905.96515302779153, 2546461.441968050785363 ], [ 133882.261574603093322, 2546371.803922396618873 ], [ 133870.874344026087783, 2546301.131184895057231 ], [ 133858.365854761796072, 2546240.421388064045459 ], [ 133834.594522959669121, 2546147.471382939722389 ], [ 133829.320372190151829, 2546116.433761328458786 ], [ 133829.507963945448864, 2546093.236348755657673 ], [ 133832.291020121483598, 2546067.335230275522918 ], [ 133839.737968985398766, 2546042.663885798305273 ], [ 133846.063603367307223, 2546027.955600990913808 ], [ 133851.873830233700573, 2545988.076218290720135 ], [ 133853.250716299982741, 2545958.227832181379199 ], [ 133853.370741420367267, 2545931.718467412982136 ], [ 133861.952575625386089, 2545897.746500076260418 ], [ 133874.158306784171145, 2545878.94172739982605 ], [ 133890.634802047396079, 2545842.157413412351161 ], [ 133902.405217570834793, 2545806.410255160182714 ], [ 133885.871821860957425, 2545724.242109914775938 ], [ 133885.035130650852807, 2545719.043240111786872 ], [ 133879.701022363791708, 2545685.897676915396005 ], [ 133878.227070015098434, 2545676.739221048541367 ], [ 133870.373657965101302, 2545627.939596221316606 ], [ 133852.497408108378295, 2545516.859694379847497 ], [ 133846.65229582239408, 2545506.420384470373392 ], [ 133827.250984413200058, 2545465.069223462138325 ], [ 133815.581440879264846, 2545412.956890911795199 ], [ 133796.612255707907025, 2545353.121412724722177 ], [ 133787.533084462455008, 2545271.789762035943568 ], [ 133790.527721669990569, 2545212.519724026322365 ], [ 133791.667237409797963, 2545189.966745363548398 ], [ 133784.44489425746724, 2545128.486045985016972 ], [ 133767.567530454718508, 2545016.17713753785938 ], [ 133756.020137678657193, 2544970.026315468363464 ], [ 133748.772609461739194, 2544939.691821037326008 ], [ 133730.601429135829676, 2544893.676517769228667 ], [ 133706.563523022574373, 2544852.420019811484963 ], [ 133681.16026543173939, 2544809.203537402674556 ], [ 133665.084708801819943, 2544768.446749424561858 ], [ 133645.817363171314355, 2544701.248414810281247 ], [ 133648.463260995049495, 2544636.252360646147281 ], [ 133661.762310308404267, 2544575.618418710306287 ], [ 133668.465447611233685, 2544545.056749620009214 ], [ 133690.319286408426706, 2544447.196656949352473 ], [ 133707.455580252513755, 2544337.622283682692796 ], [ 133709.657238823885564, 2544323.543807188980281 ], [ 133721.321219486650079, 2544278.243464560247958 ], [ 133736.310653186577838, 2544233.537745011039078 ], [ 133742.363630463019945, 2544173.110656417906284 ], [ 133728.907456105924211, 2544066.032932867761701 ], [ 133709.476432917988859, 2544035.651277117896825 ], [ 133706.316755299514625, 2544030.710843873675913 ], [ 133703.404102511296514, 2544031.27457601763308 ], [ 133517.261864991509356, 2543373.539213639684021 ], [ 133466.74687789165182, 2543355.5821269066073 ], [ 133343.137847896839958, 2543324.549132445361465 ], [ 133264.446979922417086, 2543303.86788625176996 ], [ 133185.756135413539596, 2543283.186681740451604 ], [ 133094.976604665338527, 2543217.920691351406276 ], [ 132892.220443212776445, 2543143.924733319319785 ], [ 132770.743636623141356, 2543098.33536783978343 ], [ 132723.24178014928475, 2543080.508255573920906 ], [ 132487.880304392892867, 2543051.760316153988242 ], [ 132375.714511896658223, 2543016.914111772552133 ], [ 132278.068680725933518, 2542986.5787646737881 ], [ 132274.574194976012222, 2542985.49320707609877 ], [ 132251.57570068934001, 2542978.449761597905308 ], [ 131937.061156466486864, 2542906.487913096323609 ], [ 131905.192258644965477, 2542894.982296187896281 ], [ 131790.650831334118266, 2542853.629366050008684 ], [ 131666.129050502902828, 2542778.032216948457062 ], [ 131586.525940765277483, 2542712.78706756234169 ], [ 131551.637546505779028, 2542646.377153487876058 ], [ 131471.11816045222804, 2542536.318101273849607 ], [ 131357.768339797330555, 2542460.492113653570414 ], [ 131328.708685612538829, 2542443.345379235222936 ], [ 131308.091321057407185, 2542431.179982371162623 ], [ 131190.794032453501131, 2542361.968477930407971 ], [ 131140.556273940601386, 2542092.998502524569631 ], [ 131098.198732814344112, 2541943.485254324041307 ], [ 130775.964258580177557, 2541733.886839124839753 ], [ 130708.770796878903639, 2541714.584543309174478 ], [ 130611.728787211759482, 2541713.387362287845463 ], [ 130489.445187800389249, 2541722.248812635894865 ], [ 130376.012960289488547, 2541723.599032539874315 ], [ 130370.107572422944941, 2541723.698421066161245 ], [ 130346.906017032160889, 2541731.118858946487308 ], [ 130332.611712613783311, 2541733.971933024469763 ], [ 130196.681220604921691, 2541761.102565524168313 ], [ 130194.286511897167657, 2541708.792516840156168 ], [ 130185.765050785965286, 2541564.23512873146683 ], [ 130185.907658318523318, 2541454.49055896513164 ], [ 130178.947215418331325, 2541425.209389564581215 ], [ 130162.767969062493648, 2541413.341497147921473 ], [ 130131.673903678543866, 2541413.633472599554807 ], [ 130074.116391997900791, 2541398.905322107020766 ], [ 130036.966172378975898, 2541371.03635789686814 ], [ 130010.912115163111594, 2541341.35016246791929 ], [ 130010.605045352422167, 2541294.088963492307812 ], [ 130010.530033844523132, 2541282.551946170628071 ], [ 130011.768869566032663, 2541240.603533441200852 ], [ 130035.15466350025963, 2541126.543044119607657 ], [ 130040.694736239500344, 2541099.521926456131041 ], [ 130059.631185947393533, 2541071.408952005207539 ], [ 130089.576206437952351, 2541026.952277615666389 ], [ 130107.929144572000951, 2541014.953469629399478 ], [ 130162.398127913766075, 2540979.342385027557611 ], [ 130173.282205018098466, 2540972.226513835135847 ], [ 130249.201728437968995, 2540925.612104704603553 ], [ 130274.871563022490591, 2540883.393650616984814 ], [ 130285.105706437665503, 2540866.561778790783137 ], [ 130287.386288317327853, 2540844.696411432232708 ], [ 130289.538708170177415, 2540824.058962293900549 ], [ 130277.542740012868308, 2540744.514624570030719 ], [ 130250.834113847464323, 2540731.818431353196502 ], [ 130106.866044429072645, 2540698.94405757682398 ], [ 130078.075436781567987, 2540693.816937725525349 ], [ 130068.877725811966229, 2540692.179040592163801 ], [ 130008.852611909504049, 2540681.489650514442474 ], [ 129867.145805486070458, 2540656.254244598094374 ], [ 129669.051144157885574, 2540648.581276255659759 ], [ 129663.952901066862978, 2540648.383839886635542 ], [ 129537.677765605039895, 2540650.964001949410886 ], [ 129461.004640839877538, 2540652.530529581941664 ], [ 129383.299414095585234, 2540655.055459221359342 ], [ 129374.449932809278835, 2540653.907099158968776 ], [ 129270.834075130871497, 2540640.460813666693866 ], [ 129204.883653656113893, 2540641.808440139517188 ], [ 129138.350343201484066, 2540643.167933163698763 ], [ 129020.873222481634002, 2540659.031306508462876 ], [ 128907.044897627085447, 2540674.402098744176328 ], [ 128756.635600823326968, 2540707.959469195920974 ], [ 128642.383656692283694, 2540742.374653123319149 ], [ 128586.705531418323517, 2540759.146085627842695 ], [ 128450.302375842875335, 2540829.5286157396622 ], [ 128324.619494010228664, 2540894.832492257934064 ], [ 128306.948473103053402, 2540900.225762108340859 ], [ 128274.373340329329949, 2540901.686560012865812 ], [ 128234.468370549497195, 2540904.202299457974732 ], [ 128199.716987261665054, 2540906.393155340105295 ], [ 128133.139672794903163, 2540917.296520300675184 ], [ 128068.63461875350913, 2540918.614728204440325 ], [ 128010.723569368652534, 2540919.798195724375546 ], [ 127895.996745512762573, 2540909.418746079783887 ], [ 127869.711713637923822, 2540905.923095819074661 ], [ 127730.135454774310347, 2540887.360481677111238 ], [ 127636.563936337421183, 2540888.61383802909404 ], [ 127605.11413534078747, 2540877.802531469613314 ], [ 127561.597804940480273, 2540868.678839220665395 ], [ 127520.404233649023809, 2540860.042230473365635 ], [ 127494.526719915273134, 2540854.616611482109874 ], [ 127459.918056059977971, 2540847.371441158931702 ], [ 127452.050566053832881, 2540837.564915177877992 ], [ 127446.317514738941099, 2540830.418987901881337 ], [ 127441.99549786595162, 2540820.877505186013877 ], [ 127429.915110454428941, 2540780.123612469062209 ], [ 127415.086916784988716, 2540754.978730479255319 ], [ 127366.872338370245416, 2540730.516096016857773 ], [ 127338.038805145886727, 2540720.501965380273759 ], [ 127299.51474886975484, 2540703.263542398344725 ], [ 127259.898397803248372, 2540684.457050662022084 ], [ 127219.62201442400692, 2540659.30200368212536 ], [ 127201.776345614460297, 2540647.004038976039737 ], [ 127199.15951308311196, 2540645.200637763366103 ], [ 127198.632853605726268, 2540642.015986113809049 ], [ 127181.26305588032119, 2540614.45469287969172 ], [ 127178.216725298669189, 2540609.731561856810004 ], [ 127173.530408002494369, 2540606.949462971184403 ], [ 127119.737586206407286, 2540528.23711163084954 ], [ 127115.46433425869327, 2540521.984225252177566 ], [ 127095.444106149720028, 2540471.235580027103424 ], [ 127054.370136362325866, 2540383.827941911760718 ], [ 127045.109939272282645, 2540366.216319212689996 ], [ 127034.374761930666864, 2540345.799475941807032 ], [ 127012.621445039345417, 2540286.600393536500633 ], [ 127013.160565012018196, 2540215.679805484134704 ], [ 127024.081442320893984, 2540101.471295927185565 ], [ 127033.543650702282321, 2540045.610617213882506 ], [ 127035.171291290957015, 2540039.017662318889052 ], [ 127054.675915654981509, 2539960.010727141052485 ], [ 127055.577714066894259, 2539956.357898107264191 ], [ 127056.708130018378142, 2539924.140517138876021 ], [ 127058.090940517082345, 2539884.734297231305391 ], [ 127038.649791669973638, 2539841.392794824671 ], [ 126966.051883897511289, 2539791.184628046117723 ], [ 126856.489186314982362, 2539763.220185352489352 ], [ 126872.936872596328612, 2539742.589190463069826 ], [ 126684.529244155681226, 2539702.404413267038763 ], [ 126572.114569274708629, 2539687.304741743020713 ], [ 126491.815093583310954, 2539676.518896275665611 ], [ 126300.044302893627901, 2539654.048194093629718 ], [ 126297.021990475419443, 2539675.851899766363204 ], [ 126276.82607431494398, 2539674.024544292129576 ], [ 125938.604648964654189, 2539669.66193918697536 ], [ 125879.094693508814089, 2539668.894287407863885 ], [ 125772.771926903980784, 2539659.196803182829171 ], [ 125475.413182027055882, 2539632.075326279271394 ], [ 125267.238172695680987, 2539621.568993855733424 ], [ 125208.224073113524355, 2539618.590520558878779 ], [ 125130.995408227550797, 2539614.69285741308704 ], [ 125064.105973814264871, 2539611.317047571763396 ], [ 124812.343649602727965, 2539588.253140315879136 ], [ 124803.833979982882738, 2539587.47353789396584 ], [ 124582.569101781293284, 2539555.027171316090971 ], [ 124609.681220481230412, 2539520.229712313041091 ], [ 124613.900988060806412, 2539505.448120485525578 ], [ 124629.472179974312894, 2539450.902868140488863 ], [ 124620.115854810166638, 2539382.171204324346036 ], [ 124584.315899927518331, 2539316.630698609631509 ], [ 124579.575224284722935, 2539295.864099822938442 ], [ 124566.847812800086103, 2539240.111967844422907 ], [ 124550.191660542739555, 2539203.339937706943601 ], [ 124538.347883458540309, 2539142.611736343707889 ], [ 124537.698597838112619, 2539110.814478179439902 ], [ 124542.078242769697681, 2539065.660171161871403 ], [ 124580.634339534502942, 2539006.553583764936775 ], [ 124587.771961629274301, 2538966.644761453382671 ], [ 124581.138018973346334, 2538858.401970480568707 ], [ 124579.821058560744859, 2538836.914276607800275 ], [ 124555.268432453274727, 2538673.061465173494071 ], [ 124565.486273854505271, 2538674.076901742257178 ], [ 124562.55325450503733, 2538665.517250627279282 ], [ 124520.43978647509357, 2538550.401375041343272 ], [ 124505.350960823590867, 2538479.74878500495106 ], [ 124475.691897935175803, 2538405.53970749815926 ], [ 124499.436299354361836, 2538397.251244382467121 ], [ 124548.240574231254868, 2538385.651317030657083 ], [ 124612.118877392320428, 2538365.791132187470794 ], [ 124625.205395864031743, 2538357.571436773519963 ], [ 124708.050902933697216, 2538325.394909988157451 ], [ 124785.8672872777679, 2538306.575663250405341 ], [ 124812.040372002695221, 2538290.136079287622124 ], [ 124825.286146903818008, 2538283.995358824729919 ], [ 124865.873718548857141, 2538265.179305935744196 ], [ 124913.829151638434269, 2538253.747323385439813 ], [ 124970.631809297308791, 2538237.010771650355309 ], [ 125032.593197268550284, 2538218.754289550706744 ], [ 125039.028312436304986, 2538209.344897451810539 ], [ 125030.941769756376743, 2538167.072182034142315 ], [ 125123.496081199671607, 2537974.864382662810385 ], [ 125153.8837617651443, 2537878.48677584156394 ], [ 125204.506666065601166, 2537810.761397654656321 ], [ 125269.533291894360445, 2537704.34923809627071 ], [ 125263.819496948621236, 2537697.061452216468751 ], [ 125297.04477499879431, 2537636.566724300384521 ], [ 125295.89553372253431, 2537580.259488828014582 ], [ 125292.770969406119548, 2537560.384411113802344 ], [ 125284.471672580169979, 2537507.594069504644722 ], [ 125283.795639024756383, 2537474.47210198501125 ], [ 125289.811722235579509, 2537444.527172496542335 ], [ 125344.184013029502239, 2537397.691124773118645 ], [ 125384.290974584058858, 2537363.143281339202076 ], [ 125409.250186581979506, 2537337.324651242699474 ], [ 125456.58525575773092, 2537300.29067945247516 ], [ 125497.127891961194109, 2537211.659854817669839 ], [ 125513.918740844645072, 2537159.366594599094242 ], [ 125531.399034247267991, 2537104.926293896045536 ], [ 125533.224243216391187, 2537031.990600235760212 ], [ 125554.990267224959098, 2536961.961522536352277 ], [ 125583.177883906872012, 2536881.860750779509544 ], [ 125585.746703770768363, 2536845.359163510147482 ], [ 125620.423613844206557, 2536758.49897041823715 ], [ 125662.3330630355631, 2536701.313193002715707 ], [ 125697.753441110253334, 2536650.887085210997611 ], [ 125712.760150742542464, 2536574.368924731854349 ], [ 125715.428580327250529, 2536480.247130402363837 ], [ 125659.090522407437675, 2536379.963698097039014 ], [ 125601.431987176532857, 2536314.868648038245738 ], [ 125556.954624092730228, 2536246.191093781962991 ], [ 125557.980849986197427, 2536209.486108033917844 ], [ 125551.615365876525175, 2536146.892991855740547 ], [ 125553.035809807479382, 2536054.084205214865506 ], [ 125594.675397504295688, 2535983.64994975226 ], [ 125679.519848566269502, 2535901.347764097619802 ], [ 125803.491192422166932, 2535806.039370580110699 ], [ 125887.310956720029935, 2535691.66889164596796 ], [ 125951.055110542918555, 2535567.767211248166859 ], [ 125968.428857888036873, 2535444.811239012051374 ], [ 125966.60512438666774, 2535355.382467963267118 ], [ 125966.125785437587183, 2535229.453507465310395 ], [ 125973.155377521237824, 2535219.473292852751911 ], [ 125987.939686399651691, 2535192.898406685795635 ], [ 126016.114946684334427, 2535142.252926343586296 ], [ 126028.764024295727722, 2535129.851990141905844 ], [ 126058.767234329425264, 2535090.169848661869764 ], [ 126113.060686527227517, 2535048.770026693120599 ], [ 126154.505497443431523, 2535001.270064752548933 ], [ 126179.208140028174967, 2534964.714967488776892 ], [ 126167.18297818209976, 2534894.978028209414333 ], [ 126163.405289992224425, 2534878.532108234707266 ], [ 126143.910429214127362, 2534793.660241849720478 ], [ 126072.186348802177235, 2534633.624167686328292 ], [ 126057.262443132291082, 2534600.324761349242181 ], [ 125999.77096818422433, 2534484.859845403581858 ], [ 125962.221968165889848, 2534411.401611553970724 ], [ 125864.858895678131375, 2534349.650495935697109 ], [ 125729.392339880752843, 2534329.200163938105106 ], [ 125384.383463974634651, 2534361.681522055063397 ], [ 125071.493232232693117, 2534498.904387490358204 ], [ 125056.02375938964542, 2534445.166421337518841 ], [ 124998.986831315851305, 2534300.001501078251749 ], [ 124964.314905490668025, 2534211.63928843755275 ], [ 124941.382244956505019, 2534138.461403858847916 ], [ 124936.073393618105911, 2534118.82067255070433 ], [ 124883.443510953395162, 2533924.109997125342488 ], [ 124875.490820414561313, 2533897.232185625005513 ], [ 124897.738957477442455, 2533891.577941168565303 ], [ 124944.542596992803738, 2533885.852461706846952 ], [ 124982.456190956232604, 2533873.150788849685341 ], [ 124998.323324738710653, 2533832.269176533911377 ], [ 125006.841840617125854, 2533781.994202544912696 ], [ 125019.253895023663063, 2533727.663724097423255 ], [ 125017.179073219303973, 2533664.880616722162813 ], [ 125011.298610848898534, 2533606.208196193445474 ], [ 125035.092036919202656, 2533568.289125598967075 ], [ 125087.39368513901718, 2533531.051327403169125 ], [ 125096.747108001087327, 2533517.385773509275168 ], [ 125176.581698745023459, 2533400.746244568377733 ], [ 125203.02821905456949, 2533351.403461224399507 ], [ 125222.549338368582539, 2533314.982009960338473 ], [ 125252.942643448361196, 2533245.440270978957415 ], [ 125390.907602425839286, 2533281.835637107025832 ], [ 125402.1929453992052, 2533284.812737511470914 ], [ 125610.169448189728428, 2533344.195168977137655 ], [ 125805.27888703357894, 2533292.504135791677982 ], [ 125962.761157353932504, 2533219.747861847281456 ], [ 126057.386717567860615, 2533176.031335236039013 ], [ 126082.912184762011748, 2533127.796142605599016 ], [ 126082.502163471246604, 2533052.54797331104055 ], [ 126188.849727808381431, 2533039.75345486914739 ], [ 126206.178589354909491, 2532938.616408984176815 ], [ 126202.723428349359892, 2532769.033084815368056 ], [ 126200.672153156017885, 2532668.342986933421344 ], [ 126185.857981677225325, 2532591.770433001220226 ], [ 126184.137850276078098, 2532577.509796269237995 ], [ 126176.289397363201715, 2532512.440290360711515 ], [ 126174.831896334944759, 2532440.897247376386076 ], [ 126180.540561906120274, 2532366.032687392551452 ], [ 126181.107862067117821, 2532358.593374091666192 ], [ 126192.73732258065138, 2532278.831289862282574 ], [ 126195.44605873117689, 2532151.535859699361026 ], [ 126187.048760415287688, 2532119.204260553698987 ], [ 126181.063917357183527, 2532096.161148944403976 ], [ 126137.804607290658168, 2532054.628901347517967 ], [ 126019.950956307991873, 2532020.977572302799672 ], [ 125904.850961529940832, 2532120.775454654823989 ], [ 125873.90328233706532, 2532106.840417412109673 ], [ 125757.504625674628187, 2532086.016424272209406 ], [ 125664.202698015724309, 2532112.43710269825533 ], [ 125555.790677267184947, 2532099.800491139758378 ], [ 125467.97191203100374, 2532057.054869575891644 ], [ 125435.786414985370357, 2532038.624279514886439 ], [ 125424.755593922513071, 2532017.642222506925464 ], [ 125418.725129084603395, 2531992.449869179166853 ], [ 125416.751592490822077, 2531984.205546994693577 ], [ 125406.883797849295661, 2531955.247110013384372 ], [ 125406.3711338986177, 2531930.074469976127148 ], [ 125407.237248743535019, 2531907.524520087055862 ], [ 125408.130334826884791, 2531886.29955241875723 ], [ 125416.222679047554266, 2531846.180763608310372 ], [ 125424.374601382936817, 2531829.643661865498871 ], [ 125435.800880368973594, 2531800.355875570327044 ], [ 125440.435658985748887, 2531781.887872750870883 ], [ 125492.23778177209897, 2531681.51798319676891 ], [ 125503.538183050462976, 2531659.623027033172548 ], [ 125560.459615040279459, 2531525.921156754717231 ], [ 125608.456155460560694, 2531442.104777921922505 ], [ 125600.753111373982392, 2531376.472960015293211 ], [ 125596.428799358720426, 2531339.629090271424502 ], [ 125564.745216476381756, 2531280.305989787913859 ], [ 125489.636891404399648, 2531139.676131896208972 ], [ 125457.197101569676306, 2531011.107554259710014 ], [ 125442.221201976528391, 2531013.364936026278883 ], [ 125430.168028254876845, 2530822.784509634133428 ], [ 125426.777137711353134, 2530720.107484955340624 ], [ 125421.528962595679332, 2530561.188548192381859 ], [ 125401.933916292386129, 2530412.476906474679708 ], [ 125404.282144862168934, 2530332.00691019743681 ], [ 125442.295752322708722, 2530279.112619476858526 ], [ 125491.102219822001643, 2530235.042863452807069 ], [ 125535.787532073038165, 2530151.294318349566311 ], [ 125510.6472420275677, 2530055.712528795003891 ], [ 125424.741471110028215, 2529905.036886272951961 ], [ 125324.643487688619643, 2529708.259812245611101 ], [ 125162.624757904268336, 2529562.44619017187506 ], [ 125063.720770318817813, 2529470.554648057557642 ], [ 125057.924456064589322, 2529465.169329391792417 ], [ 125002.287345834774897, 2529441.963983937632293 ], [ 124950.64666721544927, 2529420.425377633888274 ], [ 124944.298528956831433, 2529417.777721888851374 ], [ 124831.616032585443463, 2529416.756991112139076 ], [ 124766.11312211578479, 2529454.53929290920496 ], [ 124756.137791910383385, 2529452.185500421561301 ], [ 124721.704219018691219, 2529453.548891690094024 ], [ 124694.570987022423651, 2529455.426419198978692 ], [ 124671.04849792458117, 2529439.33714911295101 ], [ 124609.997911836660933, 2529402.804574348963797 ], [ 124525.003032735490706, 2529394.593267955351621 ], [ 124483.014770239999052, 2529393.755136484280229 ], [ 124442.792567788681481, 2529392.952396298293024 ], [ 124220.996330757567193, 2529362.377219269517809 ], [ 124194.238544221851043, 2529358.688526544719934 ], [ 124002.807138218195178, 2529330.773119149263948 ], [ 123779.146622742468026, 2529282.306334713473916 ], [ 123737.439924663689453, 2529273.006146050989628 ], [ 123730.830744332401082, 2529271.532373433932662 ], [ 123539.479290277988184, 2529228.863168105017394 ], [ 123506.481662624457385, 2529215.450525261927396 ], [ 123479.167543170042336, 2529204.348053026013076 ], [ 123334.630810564209241, 2529145.59758881945163 ], [ 123328.312201060936786, 2529143.029230038635433 ], [ 123154.835237598686945, 2529085.588090226054192 ], [ 123026.943892349547241, 2529053.728351650293916 ], [ 122878.554713059565984, 2529056.747319368645549 ], [ 122828.704164598311763, 2529063.858504777774215 ], [ 122770.182044128887355, 2529072.206765743903816 ], [ 122662.618045567593072, 2529127.413382108788937 ], [ 122599.617264778295066, 2529201.056596522219479 ], [ 122570.203948503476568, 2529232.713976468890905 ], [ 122549.181612781307194, 2529263.331391200888902 ], [ 122543.826934980868828, 2529322.740492776967585 ], [ 122542.336024435877334, 2529339.282569816801697 ], [ 122564.990314165363088, 2529410.396286393515766 ], [ 122620.966869102034252, 2529468.271458447910845 ], [ 122635.39516819792334, 2529483.189269214402884 ], [ 122754.8616288289777, 2529536.363107628189027 ], [ 122811.954279553261586, 2529561.774634814355522 ], [ 122958.063621271343436, 2529707.25190562941134 ], [ 122975.361939911323134, 2529747.088714692275971 ], [ 122990.750042764761019, 2529782.526297087781131 ], [ 123047.063534857181367, 2529912.211151862051338 ], [ 123089.11828190338565, 2529988.670934312045574 ], [ 123107.624195975018665, 2530022.31644043000415 ], [ 123170.241540674294811, 2530103.219908016733825 ], [ 123175.972279586829245, 2530112.66977302916348 ], [ 123230.586594699183479, 2530202.725833375472575 ], [ 123250.067578197398689, 2530262.35043638991192 ], [ 123256.592144484631717, 2530308.23240589350462 ], [ 123225.549754451669287, 2530345.976836788468063 ], [ 123149.298739069898147, 2530376.688778633717448 ], [ 123081.300151573377661, 2530405.088104332797229 ], [ 123076.752557843108661, 2530403.9860724885948 ], [ 123068.907558193313889, 2530402.003449823707342 ], [ 123000.832662060449366, 2530399.138039482291788 ], [ 122984.005928539205343, 2530398.429817724041641 ], [ 122695.608403023798019, 2530425.507474065292627 ], [ 122632.326781493320595, 2530432.487535839900374 ], [ 122489.300456868251786, 2530448.263421939220279 ], [ 122351.671873661514837, 2530459.017756800632924 ], [ 122271.32498187670717, 2530469.773961521219462 ], [ 122006.938597430416849, 2530510.202659237664193 ], [ 122000.162631670187693, 2530511.238830167800188 ], [ 121887.203301607456524, 2530530.26146915461868 ], [ 121839.00868322054157, 2530538.377575005404651 ], [ 121720.467686622578185, 2530575.25277605978772 ], [ 121630.80491412099218, 2530598.285355831496418 ], [ 121622.578616964514367, 2530599.763415978290141 ], [ 121520.71331175143132, 2530624.374422522261739 ], [ 121448.775490818661638, 2530641.755055284593254 ], [ 121397.284187828830909, 2530662.171458358876407 ], [ 121272.584970250725746, 2530711.615274938289076 ], [ 121218.96380976337241, 2530723.267296764068305 ], [ 121137.982623456744477, 2530740.86485041026026 ], [ 121038.965385159710422, 2530751.325751833617687 ], [ 121013.655779736931436, 2530753.999695349484682 ], [ 120898.197043790365569, 2530769.616277345456183 ], [ 120859.696948007214814, 2530774.823723280336708 ], [ 120759.863805890083313, 2530788.326890622265637 ], [ 120676.962286046473309, 2530814.951798222027719 ], [ 120663.645886712300126, 2530819.228543494362384 ], [ 120579.78811589180259, 2530846.160551062785089 ], [ 120530.729317513818387, 2530861.916399959474802 ], [ 120422.732647140219342, 2530895.926689879503101 ], [ 120303.543024989950936, 2530901.004176795482635 ], [ 120285.9916808065027, 2530902.211984477937222 ], [ 120200.194293389969971, 2530908.116063630674034 ], [ 120139.413590280979406, 2530912.298714907374233 ], [ 120025.199686024978291, 2530901.36929652094841 ], [ 119950.625786945282016, 2530884.330767055042088 ], [ 119871.075863736623432, 2530883.299264165107161 ], [ 119854.594920805364382, 2530894.072485298849642 ], [ 119829.217513411596883, 2530910.661170502658933 ], [ 119803.959662688372191, 2530972.14762772899121 ], [ 119767.124714007717557, 2531142.604676913935691 ], [ 119749.500326342240442, 2531239.943889330606908 ], [ 119778.103372195269912, 2531342.749286620877683 ], [ 119804.121530699892901, 2531369.393377363216132 ], [ 119818.714770837454125, 2531384.337741973809898 ], [ 119836.48565020452952, 2531386.022499564103782 ], [ 120054.822574674675707, 2531392.784691833890975 ], [ 120088.188754970615264, 2531393.198990260716528 ], [ 120216.572111708926968, 2531394.792922141030431 ], [ 120321.544484120735433, 2531380.374375722371042 ], [ 120375.185962293297052, 2531373.006381244398654 ], [ 120403.423761556565296, 2531364.181079139467329 ], [ 120456.845815561653581, 2531347.484944425988942 ], [ 120560.513948399806395, 2531361.279729886911809 ], [ 120600.154279796523042, 2531374.369089417159557 ], [ 120696.627649182861205, 2531406.225143347866833 ], [ 120787.747764946951065, 2531454.737644732464105 ], [ 120820.65981139842188, 2531499.603587766643614 ], [ 120858.640381333010737, 2531551.379082815721631 ], [ 120956.571155042096507, 2531673.979102700948715 ], [ 121062.289554705261253, 2531788.46759292576462 ], [ 121129.722836588218343, 2531845.414936673361808 ], [ 121188.774889657855965, 2531881.325477018486708 ], [ 121245.231143151351716, 2531919.939657893031836 ], [ 121257.694315259403083, 2531950.753993669524789 ], [ 121271.805117226147559, 2531985.705640680622309 ], [ 121275.551636664837133, 2532013.464123552199453 ], [ 121269.564413409505505, 2532031.877607699017972 ], [ 121247.61342025216436, 2532047.43507877131924 ], [ 121220.049216815095861, 2532060.720941188279539 ], [ 121193.880599351832643, 2532064.435126158408821 ], [ 121098.712178610847332, 2532057.972305970266461 ], [ 121075.241603160277009, 2532056.378474361263216 ], [ 120930.002569095580839, 2532061.558143011294305 ], [ 120779.770906470483169, 2532104.382279488258064 ], [ 120608.016349383920897, 2532131.739264753181487 ], [ 120570.981417222239543, 2532134.966906999703497 ], [ 120488.93478962383233, 2532142.117756051942706 ], [ 120434.009617614152376, 2532142.23770549800247 ], [ 120343.138773252081592, 2532142.436371786519885 ], [ 120260.831333806389011, 2532136.160071936901659 ], [ 120194.153010905080009, 2532116.310466526076198 ], [ 120093.35032885777764, 2532113.06177099654451 ], [ 120069.702051833097357, 2532117.194622182287276 ], [ 119990.329551311733667, 2532131.065932482015342 ], [ 119890.336296735797077, 2532167.565256158355623 ], [ 119783.09508860274218, 2532238.674881378654391 ], [ 119747.527533442538697, 2532310.077835989184678 ], [ 119699.049947463150602, 2532407.397936761844903 ], [ 119676.604674485104624, 2532476.78031590115279 ], [ 119673.922753530787304, 2532492.328059027902782 ], [ 119662.378969991928898, 2532559.250255798455328 ], [ 119648.585095907037612, 2532662.919128475245088 ], [ 119610.672454862797167, 2532753.824576312210411 ], [ 119561.836580236034933, 2532829.046703400555998 ], [ 119431.826521185575984, 2532953.640474607702345 ], [ 119335.076800460286904, 2533019.235210099257529 ], [ 119300.162721835193224, 2533031.247622248716652 ], [ 119261.366200949705672, 2533044.595805150456727 ], [ 119182.517745857010596, 2533078.014298070687801 ], [ 119119.653869269124698, 2533104.876954773906618 ], [ 119087.440927473653574, 2533104.760259804781526 ], [ 119037.206190121534746, 2533102.182920138351619 ], [ 119020.928903873253148, 2533083.957687312271446 ], [ 119020.010949053685181, 2533038.909743019845337 ], [ 119039.590422104811296, 2532958.981218606699258 ], [ 119032.898124703671783, 2532870.944622933398932 ], [ 119032.346923481964041, 2532863.693382812198251 ], [ 118987.681277970725205, 2532753.262199413497001 ], [ 118982.926220588036813, 2532721.519267532043159 ], [ 118963.135113214259036, 2532589.401211887598038 ], [ 118949.728388597373851, 2532451.823030728846788 ], [ 118942.512420978047885, 2532401.423737695906311 ], [ 118931.184117854805663, 2532322.30250484123826 ], [ 118906.800365153932944, 2532166.391083215828985 ], [ 118897.986981834052131, 2532124.154792733490467 ], [ 118855.599324923823588, 2531865.221518070437014 ], [ 118848.648346468457021, 2531825.446890832390636 ], [ 118823.212526521994732, 2531706.821901418268681 ], [ 118776.167631724732928, 2531609.693463367410004 ], [ 118763.070062681857962, 2531605.621948315296322 ], [ 118728.145899152150378, 2531594.765517961699516 ], [ 118672.349592182959896, 2531611.012882546987385 ], [ 118659.626431471318938, 2531614.717764463741332 ], [ 118327.569045159209054, 2531841.512777438387275 ], [ 118235.740157042688224, 2531888.450122209265828 ], [ 118191.983164101431612, 2531914.844103098381311 ], [ 118149.318894705385901, 2531940.5792156890966 ], [ 118023.904509728134144, 2532030.616771581117064 ], [ 118000.533552275272086, 2532052.258744440507144 ], [ 117993.803436057525687, 2532058.491016284562647 ], [ 117883.400461637997068, 2532160.726844392251223 ], [ 117815.85220449679764, 2532228.377909226343036 ], [ 117794.507623198034707, 2532250.928212542552501 ], [ 117787.15392327553127, 2532258.697372309397906 ], [ 117760.71278176526539, 2532257.502115183509886 ], [ 117722.100781462446321, 2532260.292156183160841 ], [ 117683.24846028565662, 2532252.817738785874099 ], [ 117660.579622925899457, 2532239.001581338234246 ], [ 117650.076512641448062, 2532222.933925677090883 ], [ 117639.450516952609178, 2532200.857023691292852 ], [ 117626.37238467251882, 2532158.290093222167343 ], [ 117625.090631696279161, 2532153.304886257275939 ], [ 117617.531116455676965, 2532123.903175889514387 ], [ 117606.533068389457185, 2532083.548235740978271 ], [ 117593.373337872617412, 2532036.975353905465454 ], [ 117582.497881299350411, 2532002.630007090047002 ], [ 117578.173282191448379, 2531998.48508365964517 ], [ 117563.816240637388546, 2531984.724704680964351 ], [ 117541.397367612575181, 2531983.177201824262738 ], [ 117514.174946245446336, 2531987.316643019672483 ], [ 117510.963549836655147, 2531987.804996435064822 ], [ 117476.379424314189237, 2531988.509517841041088 ], [ 117382.312246116169263, 2531998.535434701479971 ], [ 117326.167971773073077, 2532007.850378991104662 ], [ 117236.915232635627035, 2532023.94649337651208 ], [ 117180.243743614235427, 2532039.378371867351234 ], [ 117131.872741967614274, 2532062.656992448028177 ], [ 117089.604972447908949, 2532085.811082099564373 ], [ 117039.449680445948616, 2532121.40030659083277 ], [ 117017.48959478805773, 2532142.38731027347967 ], [ 116989.253315232752357, 2532154.98597899498418 ], [ 116968.955413682910148, 2532157.653813479468226 ], [ 116944.415512508596294, 2532151.891321471426636 ], [ 116928.059075106866658, 2532148.216658500954509 ], [ 116903.605802002013661, 2532146.711014398839325 ], [ 116877.199768690101337, 2532149.252619750332087 ], [ 116852.20529334602179, 2532167.296054613776505 ], [ 116832.897402606729884, 2532172.448433564044535 ], [ 116826.080019654822536, 2532170.683836883399636 ], [ 116818.543793375953101, 2532168.733118755742908 ], [ 116808.081254283722956, 2532154.668331271503121 ], [ 116799.449152864224743, 2532130.546788460575044 ], [ 116794.844946635712404, 2532102.367255279794335 ], [ 116798.454772946541198, 2532081.721993088722229 ], [ 116808.335904246254358, 2532067.242947097867727 ], [ 116830.536252138961572, 2532056.5206986553967 ], [ 116840.376337377238087, 2532040.038474516943097 ], [ 116840.126529119559564, 2532027.769495905376971 ], [ 116833.73789726360701, 2532013.872356244828552 ], [ 116797.00111461780034, 2532010.362459050957114 ], [ 116780.195806912204716, 2532010.70469012344256 ], [ 116768.520126124669332, 2532010.942564423196018 ], [ 116756.191409745020792, 2532005.181698949541897 ], [ 116755.859860159165692, 2531988.906949591822922 ], [ 116759.515475141000934, 2531968.542844294104725 ], [ 116765.159067775530275, 2531945.885825919918716 ], [ 116791.071085457981098, 2531919.054911873769015 ], [ 116800.824678064615, 2531898.316323359496891 ], [ 116802.446060556103475, 2531877.993696245364845 ], [ 116801.824086440319661, 2531847.446757530793548 ], [ 116787.697570287738927, 2531812.464189191348851 ], [ 116779.415555542218499, 2531791.954763250425458 ], [ 116778.247398252016865, 2531789.062246603425592 ], [ 116778.437464354850817, 2531780.824338076170534 ], [ 116755.652186253108084, 2531724.399291483685374 ], [ 116756.733040482737124, 2531677.53603337565437 ], [ 116762.254731501452625, 2531648.867943288292736 ], [ 116777.494825225905515, 2531597.70864741364494 ], [ 116794.672810343734454, 2531540.247264423873276 ], [ 116807.628525936626829, 2531476.860410179011524 ], [ 116816.933737634040881, 2531434.087877989280969 ], [ 116832.504895109101199, 2531399.203457593452185 ], [ 116846.536451161256991, 2531388.647852363996208 ], [ 116858.661327812937088, 2531384.393023695331067 ], [ 116895.320698432216886, 2531385.650324901565909 ], [ 116940.117647698090877, 2531386.742008695844561 ], [ 116964.4892862077686, 2531384.242051648907363 ], [ 116970.47002168308245, 2531378.108269574586302 ], [ 116976.511766132258344, 2531368.382459640037268 ], [ 116963.008303292503115, 2531365.982671367470175 ], [ 116907.952870874025393, 2531360.841489835176617 ], [ 116852.943338566634338, 2531357.953739947639406 ], [ 116842.440080968372058, 2531341.886307736858726 ], [ 116841.899588709115051, 2531315.345161492470652 ], [ 116841.454102439281996, 2531293.467717048246413 ], [ 116861.417411610251293, 2531274.368515253998339 ], [ 116889.567353985854425, 2531257.513758161570877 ], [ 116895.911802523711231, 2531243.106824663933367 ], [ 116903.186012622783892, 2531226.676986782345921 ], [ 116900.488571958383545, 2531194.168546438682824 ], [ 116884.259829280956183, 2531096.808567349333316 ], [ 116875.046799400239252, 2531044.143363946583122 ], [ 116864.334417379286606, 2531017.809810823295265 ], [ 116858.438627562019974, 2531013.702701080590487 ], [ 116841.62509239843348, 2531001.990243362262845 ], [ 116810.946257460280322, 2530994.599204401019961 ], [ 116805.218709818669595, 2530994.715990003198385 ], [ 116792.605627907672897, 2530994.972354524768889 ], [ 116782.123276243102737, 2530996.171055077575147 ], [ 116749.965338670182973, 2530999.848553861025721 ], [ 116703.256242218369152, 2531004.807552726007998 ], [ 116644.468472480541095, 2531016.274104757700115 ], [ 116589.79006398312049, 2531029.661746034398675 ], [ 116547.440311719488818, 2531048.809427752625197 ], [ 116540.170442726346664, 2531052.619921079371125 ], [ 116507.165607489878312, 2531069.919212630949914 ], [ 116409.015701562224422, 2531147.31472243508324 ], [ 116342.146768439968582, 2531194.209351436700672 ], [ 116316.68235043756431, 2531212.067383654415607 ], [ 116294.750313494820148, 2531225.755023585632443 ], [ 116252.372494041395839, 2531252.202906963415444 ], [ 116209.981890171766281, 2531269.347821101080626 ], [ 116155.257498428283725, 2531280.481664022896439 ], [ 116059.600625292572659, 2531280.42557111941278 ], [ 115986.081011251779273, 2531281.922275952529162 ], [ 115980.259488571027759, 2531282.041000371798873 ], [ 115927.3342293430469, 2531283.118790933396667 ], [ 115888.808420066488907, 2531290.165182970929891 ], [ 115876.892662697355263, 2531304.686000764835626 ], [ 115875.434634124627337, 2531333.021273563150316 ], [ 115882.118826470803469, 2531361.440652721561491 ], [ 115889.874232258065604, 2531382.048726040869951 ], [ 115895.02876197360456, 2531395.745575553737581 ], [ 115899.638016267679632, 2531422.203505528625101 ], [ 115898.266607003344689, 2531454.795490325894207 ], [ 115899.051573656208348, 2531493.354614651761949 ], [ 115887.508269424724858, 2531526.153449723962694 ], [ 115873.930418397358153, 2531558.993657807353884 ], [ 115866.496315515192691, 2531593.712514187209308 ], [ 115859.149202409142163, 2531632.688311379402876 ], [ 115849.390385710925329, 2531653.176769721787423 ], [ 115829.877659055811819, 2531694.403976771049201 ], [ 115824.562046444800217, 2531712.903130382765085 ], [ 115822.275630506686866, 2531720.860140829812735 ], [ 115815.621373323549051, 2531727.758847900200635 ], [ 115806.331877976364922, 2531737.466825645416975 ], [ 115788.149919532530475, 2531744.099170944653451 ], [ 115725.369187791657168, 2531759.405302147381008 ], [ 115658.484284851816483, 2531773.041600826196373 ], [ 115617.878077955101617, 2531777.876257820054889 ], [ 115593.34292635472957, 2531772.364464600104839 ], [ 115578.689138175512198, 2531752.372811920940876 ], [ 115560.578312560683116, 2531707.152632129378617 ], [ 115535.904622257687151, 2531645.756683452520519 ], [ 115505.761097767041065, 2531570.749534979928285 ], [ 115476.157776139094494, 2531516.244242129381746 ], [ 115455.564202839974314, 2531504.389920072164387 ], [ 115429.035256548086181, 2531500.922404988668859 ], [ 115390.381776421505492, 2531501.709112458862364 ], [ 115353.722065563313663, 2531500.452141079585999 ], [ 115290.777897603693418, 2531507.74555473215878 ], [ 115239.918050692416728, 2531508.781219068914652 ], [ 115199.148421317629982, 2531505.603366264142096 ], [ 115182.750883291650098, 2531499.92571339244023 ], [ 115170.212905395776033, 2531483.898935383651406 ], [ 115162.389979839499574, 2531447.236334152054042 ], [ 115159.72299402958015, 2531434.709166035056114 ], [ 115138.707818983995821, 2531335.999379793647677 ], [ 115131.8959996458143, 2531301.319660933688283 ], [ 115121.323670964920893, 2531295.813098680227995 ], [ 115116.412414357124362, 2531293.255068847443908 ], [ 115113.382383109361399, 2531291.676886654924601 ], [ 115088.969837510783691, 2531292.173815500922501 ], [ 115072.48550011968473, 2531282.239493230357766 ], [ 115065.897325969475787, 2531260.080006123986095 ], [ 115059.172061364981346, 2531229.656928944867104 ], [ 115055.77079411566956, 2531221.119520637206733 ], [ 115040.196373759303242, 2531182.027985053136945 ], [ 115030.940786514955107, 2531150.846707297489047 ], [ 115017.272897208458744, 2531116.540374347940087 ], [ 114997.795127858058549, 2531050.306118594948202 ], [ 114989.837036124721635, 2530968.557131060864776 ], [ 114985.029654965444934, 2530950.009452275466174 ], [ 114982.171858777524903, 2530947.646906897891313 ], [ 114978.056945773540065, 2530944.245264666154981 ], [ 114959.456579400051851, 2530930.345844035036862 ], [ 114944.227865627617575, 2530925.33659675437957 ], [ 114940.096029766486026, 2530923.977398163173348 ], [ 114930.770992491568904, 2530920.910165594890714 ], [ 114910.218063361826353, 2530911.058525688480586 ], [ 114893.733916288299952, 2530901.123752801679075 ], [ 114870.983172558306251, 2530883.301186386495829 ], [ 114856.288927681918722, 2530861.306800178717822 ], [ 114847.529298793058842, 2530830.92509144730866 ], [ 114845.353711166302674, 2530814.095395028591156 ], [ 114835.450484098400921, 2530737.486742987297475 ], [ 114818.355338290566579, 2530597.559267587028444 ], [ 114774.930215197557118, 2530463.929080124944448 ], [ 114767.024141027708538, 2530444.466637773904949 ], [ 114752.335204629169311, 2530399.264886389486492 ], [ 114741.995800957898609, 2530373.812144447583705 ], [ 114724.481135693611577, 2530330.695946132298559 ], [ 114713.664981928071938, 2530314.634475189261138 ], [ 114709.786784750467632, 2530308.701372686773539 ], [ 114691.594825955457054, 2530268.862856134772301 ], [ 114709.635684176813811, 2530251.606639306992292 ], [ 114793.834884367359336, 2530207.571538032498211 ], [ 114867.192560951982159, 2530164.721666910685599 ], [ 114915.052572605607565, 2530131.353932736907154 ], [ 114953.278894271526951, 2530149.562428689561784 ], [ 114969.911933047696948, 2530165.513439622707665 ], [ 114975.375146819511428, 2530170.752525167539716 ], [ 115008.270619812654331, 2530202.299151958432049 ], [ 115016.233171392523218, 2530262.755915163550526 ], [ 115026.810939645394683, 2530287.681421629153192 ], [ 115052.935483637498692, 2530312.73463015537709 ], [ 115055.123351875226945, 2530329.346348511986434 ], [ 115060.898087128996849, 2530373.1913849003613 ], [ 115089.248528947588056, 2530439.996367387473583 ], [ 115129.686075684207026, 2530439.173073052428663 ], [ 115210.667555869673379, 2530444.288088310044259 ], [ 115264.594912878179457, 2530443.1901381816715 ], [ 115324.568365210550837, 2530408.403573913499713 ], [ 115411.346620439784601, 2530366.057590660173446 ], [ 115438.019493050291203, 2530351.988261233549565 ], [ 115463.596370587358251, 2530284.085723431315273 ], [ 115536.508859207911883, 2530221.982809946406633 ], [ 115555.494186565105338, 2530160.977899828460068 ], [ 115587.800302587915212, 2530092.938413294032216 ], [ 115640.218832737824414, 2530017.726166698150337 ], [ 115665.658430720330216, 2529943.063233798369765 ], [ 115725.351380429172423, 2529894.505624189041555 ], [ 115742.765633759379853, 2529879.37226076098159 ], [ 115765.105975556885824, 2529860.130857086274773 ], [ 115757.519963197410107, 2529819.705746726598591 ], [ 115717.175277997856028, 2529732.288878354243934 ], [ 115715.600836194353178, 2529723.899216876365244 ], [ 115712.855758676945698, 2529709.270659813657403 ], [ 115663.493032514408696, 2529602.313798163551837 ], [ 115601.196231851237826, 2529522.923796927090734 ], [ 115491.177619764814153, 2529417.20123427733779 ], [ 115417.395087273034733, 2529328.278990164864808 ], [ 115400.768958652450237, 2529281.647600614000112 ], [ 115395.721158896980342, 2529267.472581699024886 ], [ 115382.304500392521732, 2529201.093239482026547 ], [ 115375.926302855077665, 2529148.202019659336656 ], [ 115371.257966667762958, 2529114.493042785674334 ], [ 115367.807641742576379, 2529094.918258485384285 ], [ 115365.394197666668333, 2529081.225892649963498 ], [ 115352.982993448502384, 2529010.813900848384947 ], [ 115348.294212836481165, 2528924.763845758046955 ], [ 115366.539243496954441, 2528881.197739927563816 ], [ 115374.004546536889393, 2528863.371486558578908 ], [ 115373.184240956441499, 2528823.05918101593852 ], [ 115366.653586405445822, 2528816.759849178604782 ], [ 115359.450777152844239, 2528809.812090205494314 ], [ 115326.353739221056458, 2528760.06875433633104 ], [ 115329.341027167800348, 2528752.935820464510471 ], [ 115328.520754013850819, 2528712.623390812892467 ], [ 115314.787266239989549, 2528699.376319411210716 ], [ 115266.113054746005218, 2528626.220975011121482 ], [ 115222.92316773958737, 2528578.935230540577322 ], [ 115217.819723735447042, 2528573.347825648728758 ], [ 115218.425257582450286, 2528568.390591979026794 ], [ 115223.61745344119845, 2528525.887153265066445 ], [ 115196.500950479065068, 2528519.675237375311553 ], [ 115175.04956044186838, 2528459.492772934958339 ], [ 115147.418936038389802, 2528426.489260607399046 ], [ 115125.555365256208461, 2528346.025044674985111 ], [ 115098.057283216272481, 2528319.531242523808032 ], [ 115043.886168248718604, 2528307.106523199006915 ], [ 114947.463709815114271, 2528207.869380990508944 ], [ 114832.366183687350713, 2528183.407450199592859 ], [ 114730.72200240805978, 2528158.421763890888542 ], [ 114621.798726947919931, 2528080.131184658966959 ], [ 114573.266906143981032, 2528040.385617752093822 ], [ 114573.813429728557821, 2528031.857903598807752 ], [ 114578.351187125372235, 2527959.373251980170608 ], [ 114596.650340719672386, 2527864.565702607389539 ], [ 114603.970470050175209, 2527760.791196251753718 ], [ 114605.200248520413879, 2527743.357232769951224 ], [ 114607.071558946801815, 2527716.830037044361234 ], [ 114645.781575919594616, 2527627.602873979602009 ], [ 114697.758078908897005, 2527532.11032713484019 ], [ 114723.064530853647739, 2527497.027714541181922 ], [ 114796.113117686996702, 2527395.345833533909172 ], [ 114888.527809755993076, 2527299.031037265900522 ], [ 115028.002794623316731, 2527194.996847175061703 ], [ 115049.183910759631544, 2527241.909156393259764 ], [ 115103.762112479365896, 2527274.365462905261666 ], [ 115176.231207635602914, 2527254.169213437940925 ], [ 115338.395216876175255, 2527208.97605480439961 ], [ 115365.403625485196244, 2527208.426844165660441 ], [ 115416.301884440297727, 2527207.391958795953542 ], [ 115425.999597331916448, 2527207.194770107977092 ], [ 115472.785285518097226, 2527185.954003975261003 ], [ 115509.05999146529939, 2527185.216522285249084 ], [ 115580.608051896677352, 2527183.761785371229053 ], [ 115588.299364633683581, 2527230.948103143367916 ], [ 115618.669736851821654, 2527294.332041249610484 ], [ 115623.483286219008733, 2527304.378013133537024 ], [ 115632.068962606834248, 2527335.907805643975735 ], [ 115634.348154326551594, 2527344.277939321473241 ], [ 115653.666199312719982, 2527384.595334429759532 ], [ 115668.145467226568144, 2527414.813931002281606 ], [ 115682.729720800416544, 2527468.37289622426033 ], [ 115687.188357416947838, 2527483.498598090838641 ], [ 115704.468337323924061, 2527542.104841392952949 ], [ 115718.254744077217765, 2527572.639216199982911 ], [ 115750.548757494601887, 2527584.84836810734123 ], [ 115804.750449346145615, 2527597.272595916874707 ], [ 115844.638072581961751, 2527569.408463629428297 ], [ 115925.344192495103925, 2527561.004316798876971 ], [ 116006.219058189308271, 2527559.359678344801068 ], [ 116039.245019753230736, 2527525.122684060130268 ], [ 116099.044761382800061, 2527483.327364624477923 ], [ 116120.088311627274379, 2527523.47870736848563 ], [ 116175.522185708920006, 2527596.496383739169687 ], [ 116224.607972371275537, 2527689.932900883257389 ], [ 116285.401405932323541, 2527695.45980780525133 ], [ 116290.167633825272787, 2527688.098866540938616 ], [ 116295.275203136377968, 2527680.043709746096283 ], [ 116324.601628569478635, 2527633.793738234322518 ], [ 116391.441475739527959, 2527605.6324069974944 ], [ 116420.60606801166432, 2527601.126481979619712 ], [ 116492.259644160803873, 2527590.055951704736799 ], [ 116495.620488939632196, 2527587.482524294871837 ], [ 116540.754821813374292, 2527551.994715780485421 ], [ 116545.022516047407407, 2527547.534552246332169 ], [ 116531.052428548864555, 2527508.359394125174731 ], [ 116476.168671877589077, 2527462.383298488333821 ], [ 116502.566454167594202, 2527434.793721610680223 ], [ 116542.866201354714576, 2527427.211071631871164 ], [ 116563.90454242384294, 2527467.112038240302354 ], [ 116610.526080514187925, 2527439.362128672655672 ], [ 116664.040375181997661, 2527417.984428686089814 ], [ 116670.123291924886871, 2527396.607491190545261 ], [ 116655.666888148640282, 2527337.246870818082243 ], [ 116653.472753959125839, 2527229.330661967396736 ], [ 116619.970669680042192, 2527145.357330238446593 ], [ 116610.846480811247602, 2527122.487445191014558 ], [ 116568.215345896140207, 2527015.393564383499324 ], [ 116539.211307289137039, 2526914.785783000290394 ], [ 116598.74159948452143, 2526859.72071182122454 ], [ 116634.423005840741098, 2526848.709412489552051 ], [ 116645.664066848694347, 2526845.24039939371869 ], [ 116718.821101282548625, 2526796.661433110013604 ], [ 116765.437647097918671, 2526768.660947024356574 ], [ 116777.832966040354222, 2526714.553931707516313 ], [ 116749.378799417288974, 2526640.988136294297874 ], [ 116759.628609037958086, 2526619.333472820930183 ], [ 116768.772748794930521, 2526600.014634538907558 ], [ 116780.968452165834606, 2526577.66982589289546 ], [ 116776.987774855748285, 2526576.428170899860561 ], [ 116762.678927654691506, 2526536.390430881641805 ], [ 116761.71699339087354, 2526489.067491901572794 ], [ 116754.615747542586178, 2526472.945253963582218 ], [ 116726.396346302004531, 2526408.877716596703976 ], [ 116717.231920039455872, 2526387.290375314187258 ], [ 116683.908296241133939, 2526308.794679430313408 ], [ 116678.06421735935146, 2526289.794778738170862 ], [ 116639.247343521157745, 2526198.359178585465997 ], [ 116610.381440062483307, 2526104.511650289874524 ], [ 116596.860393823473714, 2526043.356906526722014 ], [ 116588.107138849096373, 2526003.766990256961435 ], [ 116567.996549418778159, 2525935.541690829675645 ], [ 116566.382384742260911, 2525930.063789045903832 ], [ 116559.340583013428841, 2525907.814543817192316 ], [ 116557.845566709991544, 2525903.090972330421209 ], [ 116544.767521096742712, 2525861.769150734413415 ], [ 116543.551589160575531, 2525801.929616419132799 ], [ 116543.067578754096758, 2525778.108782012946904 ], [ 116551.229511793819256, 2525751.899893681518734 ], [ 116611.473288019362371, 2525730.386158851906657 ], [ 116678.857878604205325, 2525729.017057641874999 ], [ 116700.824348176422063, 2525714.618411137256771 ], [ 116706.757547625107691, 2525703.03498144261539 ], [ 116708.344060101662762, 2525699.93755684280768 ], [ 116709.440150998125318, 2525688.648454459849745 ], [ 116709.117053005902562, 2525672.748893158510327 ], [ 116718.48896211135434, 2525644.722658806946129 ], [ 116731.606768140860368, 2525605.353348284494132 ], [ 116738.409550386015326, 2525581.355942519381642 ], [ 116751.376584671670571, 2525567.17454838892445 ], [ 116782.270959852321539, 2525554.617244360968471 ], [ 116821.845022017194424, 2525545.197310799732804 ], [ 116836.365786893991753, 2525542.251217822544277 ], [ 116854.050846995203756, 2525531.950530646368861 ], [ 116883.351106996415183, 2525506.170463108923286 ], [ 116902.145747703034431, 2525485.243157940451056 ], [ 116908.326430735993199, 2525463.246637459844351 ], [ 116908.315902592090424, 2525430.109095160383731 ], [ 116907.411146936821751, 2525418.19777313247323 ], [ 116897.665275947598275, 2525395.199383114930242 ], [ 116888.581947908387519, 2525372.187364531680942 ], [ 116893.558742864057422, 2525356.180137078277767 ], [ 116910.947718280309346, 2525331.304894706234336 ], [ 116933.690488757216372, 2525308.971825728192925 ], [ 116963.599348999268841, 2525280.528452529106289 ], [ 116991.235116365423892, 2525270.688436009455472 ], [ 117024.265053865790833, 2525265.378102800808847 ], [ 117042.693439143127762, 2525259.0388820678927 ], [ 117057.039210849616211, 2525247.480542472098023 ], [ 117062.732349384925328, 2525234.109834578353912 ], [ 117071.213096214632969, 2525194.834939968772233 ], [ 117083.628257195057813, 2525153.491895862855017 ], [ 117090.484813220507931, 2525132.144503823947161 ], [ 117105.940173092007171, 2525109.959600975271314 ], [ 117138.92965337325586, 2525102.661802307702601 ], [ 117156.776088144048117, 2525103.237908213865012 ], [ 117176.731490831298288, 2525103.882166050840169 ], [ 117187.425441401719581, 2525108.3041583430022 ], [ 117199.053950673667714, 2525118.529640224762261 ], [ 117278.883048372517806, 2525193.001892776694149 ], [ 117344.990588234039024, 2525249.981132610701025 ], [ 117358.737766257021576, 2525249.701857354026288 ], [ 117380.764477467047982, 2525249.254321663174778 ], [ 117428.078570065146778, 2525234.569405993446708 ], [ 117456.993006377364509, 2525217.219097525347024 ], [ 117543.875090416928288, 2525187.618306896649301 ], [ 117645.708496835548431, 2525176.270866918377578 ], [ 117690.001499651931226, 2525182.066513432189822 ], [ 117712.115438258158974, 2525174.689349050167948 ], [ 117749.734001869510394, 2525142.345481489785016 ], [ 117793.70577141479589, 2525088.432005228940398 ], [ 117824.479833538236562, 2525066.660279436968267 ], [ 117834.214165159151889, 2525059.773523871321231 ], [ 117907.485830641293433, 2525020.776202793698758 ], [ 117990.423916803032625, 2525011.149276882410049 ], [ 118068.624257403891534, 2525024.339262809604406 ], [ 118172.495177374454215, 2525014.214116995688528 ], [ 118226.42120761575643, 2525013.118541138246655 ], [ 118312.91908649133984, 2524998.586400144733489 ], [ 118406.204071780317463, 2525073.089530325960368 ], [ 118453.505441714078188, 2525121.974885733798146 ], [ 118550.860356579709332, 2525164.082500673830509 ], [ 118630.794640722626355, 2525162.458436824847013 ], [ 118672.698371068690903, 2525189.160415327642113 ], [ 118721.514329316734802, 2525284.855617424938828 ], [ 118756.442494891060051, 2525375.072027155198157 ], [ 118808.119844479428139, 2525475.969055367168039 ], [ 118835.396680232370272, 2525494.825994160026312 ], [ 118867.572020441351924, 2525565.033567618113011 ], [ 118888.119125822558999, 2525597.753427980933338 ], [ 118913.773317824001424, 2525619.915703820995986 ], [ 118921.848505254078191, 2525626.891644245479256 ], [ 118958.756182031938806, 2525644.41748634679243 ], [ 118982.076791187049821, 2525655.491299643646926 ], [ 119041.699250421079341, 2525654.279837036971003 ], [ 119084.42334585491335, 2525636.843096425291151 ], [ 119130.190608970064204, 2525606.089633988216519 ], [ 119166.02079422865063, 2525575.538083510939032 ], [ 119188.668876210460439, 2525548.568142446223646 ], [ 119207.6680432264111, 2525505.103696717415005 ], [ 119223.35489753598813, 2525461.706488861236721 ], [ 119257.771819219226018, 2525361.595704829785973 ], [ 119299.770527808053885, 2525145.350548612885177 ], [ 119311.472312669735402, 2525068.897259977180511 ], [ 119343.586463750805706, 2525018.539180554449558 ], [ 119379.484014826884959, 2524991.300136066041887 ], [ 119445.058067605365068, 2524956.830892935860902 ], [ 119497.651912445027847, 2524935.880239288322628 ], [ 119553.625447166908998, 2524918.174581241793931 ], [ 119571.274915689369664, 2524913.834079016465694 ], [ 119715.190113773336634, 2524878.44177573453635 ], [ 119879.663347945839632, 2524818.767837197054178 ], [ 119910.582590935227927, 2524791.156742037739605 ], [ 119923.043701071466785, 2524780.028919489588588 ], [ 119925.228654834034387, 2524778.077729076612741 ], [ 119939.842829096014611, 2524721.586273773573339 ], [ 119914.011849547270685, 2524692.411007646005601 ], [ 119902.385057910811156, 2524682.627833855804056 ], [ 119859.639650379365776, 2524660.702363533433527 ], [ 119809.277248548343778, 2524630.665483390446752 ], [ 119798.27995211770758, 2524624.125588986556977 ], [ 119763.8916881904006, 2524609.795224907808006 ], [ 119752.373328271845821, 2524602.264395441394299 ], [ 119736.686284267401788, 2524576.031860141549259 ], [ 119724.709918746899348, 2524545.96677926601842 ], [ 119724.466610934352502, 2524533.990611284971237 ], [ 119724.252263048605528, 2524523.432394308503717 ], [ 119723.479377783834934, 2524485.37490125792101 ], [ 119726.422096125024837, 2524443.735105546656996 ], [ 119737.167860029556323, 2524413.208443993702531 ], [ 119752.010636901366524, 2524397.878057290334255 ], [ 119785.554264775651973, 2524370.645773879718035 ], [ 119819.89474485127721, 2524346.91451463708654 ], [ 119841.743675744335633, 2524339.196258339099586 ], [ 119879.303375057177618, 2524323.15398530010134 ], [ 119924.131835104257334, 2524291.935217620339245 ], [ 119976.45825068175327, 2524256.806926005519927 ], [ 120017.479981154087, 2524210.426551375072449 ], [ 120020.900243871845305, 2524206.559439494274557 ], [ 120057.773469733772799, 2524156.716075846925378 ], [ 120059.378050628874917, 2524123.188768407795578 ], [ 120060.521342588239349, 2524099.299984747543931 ], [ 120070.528113905456848, 2524053.054737620055676 ], [ 120077.724120336584747, 2524019.798332805745304 ], [ 120087.930826851574238, 2523962.7319898721762 ], [ 120083.376090522971936, 2523925.001619620248675 ], [ 120070.937476006452926, 2523872.152112348470837 ], [ 120058.808963955787476, 2523834.575412524398416 ], [ 120039.106136267480906, 2523797.152850335463881 ], [ 120028.140233722457197, 2523769.623391455039382 ], [ 120015.154017260647379, 2523737.022484100423753 ], [ 120012.993316009757109, 2523729.995099010877311 ], [ 120007.04220335703576, 2523710.639126434922218 ], [ 119998.928363638231531, 2523684.249608065001667 ], [ 119998.181076875771396, 2523681.074673182331026 ], [ 119986.489620618231129, 2523631.400330459233373 ], [ 119974.827819073747378, 2523596.17363595450297 ], [ 119969.492557120916899, 2523540.634953635279089 ], [ 119965.03234803059604, 2523494.203595768660307 ], [ 119977.541909855091944, 2523457.498802526388317 ], [ 119978.613139285822399, 2523418.244725189171731 ], [ 119979.442010436148848, 2523387.87247758358717 ], [ 119946.602712846361101, 2523220.79233949445188 ], [ 119945.706196043640375, 2523181.293786820955575 ], [ 119943.041068003047258, 2523063.868656103964895 ], [ 119959.064900531084277, 2523037.033811154775321 ], [ 120003.017086779582314, 2522916.848351712338626 ], [ 120038.982076508458704, 2522892.922390135470778 ], [ 120094.686598462925758, 2522861.968325886875391 ], [ 120189.53410543204518, 2522800.396565889008343 ], [ 120271.199396192911081, 2522742.406187389045954 ], [ 120412.150370334158652, 2522666.64406105177477 ], [ 120570.133669591683429, 2522613.732240287121385 ], [ 120626.678082410013303, 2522586.482902123592794 ], [ 120684.989187157712877, 2522558.382230349350721 ], [ 120760.500273366633337, 2522523.712820504792035 ], [ 120881.240916035021655, 2522431.792875560931861 ], [ 120968.858372025773861, 2522340.545542026404291 ], [ 121036.064156395324972, 2522223.202943779528141 ], [ 121083.530714632244781, 2522112.888479282613844 ], [ 121115.242358592222445, 2522042.657787128351629 ], [ 121138.433114829997066, 2521977.397767481859773 ], [ 121159.127761912997812, 2521919.161544844508171 ], [ 121203.685448165342677, 2521828.788200969807804 ], [ 121212.27824456919916, 2521762.340494320727885 ], [ 121173.82665941666346, 2521663.710485768504441 ], [ 121148.422942195262294, 2521554.874805742874742 ], [ 121123.758352375531103, 2521482.474385957233608 ], [ 121072.057803042815067, 2521384.113090545404702 ], [ 121053.883550855214708, 2521304.953636362217367 ], [ 121024.831754666520283, 2521179.623326621949673 ], [ 121023.958228071802296, 2521136.563264658208936 ], [ 121029.104668161424343, 2521063.557975399773568 ], [ 121037.630721152818296, 2520993.797898231539875 ], [ 121044.535693725920282, 2520934.148252204526216 ], [ 121046.089532529411372, 2520920.725459203124046 ], [ 121084.363640835450497, 2520827.227853179443628 ], [ 121100.21353103837464, 2520788.509291438851506 ], [ 121121.396074418444186, 2520732.222720116376877 ], [ 121125.794417001481634, 2520720.6112478422001 ], [ 121151.923546106612775, 2520679.753970230463892 ], [ 121144.859515279938933, 2520663.365658295340836 ], [ 121144.866301689704414, 2520626.763201490510255 ], [ 121135.672374284069519, 2520615.335956235881895 ], [ 121131.463844823651016, 2520594.631388374604285 ], [ 121119.605542654055171, 2520570.325040479190648 ], [ 121113.437933504406828, 2520545.652530265040696 ], [ 121113.213917042128742, 2520534.603338315617293 ], [ 121112.74757935164962, 2520511.601354989223182 ], [ 121127.321608622034546, 2520483.001425065565854 ], [ 121147.631441990321036, 2520457.792235120665282 ], [ 121177.200873507710639, 2520421.373838414438069 ], [ 121231.126842598197982, 2520370.936009455472231 ], [ 121288.773276922933292, 2520318.669061900582165 ], [ 121340.983235018735286, 2520277.784150738734752 ], [ 121379.963655153405853, 2520239.171438789460808 ], [ 121402.070938137359917, 2520208.415093044750392 ], [ 121420.081661589618307, 2520162.462810877710581 ], [ 121436.143311748863198, 2520113.043290115892887 ], [ 121443.214570970973, 2520088.102364564314485 ], [ 121457.479037304001395, 2520044.229502868838608 ], [ 121473.278146065946203, 2520026.626368786208332 ], [ 121481.545505369780585, 2520017.441440949216485 ], [ 121506.669352872588206, 2520000.576109529472888 ], [ 121539.75587215682026, 2519991.463801695033908 ], [ 121583.290164490696043, 2519990.580804624594748 ], [ 121602.224725893815048, 2519990.196993922349066 ], [ 121645.830854966072366, 2519991.316717043984681 ], [ 121687.639181074628141, 2519997.98314054030925 ], [ 121735.153195340186357, 2520006.53808880224824 ], [ 121778.718517730478197, 2520005.654870306607336 ], [ 121827.724974265438505, 2520000.87623857986182 ], [ 121868.394107287516817, 2519986.975822886452079 ], [ 121880.819701246393379, 2519980.374573881272227 ], [ 121895.058513953001238, 2519968.28997420752421 ], [ 121914.793278438155539, 2519944.694340568501502 ], [ 121927.52538991428446, 2519918.921043084003031 ], [ 121935.490517089841887, 2519903.185431574005634 ], [ 121941.016032324347179, 2519881.534578994847834 ], [ 121948.000600049097557, 2519839.084759827237576 ], [ 121950.812493356352206, 2519815.571066260803491 ], [ 121952.781896971166134, 2519808.108464098535478 ], [ 121962.357304373057559, 2519797.5154137192294 ], [ 121979.689255567733198, 2519778.122868052218109 ], [ 122008.034283301094547, 2519761.392516776919365 ], [ 122038.675559564435389, 2519755.999560775700957 ], [ 122093.505447704985272, 2519758.480012358166277 ], [ 122128.18780129251536, 2519759.613387744873762 ], [ 122119.332980810955632, 2519708.945937254931778 ], [ 122087.347369438211899, 2519626.18476900877431 ], [ 122062.245466761640273, 2519509.219911011867225 ], [ 122057.463485978136305, 2519460.223037428222597 ], [ 122067.058168698393274, 2519372.862314774654806 ], [ 122073.251374221523292, 2519304.606830202508718 ], [ 122094.896904821100179, 2519251.066666930913925 ], [ 122127.674986597092357, 2519186.029461245983839 ], [ 122164.604042790131643, 2519150.092638466041535 ], [ 122183.402926050301176, 2519131.7989397412166 ], [ 122228.15551112673711, 2519096.826678817626089 ], [ 122291.843045397603419, 2519061.47103680158034 ], [ 122347.875262539018877, 2519022.262578784488142 ], [ 122392.704464909038506, 2518991.04605956049636 ], [ 122434.159124702448025, 2518967.913744839373976 ], [ 122448.893944563053083, 2518959.599591412115842 ], [ 122468.935618506046012, 2518945.128258508164436 ], [ 122497.433557680691592, 2518924.550827965140343 ], [ 122542.186568324046675, 2518889.579040468670428 ], [ 122568.04968767799437, 2518858.747139306738973 ], [ 122597.502259225875605, 2518816.570886461529881 ], [ 122618.823245565872639, 2518774.810120290145278 ], [ 122623.010990207607392, 2518766.710183585993946 ], [ 122651.682558009866625, 2518720.001444150228053 ], [ 122656.017209284182172, 2518712.940018082503229 ], [ 122668.247668208554387, 2518678.376868668477982 ], [ 122677.510921256849542, 2518651.889250123873353 ], [ 122683.701302714413032, 2518638.854640134144574 ], [ 122706.578192164830398, 2518590.684630955103785 ], [ 122735.031734664808027, 2518499.185004596132785 ], [ 122782.267426173901185, 2518399.790554744657129 ], [ 122841.401546851731837, 2518326.705442111007869 ], [ 122852.33868107246235, 2518316.648289537988603 ], [ 122904.627270179626066, 2518268.566383659373969 ], [ 122964.299446980468929, 2518222.020942411385477 ], [ 122998.73019369202666, 2518204.541756553109735 ], [ 123065.546196088078432, 2518170.625890132505447 ], [ 123144.504044263274409, 2518111.666826758533716 ], [ 123142.378255049930885, 2518006.760698581114411 ], [ 123121.07005218724953, 2517953.340132795274258 ], [ 123070.76609346177429, 2517799.314785683061928 ], [ 123020.84177404869115, 2517665.570239298976958 ], [ 123003.939432074490469, 2517629.475773436948657 ], [ 122988.169689485512208, 2517595.800025277771056 ], [ 122952.209629029559437, 2517597.263122577685863 ], [ 122928.512582571944222, 2517526.699004672467709 ], [ 122906.154626477742568, 2517469.892510624136776 ], [ 122884.526647426944692, 2517449.123394027817994 ], [ 122864.066043330007233, 2517433.63233221322298 ], [ 122849.621461372065824, 2517401.053800612222403 ], [ 122842.574866661045235, 2517367.26499606622383 ], [ 122838.324511841638014, 2517359.177995785605162 ], [ 122812.79746147285914, 2517310.608703255653381 ], [ 122806.961100596003234, 2517284.217859241180122 ], [ 122800.365306004940066, 2517272.68754582805559 ], [ 122746.670626479201019, 2517250.523330870084465 ], [ 122724.287600250157993, 2517229.64861668413505 ], [ 122719.883271616767161, 2517225.541102003771812 ], [ 122700.418193936231546, 2517206.848847099114209 ], [ 122695.727687347854953, 2517184.676246687304229 ], [ 122684.570187815697864, 2517157.332809450104833 ], [ 122673.670345722232014, 2517142.708603643346578 ], [ 122646.61168946773978, 2517151.987963814288378 ], [ 122636.637211705383379, 2517146.639769749250263 ], [ 122625.329586118052248, 2517111.876769247930497 ], [ 122617.545027819636744, 2517094.008227542974055 ], [ 122623.257560561643913, 2517088.719573519192636 ], [ 122626.912709165830165, 2517085.335594603326172 ], [ 122630.960348530032206, 2517085.015167362987995 ], [ 122644.909918838413432, 2517083.910822660196573 ], [ 122655.060062425560318, 2517059.213815738447011 ], [ 122666.349001156631857, 2517032.806861721910536 ], [ 122684.589465151308104, 2516989.450579681899399 ], [ 122695.638349979475606, 2516985.250523640308529 ], [ 122702.325788046582602, 2516962.052254216745496 ], [ 122713.06876057916088, 2516942.748090047389269 ], [ 122728.980335203290451, 2516937.134048754349351 ], [ 122797.225163845461793, 2516941.965361059177667 ], [ 122864.606955926923547, 2516940.60092594800517 ], [ 122920.118290825397708, 2516928.204906919039786 ], [ 122931.715114440361504, 2516925.716007352806628 ], [ 122992.230887882178649, 2516917.727339003235102 ], [ 123017.539523564977571, 2516836.311179725453258 ], [ 123016.565980402403511, 2516788.239420774392784 ], [ 123015.6330077360617, 2516742.170727705582976 ], [ 122987.728237862989772, 2516695.395730810239911 ], [ 122972.199230691650882, 2516691.833629493135959 ], [ 122879.363618113333359, 2516670.538910054601729 ], [ 122788.845721670018975, 2516659.551735805347562 ], [ 122633.842998796259053, 2516669.665708291344345 ], [ 122383.332068338000681, 2516675.445823454298079 ], [ 122300.525958316749893, 2516716.075212074909359 ], [ 122219.107281833072193, 2516690.672637177165598 ], [ 122164.092709635035135, 2516637.933926537632942 ], [ 122169.899663941992912, 2516590.726666412316263 ], [ 122142.51085391046945, 2516570.992391351610422 ], [ 122121.777048961201217, 2516544.360917571932077 ], [ 122131.648786939273123, 2516539.201801727060229 ], [ 122119.441763297887519, 2516527.499666415154934 ], [ 122125.248793032253161, 2516480.29237877484411 ], [ 122120.634270370122977, 2516477.068390062078834 ], [ 122077.13166263938183, 2516504.819275921210647 ], [ 122072.267733633925673, 2516507.944536306429654 ], [ 122033.872042031260207, 2516532.614862372167408 ], [ 121947.366991617018357, 2516588.470134062226862 ], [ 121865.842704748734832, 2516556.306166180875152 ], [ 121811.644116936600767, 2516543.877979591488838 ], [ 121760.599064071371686, 2516544.911773811094463 ], [ 121697.09737276105443, 2516546.19768633088097 ], [ 121622.665846610616427, 2516547.704915814101696 ], [ 121589.279158708581235, 2516548.38096535904333 ], [ 121474.974781203083694, 2516564.221536744851619 ], [ 121415.310526566870976, 2516612.770153789781034 ], [ 121443.484353465843014, 2516672.815609586890787 ], [ 121389.559302108711563, 2516673.907577430829406 ], [ 121309.785148565657437, 2516655.608750973828137 ], [ 121281.193566859059501, 2516649.050424767192453 ], [ 121253.293736452120356, 2516602.525475304108113 ], [ 121167.056900725932792, 2516671.6502710939385 ], [ 121046.296993295196444, 2516701.147694959305227 ], [ 121040.521201328316238, 2516748.354756146669388 ], [ 120980.415046068956144, 2516776.624051964841783 ], [ 121015.622996102028992, 2516850.052958277519792 ], [ 120997.931678458058741, 2516853.950664438307285 ], [ 120993.086463760817423, 2516855.018167963251472 ], [ 120982.052967760304455, 2516857.495883674360812 ], [ 120907.667186543403659, 2516845.476302551105618 ], [ 120873.54987143247854, 2516825.878707444295287 ], [ 120810.984037013608031, 2516732.714546144474298 ], [ 120703.028507717710454, 2516728.13784570293501 ], [ 120614.20043472154066, 2516669.32026227330789 ], [ 120570.925964057445526, 2516608.829154319129884 ], [ 120537.903065000078641, 2516562.908469285350293 ], [ 120515.010077557701152, 2516516.604216182604432 ], [ 120510.805984702834394, 2516508.100717317778617 ], [ 120493.311535670538433, 2516472.664236269425601 ], [ 120459.650672214629594, 2516404.481126088183373 ], [ 120466.154522905824706, 2516397.665029412135482 ], [ 120427.311053976998664, 2516318.983963541220874 ], [ 120387.796635312610306, 2516238.943721851333976 ], [ 120369.04143690870842, 2516127.966464733704925 ], [ 120370.106899304082617, 2516095.927931530401111 ], [ 120371.344708590244409, 2516058.702245673630387 ], [ 120376.5470069256844, 2515902.265635840129107 ], [ 120390.230591835395899, 2515727.025717312470078 ], [ 120397.221600968041457, 2515626.248770168051124 ], [ 120421.329665472905617, 2515554.161677285097539 ], [ 120429.750149142113514, 2515528.983122297562659 ], [ 120431.078946827852633, 2515514.177946022711694 ], [ 120430.652827861835249, 2515493.146342897322029 ], [ 120430.196884370932821, 2515470.612087309826165 ], [ 120422.816167529847007, 2515452.476496061775833 ], [ 120412.847009563934989, 2515445.664520111400634 ], [ 120398.683138653868809, 2515440.440847126767039 ], [ 120386.038839253247716, 2515440.696724824607372 ], [ 120367.87289798684651, 2515446.575136618223041 ], [ 120346.865441967674997, 2515449.755539405159652 ], [ 120331.293291647278238, 2515444.560370395425707 ], [ 120304.202445307688322, 2515424.068047255277634 ], [ 120281.63842925633071, 2515421.518892365973443 ], [ 120231.154315942316316, 2515425.546766256913543 ], [ 120207.071733765944373, 2515416.014870916493237 ], [ 120188.312342730117962, 2515392.599043142516166 ], [ 120266.05971669673454, 2515354.366682983934879 ], [ 120315.141287352773361, 2515323.550038767978549 ], [ 120373.519699802447576, 2515282.900924307759851 ], [ 120432.776202947134152, 2515241.64040789520368 ], [ 120510.864247255667578, 2515170.472570254001766 ], [ 120559.208419847534969, 2515103.220336880069226 ], [ 120594.833989316597581, 2515022.237061379477382 ], [ 120608.258675858436618, 2514991.72064740024507 ], [ 120641.574876814091112, 2514915.987128469627351 ], [ 120642.554293529246934, 2514907.07561632944271 ], [ 120683.551398628333118, 2514534.064328039996326 ], [ 120681.248262545559555, 2514505.393854100257158 ], [ 120656.975445751799271, 2514203.233983114361763 ], [ 120638.591480405651964, 2514164.194674218073487 ], [ 120625.523749603191391, 2514136.444503872189671 ], [ 120517.40598828200018, 2513906.849528305232525 ], [ 120416.263544282934163, 2513709.801268991548568 ], [ 120362.418515197001398, 2513604.898830087855458 ], [ 120358.875211408594623, 2513598.483975499868393 ], [ 120306.054696851526387, 2513532.739748663268983 ], [ 120233.901809059316292, 2513442.932459753472358 ], [ 120149.818157805304509, 2513338.429035059642047 ], [ 120050.879400788922794, 2513232.495938130188733 ], [ 119966.66497515863739, 2513142.327776436693966 ], [ 119964.211519954551477, 2513139.700933786574751 ], [ 119866.229091183922719, 2513074.629448051098734 ], [ 119814.975852228701115, 2513040.591478185262531 ], [ 119779.635170295077842, 2513041.30626620259136 ], [ 119765.290695701027289, 2513041.596286778338253 ], [ 119692.619989518076181, 2513053.007148094009608 ], [ 119633.935484957299195, 2513100.585688279941678 ], [ 119594.324885678477585, 2513129.014385692775249 ], [ 119581.674597581033595, 2513138.09340306231752 ], [ 119523.392173405212816, 2513205.546396049670875 ], [ 119452.798103186709341, 2513319.640293832402676 ], [ 119401.140224176633637, 2513386.959358541760594 ], [ 119355.97325646673562, 2513447.519830281380564 ], [ 119310.337099691329058, 2513484.893793191295117 ], [ 119249.077247942099348, 2513568.975692706182599 ], [ 119221.465980267617851, 2513606.413340092636645 ], [ 119184.57215919677401, 2513656.437262695748359 ], [ 119127.653599623707123, 2513737.220144910272211 ], [ 119104.041156275488902, 2513770.732607947662473 ], [ 119023.979286358400714, 2513908.214826030656695 ], [ 118939.675899366906378, 2514020.096250279340893 ], [ 118912.200458041043021, 2514056.559721196535975 ], [ 118810.99209002655698, 2514190.876711850985885 ], [ 118705.045196830178611, 2514316.331319930963218 ], [ 118558.644735582231078, 2514489.688532945234329 ], [ 118479.581197259598412, 2514583.31022443016991 ], [ 118475.370142879371997, 2514588.296774557325989 ], [ 118409.707504094927572, 2514666.232717884238809 ], [ 118237.446774924930651, 2514767.142622254788876 ], [ 118194.125456480658613, 2514787.901723112910986 ], [ 118099.044336418737657, 2514799.357196615077555 ], [ 118075.120804379985202, 2514802.239561850670725 ], [ 117999.437439367757179, 2514795.818187717813998 ], [ 117951.256329609721433, 2514772.93407600838691 ], [ 117907.050127841881476, 2514749.969716735184193 ], [ 117826.346099442569539, 2514691.95536831766367 ], [ 117671.00606379826786, 2514595.096484702546149 ], [ 117626.486035957525019, 2514577.452672087121755 ], [ 117522.80120593321044, 2514536.360883303452283 ], [ 117373.775787581689656, 2514508.240281275473535 ], [ 117285.751336733228527, 2514510.0215232251212 ], [ 117088.176770676043816, 2514567.714677425101399 ], [ 117005.106097828072961, 2514589.278282795567065 ], [ 116961.784294817422051, 2514610.037518959958106 ], [ 116926.412366306991316, 2514630.635867326054722 ], [ 116904.397044620884117, 2514645.022918806411326 ], [ 116895.015357862284873, 2514651.153901431243867 ], [ 116883.171036152809393, 2514655.370121115352958 ], [ 116820.055175232002512, 2514680.506559713743627 ], [ 116772.517227563133929, 2514689.421678457409143 ], [ 116672.940889654390048, 2514691.889415748883039 ], [ 116613.279419735539705, 2514680.714355390984565 ], [ 116574.692741657432634, 2514670.83225010568276 ], [ 116545.779336898820475, 2514663.427409127354622 ], [ 116541.082633302547038, 2514662.161504351533949 ], [ 116489.091804080992006, 2514635.508892770390958 ], [ 116311.49493433709722, 2514620.662753663025796 ], [ 116261.326578017149586, 2514649.436225924640894 ], [ 116229.10113260766957, 2514667.918740924913436 ], [ 116123.020550562418066, 2514753.022949259262532 ], [ 116112.23135480779456, 2514848.67863105610013 ], [ 116121.165386130043771, 2514975.747548342682421 ], [ 116124.898197765811346, 2515160.184204257559031 ], [ 116192.659168850106653, 2515286.225275568198413 ], [ 116194.671860338945407, 2515513.264304258394986 ], [ 116195.344354434404522, 2515588.658968844916672 ], [ 116192.871181207301561, 2515615.636258872691542 ], [ 116161.255653539788909, 2515960.503169708419591 ], [ 116242.751021494157612, 2516319.394032231066376 ], [ 116264.124215521092992, 2516589.366675363387913 ], [ 116193.36015442624921, 2516760.465997516643256 ], [ 116095.774715696286876, 2516916.202477949671447 ], [ 115970.509221678832546, 2517014.176970064640045 ], [ 115892.08404948131647, 2517068.786210181657225 ], [ 115843.740792971220799, 2517037.952864091377705 ], [ 115767.717167733644601, 2516949.357108872849494 ], [ 115757.694519380980637, 2516716.268160191364586 ], [ 115737.546211745357141, 2516253.368364557158202 ], [ 115727.950653369014617, 2516032.900896845385432 ], [ 115729.255702458613086, 2515982.483073842246085 ], [ 115737.836922906746622, 2515650.96840862557292 ], [ 115742.539212473027874, 2515469.320670492015779 ], [ 115745.80249039438786, 2515343.267818966880441 ], [ 115747.536132612847723, 2514907.926856878679246 ], [ 115722.545486725110095, 2514718.091979217715561 ], [ 115710.229688997962512, 2514633.507782912813127 ], [ 115707.655807929404546, 2514506.309667258057743 ], [ 115721.517956537776627, 2514405.289369187317789 ], [ 115735.701951405848376, 2514320.16899269586429 ], [ 115749.028142412076704, 2514192.649288120213896 ], [ 115756.155460796726402, 2514148.378951794933528 ], [ 115767.868803548975848, 2514075.6222067582421 ], [ 115801.215417815954424, 2513889.374484689440578 ], [ 115878.677092744794209, 2513787.067857679445297 ], [ 115930.175297352485359, 2513711.796974699944258 ], [ 115983.62258517218288, 2513637.447586218826473 ], [ 115992.058880223077722, 2513625.711871499661356 ], [ 116011.650474442285486, 2513545.784424879588187 ], [ 116004.313630788703449, 2513445.193332704249769 ], [ 116003.257800340070389, 2513392.989345501177013 ], [ 116002.615806529356632, 2513361.249819007702172 ], [ 116018.858535722654779, 2513229.312373893801123 ], [ 116038.870236801856663, 2513067.986805296037346 ], [ 116040.882768857525662, 2513059.293070680461824 ], [ 116058.5870088483789, 2512982.815058961044997 ], [ 116056.014733313291799, 2512855.617251079529524 ], [ 116024.647839907265734, 2512692.897653519175947 ], [ 115990.857020076422486, 2512517.601901600137353 ], [ 115958.885793497960549, 2512424.38019700627774 ], [ 115942.792952592775691, 2512377.456391730811447 ], [ 115877.789388657489326, 2512187.917675474192947 ], [ 115790.762704994645901, 2511810.670632699038833 ], [ 115749.987216504465323, 2511633.913580385036767 ], [ 115757.999760882812552, 2511530.905848543625325 ], [ 115758.710536762140691, 2511521.768317648675293 ], [ 115792.715217252145521, 2511463.765333547722548 ], [ 115808.277890729426872, 2511437.21956589538604 ], [ 115920.060803935863078, 2511369.26076176809147 ], [ 115951.94077569845831, 2511355.903679061681032 ], [ 116001.707526376121677, 2511340.809983044397086 ], [ 116117.038437986222561, 2511305.831274834927171 ], [ 116317.229689255938865, 2511215.891805923078209 ], [ 116364.264767235377803, 2511195.403395901899785 ], [ 116397.561649466166273, 2511180.89932991983369 ], [ 116478.056844354432542, 2511145.835678738541901 ], [ 116662.34783282969147, 2511056.218140592332929 ], [ 116725.182039120933041, 2511010.315027401782572 ], [ 116928.818324287887663, 2510861.550389461219311 ], [ 116974.490696577820927, 2510819.543772084638476 ], [ 117007.018744369444903, 2510789.626672925427556 ], [ 117195.692556462425273, 2510671.476955394260585 ], [ 117240.910011356172618, 2510643.16114451829344 ], [ 117277.743156738928519, 2510623.177464015316218 ], [ 117284.548685564950574, 2510619.485245719086379 ], [ 117454.307457651593722, 2510527.63351796194911 ], [ 117579.055484966200311, 2510486.792324265930802 ], [ 117583.144705541315489, 2510485.453573507256806 ], [ 117695.400830870436039, 2510448.618554508313537 ], [ 118155.947044240368996, 2510302.799707058351487 ], [ 118326.663646072905976, 2510240.861808966845274 ], [ 118359.107557491806801, 2510229.090667369775474 ], [ 118498.106124172976706, 2510178.660537104122341 ], [ 118784.613801319093909, 2510052.389778046868742 ], [ 118885.805079483776353, 2510016.530508474912494 ], [ 118896.947033965319861, 2510012.559719467069954 ], [ 119001.291902046301402, 2509975.37276460789144 ], [ 119137.35096814710414, 2509906.706220267340541 ], [ 119281.51248800882604, 2509833.950396182015538 ], [ 119345.821816931769717, 2509802.40557310404256 ], [ 119702.783432032680139, 2509627.310125080868602 ], [ 119958.933132390258834, 2509399.458460763096809 ], [ 119986.677980379958171, 2509374.851738031953573 ], [ 119985.140734089538455, 2509369.581807260401547 ], [ 119965.661755215551239, 2509302.804905314464122 ], [ 119938.80966545175761, 2509210.751322677824646 ], [ 119872.270630855986383, 2509141.999826693441719 ], [ 119790.914212952426169, 2509057.93824704689905 ], [ 119710.741559771180619, 2509008.959783372003585 ], [ 119618.601841352530755, 2508953.459834716282785 ], [ 119455.553060042671859, 2508875.9399523017928 ], [ 119400.7828059651074, 2508849.89999689348042 ], [ 118931.603781931917183, 2508569.563851570244879 ], [ 118916.551018619793467, 2508560.75612052064389 ], [ 118517.641085550130811, 2508327.344957177061588 ], [ 118217.776841098617297, 2508151.886999154929072 ], [ 117962.872400607215241, 2508002.735680308192968 ], [ 117853.206516087870114, 2507943.191449832636863 ], [ 117741.363945983699523, 2507882.464998016599566 ], [ 117638.045423021365423, 2507829.352255085948855 ], [ 117632.886526316578966, 2507826.700206643436104 ], [ 117542.101198831573129, 2507780.030386075843126 ], [ 117503.10232253925642, 2507751.259990955237299 ], [ 117276.938886173302308, 2507584.992893226910383 ], [ 117196.76406876090914, 2507508.834558118134737 ], [ 117142.926883130334318, 2507457.694480104837567 ], [ 117166.724691929877736, 2507304.167159436736256 ], [ 117178.036568583804183, 2507195.978953503072262 ], [ 117210.21776786778355, 2507121.185625505633652 ], [ 117256.192613645107485, 2507059.640003429725766 ], [ 117409.41232414386468, 2506968.878041648305953 ], [ 117616.968063403095584, 2506897.309519555885345 ], [ 117898.499937133048661, 2506817.485649822745472 ], [ 118294.036460519011598, 2506708.309389524627477 ], [ 118460.880989194381982, 2506624.036914442665875 ], [ 118471.108498431916814, 2506547.334241053555161 ], [ 118343.739317079656757, 2506400.589511387050152 ], [ 118300.05102524429094, 2506379.929112507030368 ], [ 118193.986183853587136, 2506329.466646733693779 ], [ 118120.145585123333149, 2506344.482432880904526 ], [ 117932.672847850597464, 2506408.881878879386932 ], [ 117735.630881146760657, 2506459.497973362915218 ], [ 117476.584653036028612, 2506526.041961810551584 ], [ 117254.043865580984857, 2506619.614721775520593 ], [ 117236.431367160868831, 2506627.020277464296669 ], [ 117152.987705085019115, 2506662.106304810382426 ], [ 117088.222271279199049, 2506689.338523285463452 ], [ 117055.456805314170197, 2506703.115643292665482 ], [ 116675.02193893113872, 2506913.130812657531351 ], [ 116640.441208918753546, 2506931.289859167765826 ], [ 116541.968565423681866, 2506983.000457280315459 ], [ 116335.943335032730829, 2507128.933940912596881 ], [ 116266.027730739093386, 2507187.119418262504041 ], [ 116047.527471867739223, 2507368.960725751705468 ], [ 116009.759288643021137, 2507417.18208496645093 ], [ 115946.063395158387721, 2507498.50739558134228 ], [ 115861.876219373370986, 2507627.705271924380213 ], [ 115857.06400197633775, 2507642.005814130418003 ], [ 115819.782634524046443, 2507752.797604165971279 ], [ 115837.410464094136842, 2507835.558680997230113 ], [ 115848.629711859044619, 2507888.231224921531975 ], [ 115971.263836498081218, 2508100.174473670311272 ], [ 116063.618636892177165, 2508287.624737790320069 ], [ 116085.763407022750471, 2508332.571418308652937 ], [ 116099.542524337768555, 2508360.598485055845231 ], [ 116142.036299483967014, 2508543.140393951907754 ], [ 116157.174599429767113, 2508608.170526161324233 ], [ 116182.264504435588606, 2508909.502979347016662 ], [ 116183.098711005295627, 2508942.681226205080748 ], [ 116186.557735810580198, 2509080.249392840545624 ], [ 116171.102002240135334, 2509316.522204108070582 ], [ 116149.630666898738127, 2509398.947960291523486 ], [ 116113.749958937754855, 2509536.68957035895437 ], [ 116102.292146630119532, 2509580.674516986589879 ], [ 116015.494351466826629, 2509808.308072591666132 ], [ 115993.428871048206929, 2509866.176479918416589 ], [ 115870.56134269956965, 2510124.909036148805171 ], [ 115814.666775115649216, 2510205.057442104443908 ], [ 115778.602575958357193, 2510256.770627348683774 ], [ 115755.219948730315082, 2510360.945822875015438 ], [ 115621.239575790707022, 2510475.226816347800195 ], [ 115584.971378154470585, 2510506.162545058876276 ], [ 115404.984514021431096, 2510542.864007885102183 ], [ 115171.402774829242844, 2510556.85138020478189 ], [ 114908.724907691357657, 2510568.921920724213123 ], [ 114813.844548853870947, 2510543.78580152336508 ], [ 114767.376610344392247, 2510478.59491251129657 ], [ 114709.755137499829289, 2510397.598021043930203 ], [ 114701.553545721515547, 2510382.625766889657825 ], [ 114664.158996542915702, 2510314.361170597840101 ], [ 114626.364351737021934, 2510245.36612180666998 ], [ 114624.920367676997557, 2510241.272515574004501 ], [ 114592.108227082528174, 2510159.48113403422758 ], [ 114569.558804009167943, 2510086.333458204753697 ], [ 114564.642761963419616, 2510070.017980158794671 ], [ 114544.031860140617937, 2509968.368249747436494 ], [ 114541.101022421382368, 2509888.895339493174106 ], [ 114541.462481337366626, 2509841.168821630068123 ], [ 114541.87147210695548, 2509837.763488185591996 ], [ 114551.674559622770175, 2509756.128452956676483 ], [ 114552.195349469897337, 2509608.086433439515531 ], [ 114551.995987480157055, 2509600.49740278115496 ], [ 114546.178404092788696, 2509378.992615130264312 ], [ 114530.429406284936704, 2509288.784389086067677 ], [ 114517.399027260078583, 2509214.147171821910888 ], [ 114503.532141769072041, 2509181.676351769361645 ], [ 114470.928825130453333, 2509105.331409773789346 ], [ 114429.573603513417765, 2509026.634505243040621 ], [ 114424.770463416702114, 2509014.403176763094962 ], [ 114415.031666582392063, 2508989.602856041863561 ], [ 114401.066842079337221, 2508954.040601792745292 ], [ 114387.134460043627769, 2508933.643594237975776 ], [ 114366.842227332876064, 2508913.374963171780109 ], [ 114357.631656663375907, 2508890.496558307670057 ], [ 114319.544468919979408, 2508855.476168561726809 ], [ 114252.500164769706316, 2508804.338686705101281 ], [ 114249.409884841705207, 2508802.156550435349345 ], [ 114175.851766617503017, 2508750.213789264671504 ], [ 114127.887473716342356, 2508698.690949090290815 ], [ 114114.605264388257638, 2508689.475671605207026 ], [ 114081.103373321006075, 2508666.232009472791106 ], [ 114056.106093031528872, 2508648.8300112914294 ], [ 114023.182347908965312, 2508625.909969061613083 ], [ 113973.117703244439326, 2508570.074050305876881 ], [ 113958.693188810080756, 2508553.986748888157308 ], [ 113909.830075858975761, 2508499.490640898235142 ], [ 113819.611473375291098, 2508347.008040332235396 ], [ 113782.378418435051572, 2508166.90384973352775 ], [ 113812.307697656156961, 2507992.95818594051525 ], [ 113983.083850783819798, 2507822.432302106637508 ], [ 114023.542053021315951, 2507780.300682551693171 ], [ 114179.567342526046559, 2507617.822040747385472 ], [ 114187.69072757428512, 2507611.92910317517817 ], [ 114272.270115154096857, 2507550.57257640408352 ], [ 114392.954971370578278, 2507463.181191324256361 ], [ 114592.254309058946092, 2507318.86324213212356 ], [ 114654.731241048022639, 2507273.622075921855867 ], [ 114674.012659573927522, 2507259.659946252126247 ], [ 114950.541647069330793, 2507046.422489932272583 ], [ 115024.832650158146862, 2506988.660271533299237 ], [ 115210.133454832073767, 2506844.586566555313766 ], [ 115286.255621494667139, 2506785.400660624727607 ], [ 115426.523668804671615, 2506594.067698613274843 ], [ 115455.500916993885767, 2506554.541243363637477 ], [ 115477.312384226708673, 2506504.25350139522925 ], [ 115521.883556755725294, 2506401.677107357420027 ], [ 115525.846029171021655, 2506392.557851789984852 ], [ 115549.242331259942148, 2506225.259493138641119 ], [ 115500.450989854871295, 2506119.284508904442191 ], [ 115432.77405156387249, 2506079.819767602253705 ], [ 115332.20351244189078, 2506055.045827040914446 ], [ 115251.621742174669635, 2506050.975913559086621 ], [ 115144.363634553388692, 2506045.558719858527184 ], [ 114923.788132013753057, 2506063.283886549994349 ], [ 114716.941155291977338, 2506073.968596602324396 ], [ 114597.505262087972369, 2506076.268606005702168 ], [ 114442.665413984563202, 2506079.250363189261407 ], [ 114423.261934913229197, 2506078.825933028012514 ], [ 114281.809843951021321, 2506075.731607033871114 ], [ 114127.786206834600307, 2506058.548445542342961 ], [ 113986.491325656068511, 2506008.043565635569394 ], [ 113869.565715286822524, 2505850.837838315870613 ], [ 113864.614663185086101, 2505840.953812542837113 ], [ 113799.878113168873824, 2505711.716487384401262 ], [ 113765.29243566916557, 2505520.426480801776052 ], [ 113759.879461380885914, 2505490.487416546326131 ], [ 113751.278394754510373, 2505442.915253360755742 ], [ 113739.647325314814225, 2505378.522693863138556 ], [ 113727.64661655947566, 2505305.054537549149245 ], [ 113714.892250335600693, 2505226.972363437991589 ], [ 113709.1099268757971, 2505191.76948971580714 ], [ 113726.744175339816138, 2505070.926325249951333 ], [ 113764.849858613975812, 2504969.960746086202562 ], [ 113876.639646672585513, 2504874.022687333635986 ], [ 114149.873970829416066, 2504821.671815066598356 ], [ 114203.364228505815845, 2504823.526094669941813 ], [ 114318.917484308534767, 2504827.531786414328963 ], [ 114390.86025112727657, 2504830.089500096160918 ], [ 114539.401909189589787, 2504827.094838098622859 ], [ 114658.339415976312011, 2504824.696880204137415 ], [ 114691.372234886221122, 2504824.030938509851694 ], [ 114700.751663917442784, 2504823.841838849242777 ], [ 114795.307081597857177, 2504821.935551167465746 ], [ 114800.352621181402355, 2504821.833851614501327 ], [ 114838.901696146233007, 2504821.056679984554648 ], [ 114974.885747033695225, 2504801.974297967273742 ], [ 114983.273781324736774, 2504800.797281299717724 ], [ 115005.664174280595034, 2504797.655185365583748 ], [ 115045.638143877265975, 2504786.020938131026924 ], [ 115178.58384191832738, 2504747.327339546289295 ], [ 115324.072022763895802, 2504664.237364609725773 ], [ 115357.410929769917857, 2504639.017142351716757 ], [ 115460.940675344667397, 2504560.53042137157172 ], [ 115541.52248196961591, 2504499.289511584676802 ], [ 115645.144138467265293, 2504391.375525660812855 ], [ 115770.853504764963873, 2504260.458841188810766 ], [ 115893.447692418005317, 2504037.306975909043103 ], [ 115916.441579135018401, 2503936.898256263695657 ], [ 115924.179709451040253, 2503902.926452070474625 ], [ 115922.293008352804463, 2503864.887430858798325 ], [ 115915.940798308816738, 2503736.809774773661047 ], [ 115912.29780717054382, 2503663.356642020866275 ], [ 115906.798710952745751, 2503552.480393247213215 ], [ 115898.053166524798144, 2503376.141525440383703 ], [ 115890.372918372915592, 2503221.275126949418336 ], [ 115889.319165917346254, 2503210.761128827463835 ], [ 115871.671813689987175, 2503034.658626318443567 ], [ 115861.514115846191999, 2502933.295073529705405 ], [ 115856.904575202264823, 2502887.295842167455703 ], [ 115849.329057139577344, 2502740.200086240191013 ], [ 115845.899084715289064, 2502673.599821445066482 ], [ 115833.622513163369149, 2502611.387852888554335 ], [ 115801.194575481000356, 2502447.05623492738232 ], [ 115798.233650154375937, 2502434.266504576429725 ], [ 115771.872453953954391, 2502320.39792592311278 ], [ 115756.894259548920672, 2502240.543366943020374 ], [ 115741.171398223319557, 2502181.243444067891687 ], [ 115730.769498406036291, 2502142.044646095950156 ], [ 115685.712709800282028, 2501972.248998132068664 ], [ 115683.806984479771927, 2501965.067093651276082 ], [ 115614.356833292520605, 2501703.344782415777445 ], [ 115612.112585661176126, 2501694.886899242177606 ], [ 115554.885903854097705, 2501488.247166433837265 ], [ 115525.535582606564276, 2501382.265641151927412 ], [ 115467.952700726571493, 2501225.115428650286049 ], [ 115447.673987107758876, 2501169.664521295577288 ], [ 115437.730917497945484, 2501139.533486377447844 ], [ 115390.686182518722489, 2500996.97164107253775 ], [ 115293.97226456028875, 2500844.867345191072673 ], [ 115264.770246843458153, 2500823.662364448886365 ], [ 115151.383331156393979, 2500740.778269451577216 ], [ 114962.808796159049962, 2500677.693085682112724 ], [ 114866.710868024849333, 2500655.705639943946153 ], [ 114774.637390457093716, 2500634.638873660936952 ], [ 114546.340927879849914, 2500592.392287666443735 ], [ 114224.397973706538323, 2500552.030494751874357 ], [ 113969.643204595369752, 2500523.84279721044004 ], [ 113788.268130431126337, 2500487.164233060088009 ], [ 113675.16194588621147, 2500455.623905934859067 ], [ 113653.721246028784662, 2500449.793196028564125 ], [ 113494.938839956768788, 2500205.501622056588531 ], [ 113347.284689285035711, 2499996.054448465816677 ], [ 113309.02422500186367, 2499941.71556645212695 ], [ 113140.854253066994715, 2499563.847434551920742 ], [ 113104.355997165548615, 2499483.18803351232782 ], [ 113056.834552734217141, 2499378.168078811839223 ], [ 112948.918458893778734, 2499207.748710236046463 ], [ 112918.649936562345829, 2499160.012025533709675 ], [ 112854.780501710483804, 2499060.473786687012762 ], [ 112800.113257385906763, 2498975.276874407194555 ], [ 112787.441096161375754, 2498955.492409639060497 ], [ 112757.451694402552675, 2498795.528312810231 ], [ 112749.539692185993772, 2498735.317960666492581 ], [ 112759.377441595948767, 2498590.835106180980802 ], [ 112765.029685638088267, 2498507.557017111219466 ], [ 112768.368800304888282, 2498340.409792410675436 ], [ 112825.595904076471925, 2498191.967901022173464 ], [ 112948.067405686539132, 2497962.055712463334203 ], [ 113073.404551478393842, 2497765.708668725565076 ], [ 113103.731123193050735, 2497718.20048453938216 ], [ 113165.902117931749672, 2497643.289322018157691 ], [ 113176.459698518039659, 2497630.568287022411823 ], [ 113273.31865811458556, 2497513.792007102165371 ], [ 113313.486957240267657, 2497465.512632637284696 ], [ 113336.130776345788036, 2497442.74401876796037 ], [ 113489.783478337980341, 2497288.857429009862244 ], [ 113607.75501630443614, 2497179.274961167480797 ], [ 113692.418264740204904, 2497063.848938161507249 ], [ 113781.828814316482749, 2496921.657145233824849 ], [ 113785.901157402258832, 2496915.180892119184136 ], [ 113867.309280701505486, 2496785.7930564340204 ], [ 113938.195026987639721, 2496643.841837476473302 ], [ 113970.099255165550858, 2496572.060705628246069 ], [ 113989.274908841820434, 2496529.091802727431059 ], [ 114052.512195100600366, 2496353.978919297456741 ], [ 114074.865010371489916, 2496237.220416293945163 ], [ 114094.876114113838412, 2496132.694402626249939 ], [ 114099.248166876262985, 2496012.96723282430321 ], [ 114101.840101815178059, 2495941.990789504256099 ], [ 114103.682367602305021, 2495891.543717451859266 ], [ 114103.986173411889467, 2495839.10423615667969 ], [ 114105.049078072945122, 2495655.704038877505809 ], [ 114105.212492992228363, 2495627.516142303589731 ], [ 114105.231457745889202, 2495624.237074913457036 ], [ 114093.238220695347991, 2495514.749313124921173 ], [ 114073.828280120564159, 2495337.553385754581541 ], [ 114065.041042385506444, 2495257.071222778875381 ], [ 114064.882621010998264, 2495248.689418294001371 ], [ 114061.351677327940706, 2495061.794252064079046 ], [ 114060.349290230311453, 2495008.731553374789655 ], [ 114059.104175382875837, 2494942.822724654804915 ], [ 114063.978904361487366, 2494890.872886914294213 ], [ 114086.737510182603728, 2494647.437865550164133 ], [ 114055.656063847185578, 2494414.102627075277269 ], [ 114057.844943282601889, 2494383.854174521286041 ], [ 114058.452852767135482, 2494375.453586366493255 ], [ 114076.514316864544526, 2494125.867759911343455 ], [ 114079.687870043795556, 2494075.994443797506392 ], [ 114081.115820337668993, 2494053.554297603666782 ], [ 114097.055022475658916, 2493803.071859547868371 ], [ 114159.694716512749437, 2493608.935147948563099 ], [ 114170.215163214539643, 2493576.959483879618347 ], [ 114184.256821875809692, 2493534.28214644221589 ], [ 114272.692162541381549, 2493265.496783091221005 ], [ 114331.029786946135573, 2493098.074930456466973 ], [ 114354.700919676164631, 2493030.141671753954142 ], [ 114358.155839095707051, 2493021.304820707067847 ], [ 114408.31151944672456, 2492892.163023524452001 ], [ 114428.576544431096409, 2492839.984044652897865 ], [ 114443.752909246541094, 2492800.907786283642054 ], [ 114571.237667252833489, 2492573.147074799519032 ], [ 114596.614140552643221, 2492527.810261545237154 ], [ 114598.849965782312211, 2492523.75754025997594 ], [ 114722.822577892569825, 2492360.454709140583873 ], [ 114859.377098860975821, 2492190.636932183988392 ], [ 114957.810415668180212, 2492094.97838704707101 ], [ 115113.717355684551876, 2491974.446329552680254 ], [ 115135.43965033889981, 2491957.652695902157575 ], [ 115156.064597670163494, 2491938.452289626002312 ], [ 115293.228480904421303, 2491809.954439965542406 ], [ 115332.411074499425013, 2491773.098002770449966 ], [ 115447.027021597255953, 2491693.280196332372725 ], [ 115510.556905246165115, 2491649.038351052906364 ], [ 115800.63579105201643, 2491435.814371550455689 ], [ 115831.978792167676147, 2491418.941975167952478 ], [ 115950.463537820905913, 2491355.159691507928073 ], [ 116036.551044224295765, 2491308.817381067667156 ], [ 116058.732850021391641, 2491296.876603954937309 ], [ 116210.36587917432189, 2491212.238160193897784 ], [ 116369.677019097318407, 2491123.313941650092602 ], [ 116378.870953856559936, 2491118.744586441665888 ], [ 116534.999482754326891, 2491041.148149335756898 ], [ 116608.113060045987368, 2491004.81041817786172 ], [ 116669.528450386307668, 2490972.532853547949344 ], [ 116939.118384627683554, 2490830.846961121074855 ], [ 117223.572257084131707, 2490671.34388921642676 ], [ 117336.113996294618119, 2490618.179028159938753 ], [ 117415.722304551687557, 2490580.572157898917794 ], [ 117501.72976342268521, 2490532.006775832735002 ], [ 117593.735780463961419, 2490450.006456408649683 ], [ 117646.711798762029503, 2490390.118746199179441 ], [ 117672.236809001129586, 2490361.263509077019989 ], [ 117690.556985283852555, 2490273.977737636305392 ], [ 117694.944505620806012, 2490160.169281855691224 ], [ 117668.241029219934717, 2490088.564886655658484 ], [ 117658.941940243064892, 2490063.584056194406003 ], [ 117645.473091846972238, 2490027.401963402982801 ], [ 117527.602982630371116, 2489945.867285417858511 ], [ 117523.358649015543051, 2489942.931267909705639 ], [ 117451.751579309871886, 2489919.106959228403866 ], [ 117314.595576307270676, 2489873.473703281953931 ], [ 117203.058868748717941, 2489845.911270921584219 ], [ 117045.441351679619402, 2489806.961561641190201 ], [ 117038.947244346956722, 2489805.356797182932496 ], [ 116688.543174622638617, 2489678.62054623151198 ], [ 116456.329486515023746, 2489593.966220972128212 ], [ 116358.335765822150279, 2489558.242190529592335 ], [ 116181.089985116734169, 2489519.18534330977127 ], [ 116025.722370118950494, 2489484.949351153802127 ], [ 115968.639629879966378, 2489472.370921827387065 ], [ 115860.636297403776553, 2489450.648797116242349 ], [ 115595.240621580334846, 2489397.271167060360312 ], [ 115557.948508020897862, 2489389.770876227412373 ], [ 115485.030933109635953, 2489375.10522971721366 ], [ 115013.557021565095056, 2489297.992010425776243 ], [ 114901.102933722839225, 2489279.599186342209578 ], [ 114802.372223564772867, 2489233.984429938253015 ], [ 114715.968358203885145, 2489194.134672780055553 ], [ 114637.777094430173747, 2489157.877549453172833 ], [ 114574.774439229106065, 2489018.614544560667127 ], [ 114518.60532392928144, 2488885.977865840308368 ], [ 114529.556422454770654, 2488765.272189300041646 ], [ 114543.207502495264634, 2488693.358060176949948 ], [ 114553.773097976460122, 2488637.787819874007255 ], [ 114624.375366404943634, 2488489.084329810924828 ], [ 114728.409866626025178, 2488339.961793763097376 ], [ 114736.340089751058258, 2488325.411391090601683 ], [ 114805.845710963767488, 2488197.88484977837652 ], [ 114863.936052188859321, 2488040.787002941593528 ], [ 114875.645807288005017, 2488009.119488701224327 ], [ 114897.323478703096043, 2487939.299250050913543 ], [ 114899.233818545413669, 2487934.626881271135062 ], [ 114900.39685430622194, 2487931.722870358731598 ], [ 114901.528876723954454, 2487928.81974507542327 ], [ 114903.018367677752394, 2487925.032568205147982 ], [ 114904.47673980880063, 2487921.246168781537563 ], [ 114905.514458220743109, 2487918.344622741919011 ], [ 114906.536411170032807, 2487915.443470566999167 ], [ 114907.807209607330151, 2487911.660425066482276 ], [ 114908.735384016530588, 2487908.761282407213002 ], [ 114909.56967061344767, 2487905.863929934799671 ], [ 114910.62127115187468, 2487902.085471655242145 ], [ 114911.330444864928722, 2487899.19057831261307 ], [ 114911.961296052613761, 2487896.297308235894889 ], [ 114912.668584384489805, 2487892.52589592570439 ], [ 114913.250656284915749, 2487888.756945162080228 ], [ 114913.568620746897068, 2487885.869825111236423 ], [ 114913.808162192639429, 2487882.984441674780101 ], [ 114913.983255442057271, 2487879.223546876106411 ], [ 114914.035023246484343, 2487876.341854378581047 ], [ 114913.977345624996815, 2487873.462451346218586 ], [ 114913.792866018833593, 2487869.708650326821953 ], [ 114913.467105322517455, 2487865.958155659027398 ], [ 114913.112099489721004, 2487863.084513783454895 ], [ 114912.710096464667004, 2487860.211712767835706 ], [ 114912.055775994318537, 2487856.467426386196166 ], [ 114911.276146145071834, 2487852.726047440432012 ], [ 114910.387154040625319, 2487848.986179344821721 ], [ 114909.272960523201618, 2487844.775270364712924 ], [ 114907.677292832871899, 2487839.521776808891445 ], [ 114906.428324299049564, 2487835.789456270635128 ], [ 114905.054137917701155, 2487832.059597207698971 ], [ 114903.97926908248337, 2487829.200493537355214 ], [ 114902.872965409886092, 2487826.341953043360263 ], [ 114901.295754923601635, 2487822.616276742424816 ], [ 114899.65546859218739, 2487818.89173199608922 ], [ 114897.936969659233, 2487815.169140505138785 ], [ 114896.156001962954178, 2487811.447221690323204 ], [ 114894.312175438913982, 2487807.726872771512717 ], [ 114892.421860494592693, 2487804.007130226120353 ], [ 114890.468797976442147, 2487800.289287625811994 ], [ 114888.46831402159296, 2487796.571852893568575 ], [ 114886.436909828102216, 2487792.854968607891351 ], [ 114884.358830381650478, 2487789.139471935573965 ], [ 114882.264872632629704, 2487785.424039171542972 ], [ 114880.123710493731778, 2487781.709452600684017 ], [ 114877.98275632300647, 2487777.99497193377465 ], [ 114875.810678466514219, 2487774.281157751102 ], [ 114873.638499424792826, 2487770.567457162309438 ], [ 114871.450444771384355, 2487766.853931338526309 ], [ 114869.262489462795202, 2487763.140292257070541 ], [ 114867.090199079830199, 2487759.426373027265072 ], [ 114865.456911206478253, 2487756.828922545071691 ], [ 114863.834482373902574, 2487753.980943530797958 ], [ 114861.677543628844433, 2487750.266641253139824 ], [ 114860.101999755133875, 2487747.417491475585848 ], [ 114858.515707261103671, 2487744.819200430996716 ], [ 114856.437399130547419, 2487741.103267495520413 ], [ 114854.374764289823361, 2487737.387386945541948 ], [ 114852.866587707365397, 2487734.787478018086404 ], [ 114851.353392577904742, 2487731.937104248907417 ], [ 114849.384739723347593, 2487728.219098644331098 ], [ 114847.43427070369944, 2487724.626433297526091 ], [ 114845.499035192129668, 2487721.032722033560276 ], [ 114843.608511539699975, 2487717.31365284556523 ], [ 114841.718173832807224, 2487713.593802624382079 ], [ 114839.845602313696872, 2487709.999081199988723 ], [ 114837.988910342915915, 2487706.404407010413706 ], [ 114836.163535581377801, 2487702.80861793179065 ], [ 114834.337862026819494, 2487699.21328013530001 ], [ 114832.965645803837106, 2487696.360051609110087 ], [ 114831.614007544412743, 2487693.756899461150169 ], [ 114830.262886888696812, 2487691.15384533861652 ], [ 114828.906134768796619, 2487688.300563515163958 ], [ 114827.114490206411574, 2487684.829283023718745 ], [ 114825.320348248002119, 2487681.233269039075822 ], [ 114823.525993938033935, 2487677.637038577347994 ], [ 114821.734455895435531, 2487674.165977523196489 ], [ 114820.382613805995788, 2487671.563052725046873 ], [ 114819.041928541555535, 2487668.709148081950843 ], [ 114817.219062408606987, 2487665.238869711756706 ], [ 114815.411752963264007, 2487661.768091958481818 ], [ 114813.573328089260031, 2487658.298313337843865 ], [ 114811.750142438919283, 2487654.827710439451039 ], [ 114809.89615325583145, 2487651.358209811616689 ], [ 114808.497298821632285, 2487648.755683156661689 ], [ 114807.083204098278657, 2487646.153980941977352 ], [ 114805.669005889852997, 2487643.552281362470239 ], [ 114804.223467052914202, 2487640.950809982139617 ], [ 114802.778150501020718, 2487638.349998713936657 ], [ 114801.31715369928861, 2487635.748913581017405 ], [ 114799.855955925304443, 2487633.148055367637426 ], [ 114798.350373574474361, 2487630.673323707655072 ], [ 114796.844891073531471, 2487628.198478685226291 ], [ 114795.336902938666753, 2487625.598567528184503 ], [ 114793.281557184818666, 2487622.258116707671434 ], [ 114791.194984473579098, 2487618.918335053138435 ], [ 114789.061822427262086, 2487615.579273551702499 ], [ 114787.46234963403549, 2487613.106443891767412 ], [ 114785.815878403955139, 2487610.634455452673137 ], [ 114784.16971860488411, 2487608.162570252083242 ], [ 114782.476156457909383, 2487605.691869185306132 ], [ 114780.188741538790055, 2487602.481013573240489 ], [ 114777.854547700320836, 2487599.271548500284553 ], [ 114775.486301198601723, 2487595.937250754330307 ], [ 114773.076386598462705, 2487592.854362570215017 ], [ 114770.616452459420543, 2487589.647262443322688 ], [ 114768.125600273022428, 2487586.440823919605464 ], [ 114766.218148753512651, 2487584.22483680723235 ], [ 114764.290106350497808, 2487581.758330021053553 ], [ 114762.335753176477738, 2487579.542960111051798 ], [ 114760.360825666051824, 2487577.077735701575875 ], [ 114758.390911161608528, 2487574.862754810135812 ], [ 114756.373900507634971, 2487572.6488396092318 ], [ 114753.637720160419121, 2487569.697568144649267 ], [ 114750.880655726243276, 2487566.49645008938387 ], [ 114748.78541853587376, 2487564.284045879729092 ], [ 114746.661671624402516, 2487562.197593822143972 ], [ 114743.81813581159804, 2487559.37380130821839 ], [ 114740.9098386169062, 2487556.42594341840595 ], [ 114737.988599795324262, 2487553.603981758933514 ], [ 114735.754778116533998, 2487551.519614865072072 ], [ 114733.536719424882904, 2487549.434743494261056 ], [ 114731.256416357355192, 2487547.351316353771836 ], [ 114728.991464055841789, 2487545.267395028844476 ], [ 114726.69539064494893, 2487543.184251378756016 ], [ 114724.357337993569672, 2487541.352414403576404 ], [ 114722.014164841442835, 2487539.270226007793099 ], [ 114719.676420173316728, 2487537.43838185723871 ], [ 114716.506933055701666, 2487534.746533310972154 ], [ 114714.121876830700785, 2487532.915427985135466 ], [ 114711.689827290247194, 2487531.085385981947184 ], [ 114708.44744175625965, 2487528.645506648812443 ], [ 114705.157547180831898, 2487526.206703794654459 ], [ 114701.852386557962745, 2487523.767728197388351 ], [ 114698.50264037924353, 2487521.45510683581233 ], [ 114695.979522338078823, 2487519.752359837293625 ], [ 114693.440319866989739, 2487518.049682203680277 ], [ 114690.046396101766732, 2487515.863294848240912 ], [ 114686.589494947285857, 2487513.677926834207028 ], [ 114683.992960725736339, 2487512.227051532827318 ], [ 114681.375851012533531, 2487510.526321850717068 ], [ 114677.87696917692665, 2487508.592262069694698 ], [ 114674.331305221130606, 2487506.659482661634684 ], [ 114670.785943878057878, 2487504.726474517956376 ], [ 114668.095409657049458, 2487503.277284317649901 ], [ 114665.391932002734393, 2487501.953879618085921 ], [ 114662.688033323618583, 2487500.630153051577508 ], [ 114659.968682395643555, 2487499.307034817989916 ], [ 114656.303323446307331, 2487497.6269526546821 ], [ 114652.639650883851573, 2487496.072179906070232 ], [ 114648.929497087316122, 2487494.518347423058003 ], [ 114645.206391373416409, 2487493.089968279469758 ], [ 114641.482775151904207, 2487491.661824509035796 ], [ 114638.658978794934228, 2487490.590911504812539 ], [ 114635.819629943638574, 2487489.520720356609672 ], [ 114632.980172048090026, 2487488.450310503598303 ], [ 114630.142913639836479, 2487487.505086064338684 ], [ 114627.306178367580287, 2487486.560181813314557 ], [ 114624.422335627314169, 2487485.615900442935526 ], [ 114620.610354717180599, 2487484.439783349633217 ], [ 114616.766416950093117, 2487483.264021893963218 ], [ 114613.851245904748794, 2487482.320525103714317 ], [ 114610.972634093370289, 2487481.62692794483155 ], [ 114607.097676905163098, 2487480.451943737454712 ], [ 114604.1874172501266, 2487479.758694828953594 ], [ 114601.277162788202986, 2487479.065668158233166 ], [ 114598.367105783079751, 2487478.372304254677147 ], [ 114595.436065421847161, 2487477.429318066686392 ], [ 114591.535000751027837, 2487476.505358790513128 ], [ 114588.609485222026706, 2487475.812382851261646 ], [ 114585.652227598824538, 2487475.120089723728597 ], [ 114581.751166905916762, 2487474.196354492101818 ], [ 114577.82127999397926, 2487473.398247695993632 ], [ 114574.897762668028008, 2487472.830686058849096 ], [ 114571.940709537826478, 2487472.138390232343227 ], [ 114568.983558516483754, 2487471.446319228038192 ], [ 114566.044574625091627, 2487470.878812859766185 ], [ 114562.114688179281075, 2487470.080820707604289 ], [ 114558.18470089341281, 2487469.282942924182862 ], [ 114554.360621724743396, 2487468.506158270873129 ], [ 114550.324813803308643, 2487467.68663329211995 ], [ 114547.354609697475098, 2487467.120132330805063 ], [ 114544.415840694739018, 2487466.553068152628839 ], [ 114540.472474534821231, 2487465.880103366449475 ], [ 114537.518035861314274, 2487465.313210175838321 ], [ 114534.563279439054895, 2487464.745992646552622 ], [ 114530.620131911244243, 2487464.073579391464591 ], [ 114526.661521026049741, 2487463.401331702712923 ], [ 114523.722538271802478, 2487462.834054676350206 ], [ 114520.752225605072454, 2487462.267450271174312 ], [ 114516.793610639637336, 2487461.595094125252217 ], [ 114513.828308960772119, 2487461.278513074852526 ], [ 114510.873561235377565, 2487460.71174328122288 ], [ 114506.930622301239055, 2487460.039552361704409 ], [ 114502.971894208050799, 2487459.366869569290429 ], [ 114499.013285266817547, 2487458.694850328844041 ], [ 114496.047884611936752, 2487458.378496875986457 ], [ 114493.077975848456845, 2487457.81166549352929 ], [ 114489.121363403392024, 2487457.264949783217162 ], [ 114485.165257446758915, 2487456.717889572959393 ], [ 114482.163700513599906, 2487456.151407509110868 ], [ 114479.198621475836262, 2487455.835603749379516 ], [ 114476.228296101326123, 2487455.268674880731851 ], [ 114473.262993850861676, 2487454.952212180476636 ], [ 114469.304180688806809, 2487454.280427090357989 ], [ 114465.332400647224858, 2487453.733430688735098 ], [ 114461.360625737754162, 2487453.186657002661377 ], [ 114458.395222019928042, 2487452.870310480706394 ], [ 114455.409233979473356, 2487452.303887857589871 ], [ 114451.440074227168225, 2487451.882402298040688 ], [ 114447.48135311412625, 2487451.210287370719016 ], [ 114443.496222710469738, 2487450.789313918910921 ], [ 114439.53738651034655, 2487450.116760070901364 ], [ 114435.55256164749153, 2487449.695670012384653 ], [ 114431.593835836916696, 2487449.023448123130947 ], [ 114428.597306182025932, 2487448.707774261478335 ], [ 114425.631794059998356, 2487448.391325523611158 ], [ 114421.641946283809375, 2487447.719884061254561 ], [ 114418.676742742827628, 2487447.40342888655141 ], [ 114415.680209332145751, 2487447.087646584026515 ], [ 114411.721690005739219, 2487446.415535261388868 ], [ 114407.736452775658108, 2487445.994573281146586 ], [ 114403.762163221545052, 2487445.322747208178043 ], [ 114399.792992503615096, 2487444.901052740868181 ], [ 114396.796254261338618, 2487444.58538997778669 ], [ 114393.826026892114896, 2487444.018584477249533 ], [ 114389.840988335839938, 2487443.597400094848126 ], [ 114386.870556956273504, 2487443.0307118720375 ], [ 114383.87422710302053, 2487442.714930369053036 ], [ 114379.904956793121528, 2487442.293465107679367 ], [ 114375.930457784503233, 2487441.62165102828294 ], [ 114371.945520397566725, 2487441.200468515045941 ], [ 114368.975184820301365, 2487440.633559290785342 ], [ 114365.978444131964352, 2487440.317902288399637 ], [ 114362.00666349689709, 2487439.771374839823693 ], [ 114358.034776578424498, 2487439.224740074947476 ], [ 114355.038450002844911, 2487438.909185686614364 ], [ 114352.068107287283055, 2487438.342057811561972 ], [ 114348.082961262844037, 2487437.920886390842497 ], [ 114345.113043957157061, 2487437.354303791653365 ], [ 114342.116298589971848, 2487437.038540404289961 ], [ 114338.131460668810178, 2487436.617363710422069 ], [ 114335.161021643900312, 2487436.050574116874486 ], [ 114332.164278249430936, 2487435.73492344468832 ], [ 114328.19280014152173, 2487435.188285735435784 ], [ 114324.220700537960511, 2487434.641553611028939 ], [ 114320.23566295177443, 2487434.220719108823687 ], [ 114316.24558519985294, 2487433.54886536160484 ], [ 114313.280479199602269, 2487433.232537979725748 ], [ 114310.283734088996425, 2487432.916891398839653 ], [ 114307.282372132525779, 2487432.350658253766596 ], [ 114304.317056542029604, 2487432.034226818475872 ], [ 114300.33210606634384, 2487431.612840398680419 ], [ 114296.346857151307631, 2487431.191906151827425 ], [ 114293.37662029027706, 2487430.62511903885752 ], [ 114290.380185549089219, 2487430.309579323045909 ], [ 114287.383538945869077, 2487429.993823586497456 ], [ 114284.418327694293112, 2487429.677504131104797 ], [ 114280.433377971930895, 2487429.256233526393771 ], [ 114276.443195183586795, 2487428.584503057412803 ], [ 114272.458353218738921, 2487428.163453578948975 ], [ 114268.47361390577862, 2487427.742402516771108 ], [ 114264.488250356516801, 2487427.321146195288748 ], [ 114261.52314319263678, 2487427.00493926461786 ], [ 114258.526497184240725, 2487426.689299807418138 ], [ 114254.541333214438055, 2487426.267819114029408 ], [ 114250.556597681192216, 2487425.846994248684496 ], [ 114246.571541515353601, 2487425.425734670367092 ], [ 114242.58637914218707, 2487425.004367811139673 ], [ 114238.60383994714357, 2487424.708509563002735 ], [ 114235.609910587605555, 2487424.518046888988465 ], [ 114232.613360205548815, 2487424.202188009861857 ], [ 114228.628410939476453, 2487423.781152065843344 ], [ 114224.645968045282643, 2487423.485073049087077 ], [ 114220.663527600525413, 2487423.189105870202184 ], [ 114217.666775606339797, 2487422.873476681765169 ], [ 114214.672839394479524, 2487422.682796245906502 ], [ 114210.69029784493614, 2487422.38694504648447 ], [ 114207.69374294555746, 2487422.070979990530759 ], [ 114204.702123582654167, 2487422.005927699618042 ], [ 114200.719781777821481, 2487421.709852115716785 ], [ 114197.725641240831465, 2487421.519290925934911 ], [ 114194.731400249816943, 2487421.328843736555427 ], [ 114191.737462695513386, 2487421.138167656958103 ], [ 114188.743427472538315, 2487420.947716450318694 ], [ 114185.749286242993549, 2487420.757157537154853 ], [ 114182.757863586884923, 2487420.691771712619811 ], [ 114179.766337744949851, 2487420.626389022450894 ], [ 114176.772402141301427, 2487420.435826666653156 ], [ 114173.778168323042337, 2487420.245716034900397 ], [ 114170.888162233459298, 2487420.232040491420776 ], [ 114166.790834964253008, 2487420.009734488558024 ], [ 114162.797752052778378, 2487419.964529155287892 ], [ 114158.802153352124151, 2487419.794036295730621 ], [ 114154.806660180387553, 2487419.623652745503932 ], [ 114150.813462470134255, 2487419.578009644988924 ], [ 114146.82038423686754, 2487419.533030136022717 ], [ 114143.831266720837448, 2487419.592834656126797 ], [ 114140.821663012728095, 2487419.402560158167034 ], [ 114136.830983120424207, 2487419.482320098672062 ], [ 114132.835388385632541, 2487419.312055609654635 ], [ 114128.828941596962977, 2487419.39221205143258 ], [ 114124.835957012546714, 2487419.346903050784022 ], [ 114120.842874720110558, 2487419.301819378044456 ], [ 114116.83642745623365, 2487419.381978954188526 ], [ 114113.831951891770586, 2487419.44206257071346 ], [ 114110.840325744007714, 2487419.37691746186465 ], [ 114107.848588072054554, 2487419.311442908365279 ], [ 114104.844112245249562, 2487419.371528280898929 ], [ 114100.837770183628891, 2487419.45180028770119 ], [ 114096.83142800279893, 2487419.532073338516057 ], [ 114092.825188727176283, 2487419.61234486149624 ], [ 114088.834715896693524, 2487419.692222924437374 ], [ 114084.84404513752088, 2487419.772439774125814 ], [ 114080.837694085668772, 2487419.852384401485324 ], [ 114076.831454256898724, 2487419.93266009259969 ], [ 114072.825214296462946, 2487420.012936841696501 ], [ 114069.820322595420294, 2487420.072928501758724 ], [ 114066.815645219699945, 2487420.13324818527326 ], [ 114062.809613792633172, 2487420.21363324066624 ], [ 114058.808294827351347, 2487420.544160937424749 ], [ 114054.802054314350244, 2487420.624442380852997 ], [ 114051.797373827721458, 2487420.684654153883457 ], [ 114048.792793551343493, 2487420.744753062259406 ], [ 114045.787906828220002, 2487420.804971147794276 ], [ 114042.788250918674748, 2487421.115429454483092 ], [ 114039.783364069589879, 2487421.175648740492761 ], [ 114036.747556755319238, 2487421.236420521978289 ], [ 114032.741112228133716, 2487421.316823730245233 ], [ 114028.739998955628835, 2487421.647354213055223 ], [ 114024.733757542446256, 2487421.727643506135792 ], [ 114020.727307114750147, 2487421.807828135788441 ], [ 114016.726202016579919, 2487422.138694357592613 ], [ 114012.68862764025107, 2487422.219549084547907 ], [ 114009.683940667135175, 2487422.279547366313636 ], [ 114006.684184281737544, 2487422.590126278810203 ], [ 114002.678248619718943, 2487422.670302730984986 ], [ 113999.673154812538996, 2487422.730535043869168 ], [ 113996.64247795502888, 2487423.041667906101793 ], [ 113992.635929254058283, 2487423.122084204573184 ], [ 113988.634715240099467, 2487423.452738688327372 ], [ 113984.597243147843983, 2487423.533598225098103 ], [ 113981.592552844260354, 2487423.593491171952337 ], [ 113978.592799116042443, 2487423.904186502564698 ], [ 113974.555532836122438, 2487423.98504352895543 ], [ 113970.553909207228571, 2487424.315823970828205 ], [ 113967.549224170157686, 2487424.375941404141486 ], [ 113964.513209228578489, 2487424.436732643283904 ], [ 113961.513555719517171, 2487424.747317930683494 ], [ 113958.508773012668826, 2487424.807661437429488 ], [ 113954.471291748399381, 2487424.888196341693401 ], [ 113950.469873987080064, 2487425.218976903241128 ], [ 113946.432398049393669, 2487425.299735630862415 ], [ 113942.428671723231673, 2487425.505335250403732 ], [ 113939.395059492147993, 2487425.690979401115328 ], [ 113936.390691283449996, 2487425.751427801791579 ], [ 113932.370777641772293, 2487425.957102441694587 ], [ 113928.351691079209559, 2487426.162868353072554 ], [ 113924.313908137497492, 2487426.243751523084939 ], [ 113920.312799195584375, 2487426.57453232165426 ], [ 113917.276877984229941, 2487426.634997767861933 ], [ 113914.272197389625944, 2487426.695347372442484 ], [ 113910.234517086413689, 2487426.776231669355184 ], [ 113906.217532738519367, 2487427.107191714923829 ], [ 113902.195824929571245, 2487427.187678289134055 ], [ 113898.158041220507585, 2487427.268568347673863 ], [ 113894.151798881939612, 2487427.349002647213638 ], [ 113890.114321278175339, 2487427.4297762257047 ], [ 113887.11456152953906, 2487427.740267965942621 ], [ 113884.07885398279177, 2487427.801067417487502 ], [ 113880.072296536294743, 2487427.881291415076703 ], [ 113877.036485746037215, 2487427.942094843834639 ], [ 113874.031706711975858, 2487428.002676628530025 ], [ 113869.993911006837152, 2487428.083130649290979 ], [ 113865.987868320720736, 2487428.163345437031239 ], [ 113861.947673980321269, 2487428.119175279513001 ], [ 113857.939110151957721, 2487428.073992422316223 ], [ 113853.901221865147818, 2487428.154896688181907 ], [ 113849.895178562845103, 2487428.235115641728044 ], [ 113845.870755639101844, 2487428.190776684321463 ], [ 113841.739444998092949, 2487428.148116540629417 ], [ 113837.83986266941065, 2487428.226116875186563 ], [ 113833.828481397707947, 2487428.056102542672306 ], [ 113829.788689379754942, 2487428.011597875971347 ], [ 113825.779728439578321, 2487427.967098828870803 ], [ 113821.768538671429269, 2487427.796528121456504 ], [ 113818.763646585633978, 2487427.856790681835264 ], [ 113815.754335922305472, 2487427.666460494510829 ], [ 113811.742850239214022, 2487427.496454416308552 ], [ 113807.731358737917617, 2487427.326227663550526 ], [ 113803.720073065022007, 2487427.155996758956462 ], [ 113799.70889850781532, 2487426.986096871085465 ], [ 113795.713167271809652, 2487426.815256682224572 ], [ 113792.719220845960081, 2487426.62498987885192 ], [ 113789.709502108918969, 2487426.434896747115999 ], [ 113786.6996718031005, 2487426.244474177248776 ], [ 113783.703105931344908, 2487425.929033600259572 ], [ 113779.707782952464186, 2487425.758076269179583 ], [ 113775.706828941765707, 2487425.337555286474526 ], [ 113772.710148134792689, 2487425.021675914525986 ], [ 113769.71640087821288, 2487424.831186591647565 ], [ 113765.733826066018082, 2487424.535227112937719 ], [ 113762.73715013981564, 2487424.219571348745376 ], [ 113759.740577040822245, 2487423.90391354681924 ], [ 113755.755588301806711, 2487423.482775860931724 ], [ 113751.765664355072659, 2487422.811058645136654 ], [ 113747.780669199302793, 2487422.389701215550303 ], [ 113744.815115726843942, 2487422.07338029332459 ], [ 113741.813508810999338, 2487421.507369588129222 ], [ 113737.844284800696187, 2487421.085841523483396 ], [ 113733.870030591962859, 2487420.414069001562893 ], [ 113729.911336401361041, 2487419.741907767020166 ], [ 113725.921097339247353, 2487419.070093792397529 ], [ 113721.962416002876125, 2487418.398488793987781 ], [ 113718.00370914832456, 2487417.725887010805309 ], [ 113714.042287593416404, 2487416.928445770870894 ], [ 113710.081280435551889, 2487416.131106041371822 ], [ 113707.110796601162292, 2487415.564544021617621 ], [ 113704.153760348563083, 2487414.872071720659733 ], [ 113701.19663178990595, 2487414.180045983754098 ], [ 113698.226138670463115, 2487413.613152973819524 ], [ 113694.293839487421792, 2487412.689967662561685 ], [ 113690.34325086226454, 2487411.641778311226517 ], [ 113686.410852885164786, 2487410.718819171655923 ], [ 113682.478445964516141, 2487409.795528389513493 ], [ 113678.540798874222673, 2487408.621887310873717 ], [ 113675.614988832676318, 2487407.928859730251133 ], [ 113672.653129638056271, 2487406.986364079639316 ], [ 113668.746913739712909, 2487405.812048876192421 ], [ 113664.840493759431411, 2487404.637850616127253 ], [ 113660.950143282767385, 2487403.463028847705573 ], [ 113657.07284684071783, 2487402.163083439692855 ], [ 113653.195446558645926, 2487400.863141484092921 ], [ 113649.349372688389849, 2487399.562415661755949 ], [ 113645.516241361212451, 2487398.136236167978495 ], [ 113642.645335366250947, 2487397.066558785736561 ], [ 113639.806070825608913, 2487395.996311110444367 ], [ 113636.966488344769459, 2487394.925739070400596 ], [ 113634.122085717855953, 2487393.605138429440558 ], [ 113630.38304405787494, 2487392.176938001532108 ], [ 113626.654639327723999, 2487390.498322102241218 ], [ 113622.941894500982016, 2487388.819203723222017 ], [ 113619.244712118408643, 2487387.139807165134698 ], [ 113615.610188891529106, 2487385.459063536953181 ], [ 113611.988919770170469, 2487383.652969119139016 ], [ 113608.380690274527296, 2487381.721196487080306 ], [ 113604.8219818349462, 2487379.91397992009297 ], [ 113601.257230986433569, 2487377.956159913446754 ], [ 113597.806441274064127, 2487375.920939795672894 ], [ 113594.339105330116581, 2487373.986749433912337 ], [ 113591.768912195402663, 2487372.284781869500875 ], [ 113589.219213548407424, 2487370.832894802559167 ], [ 113585.85638564574765, 2487368.645715974736959 ], [ 113582.540659083344508, 2487366.457690458279103 ], [ 113580.06383518432267, 2487364.753717991057783 ], [ 113577.634427778422832, 2487363.049112546257675 ], [ 113574.40986236045137, 2487360.733895904850215 ], [ 113572.024824060499668, 2487358.902938144281507 ], [ 113569.686990586516913, 2487357.071130771655589 ], [ 113567.34874713269528, 2487355.239444875624031 ], [ 113565.057594406942371, 2487353.406468474306166 ], [ 113562.792635798279662, 2487351.322575167287141 ], [ 113560.532920632686, 2487349.489144406281412 ], [ 113557.58267605403671, 2487346.792775346431881 ], [ 113554.67932674579788, 2487344.095564523711801 ], [ 113551.822867194598075, 2487341.397290187422186 ], [ 113548.995118893682957, 2487338.573277307674289 ], [ 113546.214271461183671, 2487335.748644330073148 ], [ 113544.184290895995218, 2487333.659974761772901 ], [ 113542.136122836265713, 2487331.44629782019183 ], [ 113540.118986345303711, 2487329.232398190535605 ], [ 113538.149052057415247, 2487327.017537898849696 ], [ 113536.179108891810756, 2487324.802345193456858 ], [ 113534.219695857609622, 2487322.336627846583724 ], [ 113531.655430429440457, 2487319.382105015218258 ], [ 113529.758885347284377, 2487316.915145577397197 ], [ 113527.882626822101884, 2487314.698160818777978 ], [ 113525.391859177092556, 2487311.491757919080555 ], [ 113522.916545429965481, 2487308.284857112448663 ], [ 113520.503790899296291, 2487305.076721806079149 ], [ 113518.107022213749588, 2487301.868740828242153 ], [ 113515.725593289651442, 2487298.659821026958525 ], [ 113513.388750916696154, 2487295.324986525811255 ], [ 113511.067671623779461, 2487291.989646310918033 ], [ 113508.746184781368356, 2487288.654538365080953 ], [ 113506.471899914206006, 2487285.318469715770334 ], [ 113504.778797620441765, 2487282.847523632459342 ], [ 113503.08276189758908, 2487280.251298758666962 ], [ 113500.837484881863929, 2487276.789040367584676 ], [ 113498.609787082241382, 2487273.452248701825738 ], [ 113496.398161580727901, 2487270.114943534135818 ], [ 113494.199678200529888, 2487266.651956824585795 ], [ 113492.016657163738273, 2487263.188804687000811 ], [ 113489.834044677496422, 2487259.725531523115933 ], [ 113487.666582604171708, 2487256.261989816091955 ], [ 113486.033517053932883, 2487253.664631708525121 ], [ 113484.431366379198153, 2487251.066499037202448 ], [ 113482.798397358332295, 2487248.468916821293533 ], [ 113481.196351534163114, 2487245.870892608072609 ], [ 113479.594505798595492, 2487243.272641600575298 ], [ 113477.992461799760349, 2487240.674728447105736 ], [ 113476.358975562034175, 2487238.077159556560218 ], [ 113474.75954621884739, 2487235.604200647212565 ], [ 113473.16012197145028, 2487233.131463581230491 ], [ 113471.573739878367633, 2487230.533158272504807 ], [ 113469.453576648957096, 2487227.068654443137348 ], [ 113467.8516215744894, 2487224.470295863226056 ], [ 113466.26513763028197, 2487221.872104309499264 ], [ 113464.678959573735483, 2487219.273794233798981 ], [ 113463.09256941115018, 2487216.675267710816115 ], [ 113460.988069387152791, 2487213.210482866037637 ], [ 113458.883262163260952, 2487209.745816794689745 ], [ 113456.794324043672532, 2487206.280753195751458 ], [ 113454.705385087814648, 2487202.815689728595316 ], [ 113453.15043099533068, 2487200.216708727180958 ], [ 113451.595270339748822, 2487197.617732959333807 ], [ 113450.040513088344596, 2487195.018414346966892 ], [ 113448.487869756005239, 2487192.544617157429457 ], [ 113446.43267323897453, 2487189.204061103519052 ], [ 113444.89307417179225, 2487186.604806629009545 ], [ 113443.354092962050345, 2487184.00553673831746 ], [ 113441.31183388113277, 2487180.53941527986899 ], [ 113439.285446761641651, 2487177.073007133789361 ], [ 113437.258858276007231, 2487173.606826006900519 ], [ 113435.248239255335648, 2487170.140133889392018 ], [ 113433.237619425810408, 2487166.673441900406033 ], [ 113431.242771311663091, 2487163.206576643511653 ], [ 113429.750159370654728, 2487160.606145339552313 ], [ 113428.257655615976546, 2487158.005933257751167 ], [ 113426.796682512853295, 2487155.404820111114532 ], [ 113425.304180655861273, 2487152.804719011299312 ], [ 113423.355808619060554, 2487149.336800424847752 ], [ 113421.407853587588761, 2487145.869093358051032 ], [ 113419.941738575289492, 2487143.017626278568059 ], [ 113418.496435266162734, 2487140.416453579906374 ], [ 113417.050822388322558, 2487137.815288681536913 ], [ 113415.605412416451145, 2487135.214007840957493 ], [ 113413.704139717388898, 2487131.745242213364691 ], [ 113411.802966544462834, 2487128.276363238226622 ], [ 113410.388782601861749, 2487125.674410978797823 ], [ 113408.990370774816256, 2487123.072285353671759 ], [ 113407.115383586089592, 2487119.352267247159034 ], [ 113405.276565522595774, 2487115.882269627880305 ], [ 113403.422389199433383, 2487112.412546086590737 ], [ 113401.599548379599582, 2487108.942370072007179 ], [ 113400.227318980207201, 2487106.088994528632611 ], [ 113398.875692693749443, 2487103.485807664226741 ], [ 113397.083971911924891, 2487100.014851949177682 ], [ 113395.732550830114633, 2487097.411660055164248 ], [ 113394.407225161907263, 2487094.55777477985248 ], [ 113392.647028335835785, 2487091.08569641970098 ], [ 113390.899786801484879, 2487087.488717441447079 ], [ 113389.168099934817292, 2487083.891126836184412 ], [ 113387.863573731039651, 2487081.28709270991385 ], [ 113386.585131798463408, 2487078.431921724695712 ], [ 113384.887512593762949, 2487074.959384635556489 ], [ 113383.200299499032553, 2487071.235548975877464 ], [ 113381.531385299516842, 2487067.637051027733833 ], [ 113379.862253241124563, 2487064.038114858325571 ], [ 113378.631115621130448, 2487061.181980376131833 ], [ 113377.404611065168865, 2487058.576545761432499 ], [ 113375.780165196862072, 2487054.851580963935703 ], [ 113374.173801092372742, 2487051.251515585929155 ], [ 113372.567336112668272, 2487047.651563716121018 ], [ 113370.989991789974738, 2487043.925751362461597 ], [ 113369.412240203877445, 2487040.200171132571995 ], [ 113368.232719519117381, 2487037.593337330035865 ], [ 113367.048378301144112, 2487034.736584906466305 ], [ 113365.486177850165404, 2487031.010282241273671 ], [ 113363.940267484576907, 2487027.28390414500609 ], [ 113362.77661815675674, 2487024.676783605478704 ], [ 113361.639273015491199, 2487021.819075269624591 ], [ 113360.09253119584173, 2487018.092496258672327 ], [ 113358.57774907303974, 2487014.36567089240998 ], [ 113357.062960829643998, 2487010.63862387323752 ], [ 113355.547965886828024, 2487006.911582075990736 ], [ 113354.032758699904662, 2487003.184323778375983 ], [ 113352.548993246571627, 2486999.456721193622798 ], [ 113351.416576889110729, 2486996.849261812400073 ], [ 113350.310456357314251, 2486993.990882030688226 ], [ 113348.811323457222898, 2486990.263220987748355 ], [ 113347.327661875053309, 2486986.535726851783693 ], [ 113345.843885536130983, 2486982.807791910134256 ], [ 113344.360225594020449, 2486979.08040875243023 ], [ 113342.876551212801132, 2486975.352471324149519 ], [ 113341.754549716308247, 2486972.494156962260604 ], [ 113340.648331705189776, 2486969.636112585663795 ], [ 113339.164756159763783, 2486965.908061837311834 ], [ 113337.681090925179888, 2486962.180568058043718 ], [ 113336.110695008246694, 2486958.234716415405273 ], [ 113334.713744842854794, 2486954.725026320200413 ], [ 113333.230172636685893, 2486950.99719751952216 ], [ 113331.746507918287534, 2486947.2698147832416 ], [ 113330.246952975809108, 2486943.542053884360939 ], [ 113328.747820777352899, 2486939.814726124983281 ], [ 113327.264251870510634, 2486936.087119260802865 ], [ 113325.749351359438151, 2486932.360186819452792 ], [ 113324.234238603094127, 2486928.633037873078138 ], [ 113323.096570390684064, 2486925.775227479171008 ], [ 113321.964349089248572, 2486923.16765292128548 ], [ 113320.44934629870113, 2486919.440834132488817 ], [ 113318.918667641526554, 2486915.713964571245015 ], [ 113317.387885359174106, 2486911.987097637727857 ], [ 113315.841847766190767, 2486908.260502222925425 ], [ 113314.295402920630295, 2486904.534138909075409 ], [ 113312.749266656406689, 2486900.807767898775637 ], [ 113311.585402211057954, 2486898.200875806156546 ], [ 113310.416713986545801, 2486895.343954124953598 ], [ 113308.854694836423732, 2486891.617537641897798 ], [ 113307.277325613948051, 2486887.891727808397263 ], [ 113306.097684076288715, 2486885.284898501820862 ], [ 113304.913324492634274, 2486882.428147896192968 ], [ 113303.335747667064425, 2486878.702343389391899 ], [ 113301.758270478225313, 2486874.976425516419113 ], [ 113300.578736007446423, 2486872.369815521873534 ], [ 113299.394163154880516, 2486869.512848528567702 ], [ 113298.178676555166021, 2486866.656767384149134 ], [ 113296.999141055275686, 2486864.050157504621893 ], [ 113295.405997244408354, 2486860.324632533360273 ], [ 113293.812646710954141, 2486856.599112767726183 ], [ 113292.602087942301296, 2486853.993169718887657 ], [ 113291.402260794246104, 2486851.136585279367864 ], [ 113289.808697048923932, 2486847.410849147010595 ], [ 113288.597933812940028, 2486844.805022245272994 ], [ 113287.398108252091333, 2486841.94854879938066 ], [ 113286.197964870370924, 2486839.091750543564558 ], [ 113284.987094762269408, 2486836.485815479420125 ], [ 113283.378179023391567, 2486832.760686245281249 ], [ 113281.769463225384243, 2486829.035330183338374 ], [ 113280.558591878972948, 2486826.429395286366343 ], [ 113279.342993906408083, 2486823.573206454049796 ], [ 113278.132224920555018, 2486820.967269037850201 ], [ 113276.93217909289524, 2486818.110357642639428 ], [ 113275.323263035330456, 2486814.385339599568397 ], [ 113274.096931687381584, 2486811.779792410321534 ], [ 113272.896890260046348, 2486808.923102837521583 ], [ 113271.697051812545396, 2486806.066297305282205 ], [ 113270.486077319248579, 2486803.460476185195148 ], [ 113268.877467926533427, 2486799.735450669191778 ], [ 113267.666484306624625, 2486797.129297067411244 ], [ 113266.450573392270599, 2486794.273116398602724 ], [ 113264.841962423524819, 2486790.54809105489403 ], [ 113263.631389890157152, 2486787.941927255596966 ], [ 113262.431041802105028, 2486785.085467488970608 ], [ 113260.837884705048054, 2486781.359943963587284 ], [ 113259.627104906307068, 2486778.753785464912653 ], [ 113258.426956206210889, 2486775.897098935674876 ], [ 113256.83380032365676, 2486772.171686450950801 ], [ 113255.6233341160696, 2486769.565742039587349 ], [ 113254.438653567631263, 2486766.709111593663692 ], [ 113253.223137083929032, 2486763.852366695646197 ], [ 113252.043597371375654, 2486761.24609086336568 ], [ 113250.466095039679203, 2486757.519953378941864 ], [ 113249.281404653331265, 2486754.662990493699908 ], [ 113248.070939068275038, 2486752.057157205883414 ], [ 113246.493440770311281, 2486748.33124161278829 ], [ 113244.915950183174573, 2486744.605658653192222 ], [ 113243.736605927289929, 2486741.999045324046165 ], [ 113242.583036165509839, 2486739.141302455216646 ], [ 113241.005641578987706, 2486735.415495349559933 ], [ 113239.826298981555738, 2486732.808993017766625 ], [ 113238.673145879525691, 2486729.951461649499834 ], [ 113237.110999146359973, 2486726.225161506794393 ], [ 113235.564931171364151, 2486722.498569257557392 ], [ 113234.01866482605692, 2486718.772314830683172 ], [ 113232.854881573293824, 2486716.165422616060823 ], [ 113231.717290571192279, 2486713.307612198870629 ], [ 113230.186787397309672, 2486709.580851803999394 ], [ 113228.65617782267509, 2486705.853983151260763 ], [ 113227.141243154299445, 2486702.12716534268111 ], [ 113226.008789511048235, 2486699.519598808605224 ], [ 113224.871188184712082, 2486696.661456003785133 ], [ 113223.387683940760326, 2486692.933850371744484 ], [ 113221.88820275926264, 2486689.206534380093217 ], [ 113220.389130474126432, 2486685.479097215458751 ], [ 113218.905312580580357, 2486681.751388636417687 ], [ 113217.437258808524348, 2486678.023173941764981 ], [ 113215.953751750465017, 2486674.295568569097668 ], [ 113214.501575729402248, 2486670.567288724705577 ], [ 113213.017663661332335, 2486666.840026365127414 ], [ 113211.565272095613182, 2486663.111419192049652 ], [ 113210.112988604407292, 2486659.383031191304326 ], [ 113208.691827309899963, 2486655.653863019775599 ], [ 113207.239545522490516, 2486651.925586006138474 ], [ 113205.818394278758205, 2486648.19686135603115 ], [ 113204.114359056809917, 2486643.681513086427003 ], [ 113202.26354731945321, 2486638.749302857555449 ], [ 113200.842177011421882, 2486635.020140105392784 ], [ 113199.436785347643308, 2486631.290798663161695 ], [ 113198.031395947386045, 2486627.561568111181259 ], [ 113196.988001602177974, 2486624.701951533555984 ], [ 113195.944392499804962, 2486621.842007570900023 ], [ 113194.554568778548855, 2486618.112608726136386 ], [ 113193.180403443868272, 2486614.38259549299255 ], [ 113192.152360287029296, 2486611.52248320588842 ], [ 113191.108858455205336, 2486608.662758466321975 ], [ 113189.750359121593647, 2486604.932463491801172 ], [ 113188.39196513639763, 2486601.202276839874685 ], [ 113187.379693727067206, 2486598.341991059482098 ], [ 113186.35174922447186, 2486595.481765442062169 ], [ 113185.008915425336454, 2486591.751188752241433 ], [ 113183.996439772017766, 2486588.891019079368562 ], [ 113182.999826116429176, 2486586.030118948314339 ], [ 113181.672967545397114, 2486582.299252736382186 ], [ 113180.676052436756436, 2486579.43869299441576 ], [ 113179.679440630949102, 2486576.577903819736093 ], [ 113178.352274489996489, 2486572.847156296484172 ], [ 113177.355662052403204, 2486569.986367140430957 ], [ 113176.390280900988728, 2486567.125016881618649 ], [ 113175.078775298956316, 2486563.393765861634165 ], [ 113174.098035397822969, 2486560.532689739018679 ], [ 113173.132450035656802, 2486557.671455571893603 ], [ 113172.167067748843692, 2486554.810105379670858 ], [ 113171.186430098314304, 2486551.949026743881404 ], [ 113170.236505717854016, 2486549.087289029732347 ], [ 113169.255458088999148, 2486546.226331611163914 ], [ 113167.990949114260729, 2486542.494124320801347 ], [ 113167.041235546173993, 2486539.632603220641613 ], [ 113166.091413095535245, 2486536.770862990990281 ], [ 113165.142108461353928, 2486533.909220712725073 ], [ 113164.192185234627686, 2486531.047593971714377 ], [ 113163.242874530085828, 2486528.185730020981282 ], [ 113162.292953570315149, 2486525.324214157648385 ], [ 113161.374776508833747, 2486522.462013399228454 ], [ 113160.424746416625567, 2486519.600278428290039 ], [ 113159.506463036348578, 2486516.737969407811761 ], [ 113158.57240618148353, 2486513.875833986327052 ], [ 113157.638460504531395, 2486511.014028570614755 ], [ 113156.720070539915469, 2486508.151611320208758 ], [ 113155.801582824322395, 2486505.28941839421168 ], [ 113154.89876224444015, 2486502.426943598780781 ], [ 113153.965016132395249, 2486499.56491134269163 ], [ 113153.062292556453031, 2486496.702212286181748 ], [ 113152.159365432220511, 2486493.839629238471389 ], [ 113151.256747244566213, 2486490.977038477081805 ], [ 113150.354231849953067, 2486488.114445138256997 ], [ 113149.451306786795612, 2486485.251973001286387 ], [ 113148.548375928250607, 2486482.389279154129326 ], [ 113147.645650947175454, 2486479.526580146048218 ], [ 113146.774360801558942, 2486476.663203955627978 ], [ 113145.871643672813661, 2486473.800837565679103 ], [ 113144.682840580353513, 2486469.942045339383185 ], [ 113143.509490033029579, 2486466.082643853500485 ], [ 113142.622542522323783, 2486463.219993039499968 ], [ 113141.751251098583452, 2486460.356616909150034 ], [ 113140.879650252696592, 2486457.493248554877937 ], [ 113139.992387332604267, 2486454.630383802577853 ], [ 113138.835123148513958, 2486450.771022748667747 ], [ 113137.677747163863387, 2486446.911331713199615 ], [ 113136.821821041638032, 2486444.048014120664448 ], [ 113135.934760387288406, 2486441.185033396352082 ], [ 113134.792847504664678, 2486437.325176539830863 ], [ 113133.651037302857731, 2486433.465317135676742 ], [ 113132.795207651739474, 2486430.601775275543332 ], [ 113131.939592237118632, 2486427.7385608330369 ], [ 113130.797360487631522, 2486423.878379209432751 ], [ 113129.6868977342383, 2486420.018510391470045 ], [ 113128.831468155491166, 2486417.154514790978283 ], [ 113127.975637272233143, 2486414.290972982998937 ], [ 113126.864956336852629, 2486410.430665927007794 ], [ 113125.738601983932313, 2486406.570419055875391 ], [ 113124.612353083444759, 2486402.710280469153076 ], [ 113123.501673771883361, 2486398.85008432995528 ], [ 113122.677276773436461, 2486395.985865347087383 ], [ 113121.837209274759516, 2486393.12181739974767 ], [ 113120.72662931290688, 2486389.261507863644511 ], [ 113119.631713693903293, 2486385.400805565994233 ], [ 113118.521029932773672, 2486381.540498616173863 ], [ 113117.42631413298659, 2486377.679569475352764 ], [ 113116.331500473839696, 2486373.818864633794874 ], [ 113115.236483095854055, 2486369.958275846671313 ], [ 113114.157021477469243, 2486366.097075156867504 ], [ 113113.04653917188989, 2486362.236652258317918 ], [ 113111.967288521816954, 2486358.375668172258884 ], [ 113110.887937204563059, 2486354.514797550160438 ], [ 113110.078995648771524, 2486351.650191102642566 ], [ 113109.2701541800634, 2486348.785471199546009 ], [ 113108.190902254427783, 2486344.924487155396491 ], [ 113107.111755792051554, 2486341.063611393794417 ], [ 113106.032703700824641, 2486337.2024004785344 ], [ 113104.953241801646072, 2486333.341310764662921 ], [ 113103.889552941778675, 2486329.480047468561679 ], [ 113102.825858159689233, 2486325.618562436196953 ], [ 113102.017020440252963, 2486322.754064340610057 ], [ 113101.221639418508857, 2486319.764097929932177 ], [ 113100.157737632631324, 2486315.902618092484772 ], [ 113099.093941345054191, 2486312.041246555745602 ], [ 113098.030765829666052, 2486308.17997037479654 ], [ 113096.966974397597369, 2486304.318820580374449 ], [ 113095.903068424726371, 2486300.457229939289391 ], [ 113094.855456402350683, 2486296.595674485899508 ], [ 113093.791867234802339, 2486292.734408690128475 ], [ 113092.72806607617531, 2486288.872926363255829 ], [ 113091.680244103539735, 2486285.011265234556049 ], [ 113090.632112617080566, 2486281.149611875414848 ], [ 113089.568416225491092, 2486277.288237851113081 ], [ 113088.520590431930032, 2486273.426465905737132 ], [ 113087.472666809917428, 2486269.564918274991214 ], [ 113086.408969381416682, 2486265.703544281888753 ], [ 113085.30470241891453, 2486261.634857798460871 ], [ 113084.313009002420586, 2486257.980119060724974 ], [ 113083.265078424126841, 2486254.118349748197943 ], [ 113082.217052808322478, 2486250.256915606092662 ], [ 113081.169227384612896, 2486246.39525457797572 ], [ 113080.120989389368333, 2486242.533603921532631 ], [ 113079.073260789911728, 2486238.671718607190996 ], [ 113078.025130728725344, 2486234.810287088155746 ], [ 113076.977192547405139, 2486230.948296114336699 ], [ 113075.929265122918878, 2486227.086748592555523 ], [ 113074.88132902700454, 2486223.224868486635387 ], [ 113073.817632987105753, 2486219.363716340158135 ], [ 113072.769698969379533, 2486215.501947127282619 ], [ 113071.721667131525464, 2486211.640402210876346 ], [ 113070.673838269489352, 2486207.778741307556629 ], [ 113069.610335812903941, 2486203.917140585836023 ], [ 113068.562002095452044, 2486200.055936053395271 ], [ 113067.514367198746186, 2486196.193826536182314 ], [ 113066.450560088676866, 2486192.332455326803029 ], [ 113065.387173195136711, 2486188.471406386233866 ], [ 113064.338921689020935, 2486184.609423265326768 ], [ 113063.259858042292763, 2486180.748323673382401 ], [ 113062.211725580564234, 2486176.887003153562546 ], [ 113061.402872118109372, 2486174.022283662110567 ], [ 113060.609688965370879, 2486171.157393121626228 ], [ 113059.546194296795875, 2486167.296235932968557 ], [ 113058.46682264318224, 2486163.435254998039454 ], [ 113057.38775425485801, 2486159.574044603388757 ], [ 113056.308379118854646, 2486155.712952837347984 ], [ 113055.228900553658605, 2486151.851863650139421 ], [ 113054.149833864998072, 2486147.990764138754457 ], [ 113053.07046041142894, 2486144.129783263429999 ], [ 113051.991181328368839, 2486140.268467221874744 ], [ 113051.18243948649615, 2486137.404188675340265 ], [ 113050.342565263621509, 2486134.540357943158597 ], [ 113049.262987218156923, 2486130.679493126925081 ], [ 113048.152271028666291, 2486126.818854426499456 ], [ 113047.343831859936472, 2486123.954346439335495 ], [ 113046.503544399980456, 2486121.090526081621647 ], [ 113045.3928411922534, 2486117.230441711843014 ], [ 113044.282329812238459, 2486113.369797890540212 ], [ 113043.156153058924247, 2486109.509546875488013 ], [ 113042.045540644321591, 2486105.649016515351832 ], [ 113041.190102119813673, 2486102.785576076712459 ], [ 113040.365274800220504, 2486099.921479028183967 ], [ 113039.223334173555486, 2486096.061845153570175 ], [ 113038.081588151224423, 2486092.201762683689594 ], [ 113037.225842217216268, 2486089.338440888561308 ], [ 113036.369987434300128, 2486086.47489998396486 ], [ 113035.514327434648294, 2486083.610910452436656 ], [ 113034.658474992669653, 2486080.747480434831232 ], [ 113033.501173749915324, 2486076.888120812829584 ], [ 113032.343465437821578, 2486073.028993267565966 ], [ 113031.456371243868489, 2486070.165791967883706 ], [ 113030.58495299750939, 2486067.302641316782683 ], [ 113029.411770820210222, 2486063.443347137887031 ], [ 113028.2385882587987, 2486059.584052982274443 ], [ 113027.335727648751345, 2486056.721357966307551 ], [ 113026.464614722877741, 2486053.858088758774102 ], [ 113025.561962529551238, 2486050.995499465148896 ], [ 113024.658906190365087, 2486048.133253103122115 ], [ 113023.756250736361835, 2486045.270552960690111 ], [ 113022.853698114107829, 2486042.407850252464414 ], [ 113021.951253883074969, 2486039.545366693753749 ], [ 113021.048182700702455, 2486036.682566076517105 ], [ 113019.812434349500109, 2486032.824618940707296 ], [ 113018.592356235720217, 2486028.966500757262111 ], [ 113017.674131591629703, 2486026.103969191201031 ], [ 113016.724582057096995, 2486023.24244496691972 ], [ 113015.805847173207439, 2486020.380148069933057 ], [ 113014.856397400493734, 2486017.518510436173528 ], [ 113013.906632642436307, 2486014.656658828724176 ], [ 113012.988108708523214, 2486011.794578533619642 ], [ 113012.038452057167888, 2486008.932946112938225 ], [ 113011.073327825230081, 2486006.071368746925145 ], [ 113010.107696358114481, 2486003.210136913694441 ], [ 113009.158245049300604, 2486000.348499352112412 ], [ 113008.177145710331388, 2485997.487322592642158 ], [ 113007.211925699084532, 2485994.626080471090972 ], [ 113006.246602378319949, 2485991.764840950258076 ], [ 113005.265708357968833, 2485988.903659066651016 ], [ 113004.284713802335318, 2485986.042590664699674 ], [ 113003.288154101173859, 2485983.181801630184054 ], [ 113002.291396346583497, 2485980.321350359357893 ], [ 113001.342101395537611, 2485977.634648317936808 ], [ 112999.967490248498507, 2485973.729487628210336 ], [ 112998.939593479735777, 2485970.869262574706227 ], [ 112997.943238436302636, 2485968.00846846587956 ], [ 112996.91535223723622, 2485965.148686902597547 ], [ 112995.903122561925557, 2485962.288179964758456 ], [ 112994.890586219436955, 2485959.427791655063629 ], [ 112993.862902489199769, 2485956.567894123494625 ], [ 112992.834998453676235, 2485953.707447471097112 ], [ 112991.807002197019756, 2485950.84744686121121 ], [ 112990.432860702509061, 2485947.117435785010457 ], [ 112989.389401932479814, 2485944.257712024264038 ], [ 112988.376858213974629, 2485941.397102123592049 ], [ 112987.333409989718348, 2485938.53782185446471 ], [ 112986.290050639188848, 2485935.677984701935202 ], [ 112985.246172900951933, 2485932.818049644585699 ], [ 112984.234043064701837, 2485929.957540336996317 ], [ 112982.844336637237575, 2485926.227919708937407 ], [ 112981.800664057023823, 2485923.367979556322098 ], [ 112980.772868057189044, 2485920.507863158825785 ], [ 112979.745172087161336, 2485917.647633329965174 ], [ 112978.701406683016103, 2485914.788139251526445 ], [ 112977.688868388475385, 2485911.927862158976495 ], [ 112976.645506303466391, 2485909.068025210872293 ], [ 112975.287024446646683, 2485905.33762173820287 ], [ 112974.243352521560155, 2485902.477792593184859 ], [ 112973.231325511645991, 2485899.617391795385629 ], [ 112972.218994610069785, 2485896.757220516912639 ], [ 112971.206552014278714, 2485893.896719221957028 ], [ 112970.194415549805854, 2485891.036099338904023 ], [ 112969.19785210682312, 2485888.17553270701319 ], [ 112968.201177000417374, 2485885.314636058639735 ], [ 112967.20471605664352, 2485882.454066854435951 ], [ 112965.8773606820032, 2485878.723104885779321 ], [ 112964.880790491413791, 2485875.862316588871181 ], [ 112963.899890851636883, 2485873.001357200555503 ], [ 112962.918779262225144, 2485870.14018127694726 ], [ 112961.953547140292358, 2485867.27893996424973 ], [ 112960.988203367800452, 2485864.417368657421321 ], [ 112960.038538490771316, 2485861.555958832614124 ], [ 112959.088865029800218, 2485858.694216446951032 ], [ 112958.139294372173026, 2485855.832471514120698 ], [ 112957.220750396081712, 2485852.970170379150659 ], [ 112956.286953152855858, 2485850.108251760248095 ], [ 112955.050978783285245, 2485846.25042201532051 ], [ 112953.846540708211251, 2485842.39180147042498 ], [ 112952.943769509904087, 2485839.529326702002436 ], [ 112952.056969804689288, 2485836.666340481024235 ], [ 112951.169754824484698, 2485833.803253761958331 ], [ 112950.313987206493039, 2485830.939933107234538 ], [ 112949.458308503963053, 2485828.076055562123656 ], [ 112948.602437373832799, 2485825.212737512309104 ], [ 112947.492002817860339, 2485821.352314316201955 ], [ 112946.397029890853446, 2485817.491614358499646 ], [ 112945.588148379640188, 2485814.626896070316434 ], [ 112944.779378091043327, 2485811.762507823761553 ], [ 112943.73161191586405, 2485807.900845906697214 ], [ 112942.698889573686756, 2485804.038695803843439 ], [ 112941.698129863361828, 2485800.176298826932907 ], [ 112940.712725990801118, 2485796.313516761641949 ], [ 112939.75874722370645, 2485792.449613853357732 ], [ 112938.820344361593015, 2485788.585874995216727 ], [ 112938.121032070601359, 2485785.719074632041156 ], [ 112937.45053828030359, 2485782.726642375811934 ], [ 112936.590464321197942, 2485778.861050173640251 ], [ 112935.746061025478411, 2485774.995286849793047 ], [ 112934.917019253305625, 2485771.129360154736787 ], [ 112934.135282556468155, 2485767.262247149366885 ], [ 112933.558587939885911, 2485764.268017311580479 ], [ 112932.98430498316884, 2485761.398747111670673 ], [ 112932.265137401816901, 2485757.530508769210428 ], [ 112931.574571116419975, 2485753.536200248170644 ], [ 112930.917972811497748, 2485749.66683654114604 ], [ 112930.453466875769664, 2485746.795478975400329 ], [ 112929.98633184825303, 2485743.798723509535193 ], [ 112929.550644529983401, 2485740.801734061446041 ], [ 112929.114742700417992, 2485737.804417203180492 ], [ 112928.583274950331543, 2485733.93247017916292 ], [ 112928.197001006919891, 2485731.059483546297997 ], [ 112927.823872073728126, 2485728.060925284866244 ], [ 112927.368327824049629, 2485724.062386977020651 ], [ 112926.927925333322491, 2485720.063136139884591 ], [ 112926.506028922274709, 2485716.189106948208064 ], [ 112926.130819602287374, 2485712.313906949944794 ], [ 112925.851797331881244, 2485709.313432465307415 ], [ 112925.60379952925723, 2485706.312290910165757 ], [ 112925.35580732737435, 2485703.311371061950922 ], [ 112925.123689475702122, 2485700.310164093971252 ], [ 112924.82430099818157, 2485696.308375384192914 ], [ 112924.623302430496551, 2485693.306166148744524 ], [ 112924.43819494562922, 2485690.304334945976734 ], [ 112924.201265112264082, 2485686.301090904977173 ], [ 112923.998501364025287, 2485682.422453952487558 ], [ 112923.768908275407739, 2485677.564407502766699 ], [ 112923.63724968675524, 2485674.539049605838954 ], [ 112923.494223905028775, 2485670.534005427267402 ], [ 112923.367178472690284, 2485666.528782389592379 ], [ 112923.255896182614379, 2485662.522942213341594 ], [ 112923.144204550539143, 2485658.517223233357072 ], [ 112923.064261884661391, 2485654.510929991025478 ], [ 112923.035303090349771, 2485651.505515920463949 ], [ 112922.975113712018356, 2485648.500774078071117 ], [ 112922.946160687599331, 2485645.495581751223654 ], [ 112922.933185264584608, 2485642.490099707152694 ], [ 112922.91559054562822, 2485638.482021169736981 ], [ 112922.898018286679871, 2485634.474829566664994 ], [ 112922.879576529725455, 2485631.218446022365242 ], [ 112922.897835165902507, 2485628.212402641773224 ], [ 112922.91598528547911, 2485625.206140147056431 ], [ 112922.93413275416242, 2485622.199766790494323 ], [ 112922.952386175980791, 2485619.193501733243465 ], [ 112922.985887462564278, 2485616.186632467899472 ], [ 112923.030880976992194, 2485612.178093911614269 ], [ 112923.107306071731728, 2485608.168656277470291 ], [ 112923.140910892107058, 2485605.161784446332604 ], [ 112923.206178355612792, 2485602.155006128363311 ], [ 112923.282389614440035, 2485598.145241125952452 ], [ 112923.347651845251676, 2485595.138241116888821 ], [ 112923.412387788004708, 2485592.130810576025397 ], [ 112923.477544464811217, 2485589.123702324926853 ], [ 112923.558364046155475, 2485586.116090366151184 ], [ 112923.638777103857137, 2485583.108710506465286 ], [ 112923.714659643825144, 2485579.8507384583354 ], [ 112923.822217344481032, 2485575.840742249973118 ], [ 112923.929872778768186, 2485571.83052176469937 ], [ 112924.037327923695557, 2485567.82052819384262 ], [ 112924.145086955453735, 2485563.810305167920887 ], [ 112924.252745954960119, 2485559.800195608753711 ], [ 112924.360408014734276, 2485555.790196949150413 ], [ 112924.467961702379398, 2485551.779979177284986 ], [ 112924.575629845377989, 2485547.770202291198075 ], [ 112924.656245323363692, 2485544.762595703825355 ], [ 112924.73182346613612, 2485541.504742498975247 ], [ 112924.812542341300286, 2485538.497133362106979 ], [ 112924.88009327929467, 2485535.289289831649512 ], [ 112924.969799858226907, 2485531.480306203942746 ], [ 112925.061683960666414, 2485527.47025968041271 ], [ 112925.126637579174712, 2485524.463156901299953 ], [ 112925.1918977695168, 2485521.455935495439917 ], [ 112925.26801935856929, 2485517.446506156586111 ], [ 112925.333279864513315, 2485514.439284777268767 ], [ 112925.366788639279548, 2485511.432526830583811 ], [ 112925.400815645582043, 2485508.425866802223027 ], [ 112925.434536379936617, 2485505.419325412716717 ], [ 112925.479427913145628, 2485501.410568362101912 ], [ 112925.513355073460843, 2485498.40402182424441 ], [ 112925.531307511264458, 2485495.397875871974975 ], [ 112925.544963024440221, 2485491.38956931931898 ], [ 112925.563010463200044, 2485488.38308820547536 ], [ 112925.550035911786836, 2485485.377384998835623 ], [ 112925.536958379321732, 2485482.371684386860579 ], [ 112925.518537251744419, 2485479.115855728741735 ], [ 112925.505359689937904, 2485476.110268585383892 ], [ 112925.492279718164355, 2485473.104457127396017 ], [ 112925.458936581213493, 2485469.097218227107078 ], [ 112925.430294251069427, 2485466.091797014232725 ], [ 112925.370011472667102, 2485463.087169179227203 ], [ 112925.341269076277968, 2485460.081861438695341 ], [ 112925.281189827888738, 2485457.077117575332522 ], [ 112925.201045322522987, 2485453.070608562324196 ], [ 112925.120600131573156, 2485449.064439882989973 ], [ 112925.024793024000246, 2485445.058434529229999 ], [ 112924.916046502476092, 2485441.177995592821389 ], [ 112924.842504567583092, 2485438.298498502932489 ], [ 112924.751200400467496, 2485435.294648584909737 ], [ 112924.62395654123975, 2485431.289320630487055 ], [ 112924.481356299773324, 2485427.28437771089375 ], [ 112924.374375576735474, 2485424.280477165710181 ], [ 112924.267191564431414, 2485421.276692667044699 ], [ 112924.09294820309151, 2485417.272432277910411 ], [ 112923.985964940686245, 2485414.268420872744173 ], [ 112923.847859177156352, 2485411.26530078984797 ], [ 112923.673713616910391, 2485407.260816102847457 ], [ 112923.535195746575482, 2485404.25770635670051 ], [ 112923.381006608600728, 2485401.254767713136971 ], [ 112923.175738729187287, 2485397.251174329314381 ], [ 112922.970365112356376, 2485393.247472679242492 ], [ 112922.76498045673361, 2485389.243327572010458 ], [ 112922.528269949543756, 2485385.240189803764224 ], [ 112922.291556720680092, 2485381.236941196024418 ], [ 112922.054849151638336, 2485377.233914286829531 ], [ 112921.802570601343177, 2485373.230945026036352 ], [ 112921.550306028977502, 2485369.228530064690858 ], [ 112921.298024864227045, 2485365.225449928548187 ], [ 112921.096939320850652, 2485362.223576255142689 ], [ 112920.864820314629469, 2485359.222036969382316 ], [ 112920.596675732347649, 2485355.219687403645366 ], [ 112920.297597961442079, 2485351.217558775097132 ], [ 112920.013782122056, 2485347.215380287729204 ], [ 112919.698838084761519, 2485343.213871351908892 ], [ 112919.383994366740808, 2485339.212248978205025 ], [ 112919.055573410994839, 2485335.01051338436082 ], [ 112918.754309841489885, 2485331.209115082863718 ], [ 112918.423591511498671, 2485327.207779798656702 ], [ 112918.144266396935564, 2485324.207313199527562 ], [ 112917.896384375519119, 2485321.206391018815339 ], [ 112917.648599860200193, 2485318.205244526732713 ], [ 112917.369486486422829, 2485315.2049944777973 ], [ 112917.007436591433361, 2485311.204444783739746 ], [ 112916.645484224543907, 2485307.203670793678612 ], [ 112916.366265024233144, 2485304.203312451485544 ], [ 112915.9163340011728, 2485299.36720978282392 ], [ 112915.513147713849321, 2485295.202625086065382 ], [ 112915.218159623269457, 2485292.202662141527981 ], [ 112914.923377637984231, 2485289.202694001607597 ], [ 112914.53019389329711, 2485285.202592135407031 ], [ 112914.12124119506916, 2485281.202885637525469 ], [ 112913.712291257921606, 2485277.203289991244674 ], [ 112913.287770175957121, 2485273.203751973807812 ], [ 112912.993188771768473, 2485270.203556951601058 ], [ 112912.667075002333149, 2485267.204374391585588 ], [ 112912.242553884279914, 2485263.204836365766823 ], [ 112911.818038297758903, 2485259.205520058516413 ], [ 112911.378054578613956, 2485255.206258774735034 ], [ 112911.062360876472667, 2485251.956331104505807 ], [ 112910.736135647224728, 2485248.956818538717926 ], [ 112910.410122093802784, 2485245.957522524520755 ], [ 112910.083793782978319, 2485242.958012552466244 ], [ 112909.757571298105177, 2485239.958610828965902 ], [ 112909.431451876298524, 2485236.959206537343562 ], [ 112909.007142305665184, 2485232.959885044023395 ], [ 112908.680808384495322, 2485229.960153321735561 ], [ 112908.354800315981265, 2485226.961079016327858 ], [ 112907.930284566711634, 2485222.961762674618512 ], [ 112907.505763265653513, 2485218.962224608752877 ], [ 112907.179535130795557, 2485215.962601147592068 ], [ 112906.879718985990621, 2485212.712497213855386 ], [ 112906.553599465638399, 2485209.713092885445803 ], [ 112906.258608487085439, 2485206.713019034825265 ], [ 112905.834089897165541, 2485202.713591809850186 ], [ 112905.447602473257575, 2485198.713211025111377 ], [ 112905.146121133933775, 2485195.713410824537277 ], [ 112904.85123320936691, 2485192.713334363419563 ], [ 112904.556651686551049, 2485189.71313929464668 ], [ 112904.27733223605901, 2485186.712894346565008 ], [ 112903.998224463604856, 2485183.712865951936692 ], [ 112903.718899468076415, 2485180.71239927969873 ], [ 112903.439680311887059, 2485177.712040895596147 ], [ 112903.186552969447803, 2485174.460766311269253 ], [ 112902.907436913053971, 2485171.460405340883881 ], [ 112902.659552547382191, 2485168.459372226148844 ], [ 112902.328935157100204, 2485164.457923423498869 ], [ 112902.013894640724175, 2485160.45663871569559 ], [ 112901.714709619700443, 2485156.454290898516774 ], [ 112901.415541330934502, 2485152.452608234249055 ], [ 112901.214448997227009, 2485149.450401924550533 ], [ 112900.982030222774483, 2485146.44920291705057 ], [ 112900.72976259450661, 2485142.446566219441593 ], [ 112900.544550874328706, 2485139.444294535089284 ], [ 112900.359439476917032, 2485136.441909418441355 ], [ 112900.205261810100637, 2485133.439303386956453 ], [ 112900.019741019641515, 2485130.437039477750659 ], [ 112899.830034767626785, 2485126.432834222447127 ], [ 112899.691729451878928, 2485123.429830220993608 ], [ 112899.553212509141304, 2485120.426609693560749 ], [ 112899.394947227032389, 2485116.421838039997965 ], [ 112899.252242298214696, 2485112.416565302293748 ], [ 112899.160729289171286, 2485109.412388160824776 ], [ 112899.069327774574049, 2485106.408541016280651 ], [ 112898.973426326236222, 2485102.40253859013319 ], [ 112898.908960236294661, 2485098.395748026669025 ], [ 112898.8488939255476, 2485095.391226195730269 ], [ 112898.820265711867251, 2485092.38602709164843 ], [ 112898.787029106344562, 2485088.37845358485356 ], [ 112898.800712880038191, 2485084.370702086016536 ], [ 112898.814377408998553, 2485080.362174584995955 ], [ 112898.832539086171892, 2485077.355691504199058 ], [ 112898.897409375174902, 2485074.34881388489157 ], [ 112898.958184121584054, 2485070.339438088238239 ], [ 112899.06818731961539, 2485066.454846521839499 ], [ 112899.194166057161056, 2485062.569854447618127 ], [ 112899.364512296451721, 2485058.558175329118967 ], [ 112899.534661038604099, 2485054.546834005508572 ], [ 112899.736150629469194, 2485050.535039769485593 ], [ 112899.895018941839226, 2485047.525805620942265 ], [ 112900.087847891089041, 2485044.641183862928301 ], [ 112900.370093747507781, 2485040.752939752303064 ], [ 112900.681155360478442, 2485036.738842260558158 ], [ 112900.992423476942349, 2485032.724739647470415 ], [ 112901.368363533809315, 2485028.834368532057852 ], [ 112901.65520994272083, 2485025.948166319169104 ], [ 112901.97055728349369, 2485022.935896802693605 ], [ 112902.286110985500272, 2485019.923622128088027 ], [ 112902.635522344266064, 2485017.035962406080216 ], [ 112902.984822540776804, 2485014.147972708102316 ], [ 112903.378312101878691, 2485011.134409851860255 ], [ 112903.911038408870809, 2485007.240884857717901 ], [ 112904.322719838935882, 2485004.352329764515162 ], [ 112904.763512433157302, 2485001.337359267286956 ], [ 112905.358818143839017, 2484997.442931179422885 ], [ 112906.000916713557672, 2484993.547330093104392 ], [ 112906.488410769496113, 2484990.531632701400667 ], [ 112907.009865581290796, 2484987.640547706745565 ], [ 112907.714847399445716, 2484983.743814086075872 ], [ 112908.451059075363446, 2484979.846297648735344 ], [ 112909.328801600844599, 2484975.30837431922555 ], [ 112909.970290410681628, 2484972.050646317191422 ], [ 112910.570091995759867, 2484969.158152257092297 ], [ 112911.200914326240309, 2484966.264769642148167 ], [ 112912.046396342280786, 2484962.365179961547256 ], [ 112912.907857143611182, 2484958.465300790034235 ], [ 112913.554346934484784, 2484955.571525680366904 ], [ 112914.248156000801828, 2484952.677008115686476 ], [ 112915.171979554055724, 2484948.7757877712138 ], [ 112916.09590961021604, 2484944.874675850383937 ], [ 112916.820746014243923, 2484941.979491693433374 ], [ 112917.561045679205563, 2484939.084030921570957 ], [ 112918.301657670759596, 2484936.188673357479274 ], [ 112919.042261727328878, 2484933.292983276303858 ], [ 112919.814209732634481, 2484930.396951260976493 ], [ 112920.57017714495305, 2484927.501098098233342 ], [ 112921.357583236065693, 2484924.604567848611623 ], [ 112922.145198651240207, 2484921.708143371623009 ], [ 112922.963840511743911, 2484918.811052132863551 ], [ 112923.766819311655127, 2484915.914464593864977 ], [ 112924.60144019901054, 2484913.017083937767893 ], [ 112925.404514527297579, 2484910.120161431375891 ], [ 112926.239136256743222, 2484907.222780979238451 ], [ 112927.104678618838079, 2484904.324625508394092 ], [ 112927.938991960661951, 2484901.427253009751439 ], [ 112928.804749634407926, 2484898.529425180051476 ], [ 112929.965922990522813, 2484894.74883033381775 ], [ 112930.847133439325262, 2484891.850282598286867 ], [ 112931.728661864937749, 2484888.952059819828719 ], [ 112932.609987347386777, 2484886.053953165188432 ], [ 112933.52274332579691, 2484883.154836885631084 ], [ 112934.715154708304908, 2484879.373681701719761 ], [ 112935.643374631064944, 2484876.474289012141526 ], [ 112936.540468562685419, 2484873.575676666107029 ], [ 112937.468697707576212, 2484870.676616782788187 ], [ 112938.397122315363958, 2484867.777108397800475 ], [ 112939.636747305747122, 2484863.994992442894727 ], [ 112940.564766253926791, 2484861.095716382842511 ], [ 112941.508763895602897, 2484858.196150861214846 ], [ 112942.452762011322193, 2484855.296585439238697 ], [ 112943.396657481614966, 2484852.39702273812145 ], [ 112944.667515162029304, 2484848.614124775864184 ], [ 112945.611311420856509, 2484845.714675808791071 ], [ 112946.586649654607754, 2484842.814547233749181 ], [ 112947.857400684035383, 2484839.031430684030056 ], [ 112948.83253106335178, 2484836.131196714937687 ], [ 112949.776844609936234, 2484833.231735324952751 ], [ 112951.121544029912911, 2484829.3210802632384 ], [ 112952.608323100546841, 2484824.845217383932322 ], [ 112953.973003099788912, 2484820.748251581564546 ], [ 112955.075812895898707, 2484817.477634500712156 ], [ 112956.250342237704899, 2484814.064669589046389 ], [ 112957.19414392899489, 2484811.165222045965493 ], [ 112958.16989993059542, 2484808.265084634535015 ], [ 112959.471584123326465, 2484804.481416697148234 ], [ 112960.446825867111329, 2484801.581292491406202 ], [ 112961.406396160717122, 2484798.681339343078434 ], [ 112962.366281657654326, 2484795.78160031279549 ], [ 112963.325649509031791, 2484792.881763446610421 ], [ 112964.612185900914483, 2484789.098476152867079 ], [ 112965.556194853968918, 2484786.198913614265621 ], [ 112966.515461156144738, 2484783.299079728778452 ], [ 112967.475142945128027, 2484780.399346511345357 ], [ 112968.419459691154771, 2484777.499665726907551 ], [ 112969.674248686642386, 2484773.716953224036843 ], [ 112970.634032264177222, 2484770.817106944508851 ], [ 112971.562271860369947, 2484767.917829553131014 ], [ 112972.490514670324046, 2484765.018663144670427 ], [ 112973.418961280200165, 2484762.119380813091993 ], [ 112974.347096343874, 2484759.219995480496436 ], [ 112975.275546623626724, 2484756.320824253838509 ], [ 112976.172452848462854, 2484753.422221891582012 ], [ 112977.100800958520267, 2484750.523053457960486 ], [ 112977.997705278627109, 2484747.62434044573456 ], [ 112979.294222686905414, 2484743.506457962561399 ], [ 112981.211203335784376, 2484737.319238186813891 ], [ 112982.498532135796268, 2484733.130923215765506 ], [ 112983.675608067424037, 2484729.349828177131712 ], [ 112984.880992120597512, 2484725.443114945665002 ], [ 112986.055247457232326, 2484721.537071153521538 ], [ 112986.936801659932826, 2484718.638854998163879 ], [ 112987.787015097157564, 2484715.741091628558934 ], [ 112988.668046500650235, 2484712.842556011863053 ], [ 112989.549192485457752, 2484709.944461363833398 ], [ 112990.399507487425581, 2484707.046584869734943 ], [ 112991.281269962899387, 2484704.148364069871604 ], [ 112992.130867091182154, 2484701.250616712961346 ], [ 112992.996551702031866, 2484698.352799102663994 ], [ 112993.862434541864786, 2484695.454643836244941 ], [ 112994.712551039701793, 2484692.556994748767465 ], [ 112995.562353206740227, 2484689.65913177235052 ], [ 112996.42824840627145, 2484686.761420261580497 ], [ 112997.262490790570155, 2484683.864058401901275 ], [ 112998.128272654372267, 2484680.965906239580363 ], [ 112998.962825071939733, 2484678.068536825943738 ], [ 112999.828504714008886, 2484675.170387473423034 ], [ 113000.663060738705099, 2484672.273129117209464 ], [ 113001.512977218837477, 2484669.375596871133894 ], [ 113002.363195001846179, 2484666.477724402211607 ], [ 113003.197443046199623, 2484663.580474099610001 ], [ 113004.309242392424494, 2484659.675666020717472 ], [ 113005.420931052591186, 2484655.770528110675514 ], [ 113006.255381199589465, 2484652.873051304835826 ], [ 113007.121067256957758, 2484649.975013696588576 ], [ 113007.955626869108528, 2484647.07775621348992 ], [ 113009.247861491516232, 2484642.590585021302104 ], [ 113010.45868975558551, 2484638.385999906808138 ], [ 113011.293237124278676, 2484635.488188526593149 ], [ 113012.127690159482881, 2484632.590712424833328 ], [ 113012.961842742050067, 2484629.693576747085899 ], [ 113013.79650551546365, 2484626.796206532977521 ], [ 113014.630859500495717, 2484623.898844162002206 ], [ 113015.465420041000471, 2484621.001476731617004 ], [ 113016.299563157837838, 2484618.103898004628718 ], [ 113017.134227578470018, 2484615.206528190989047 ], [ 113017.937347664264962, 2484612.309727090876549 ], [ 113018.787175217177719, 2484609.412421245593578 ], [ 113019.637504639977124, 2484606.514548292383552 ], [ 113020.471755655365996, 2484603.6170783364214 ], [ 113021.306522436148953, 2484600.719595586881042 ], [ 113022.588608363585081, 2484596.267402989789844 ], [ 113023.809290332603268, 2484592.027630107942969 ], [ 113024.643752322066575, 2484589.130266360472888 ], [ 113025.478214723349083, 2484586.232902707066387 ], [ 113026.60790688166162, 2484582.453002782072872 ], [ 113027.458137109060772, 2484579.555133358109742 ], [ 113028.292910104326438, 2484576.657762290909886 ], [ 113029.127067842578981, 2484573.760517674963921 ], [ 113029.992971454863437, 2484570.862477716058493 ], [ 113030.827127268188633, 2484567.965122448280454 ], [ 113031.692925878916867, 2484565.066974406130612 ], [ 113032.822928452747874, 2484561.286956869065762 ], [ 113033.672752228390891, 2484558.389209374319762 ], [ 113034.538560568238609, 2484555.491394272074103 ], [ 113035.404157620039769, 2484552.593362695071846 ], [ 113036.254294631653465, 2484549.695718642324209 ], [ 113037.399863662023563, 2484545.915311829652637 ], [ 113038.281332098471466, 2484543.016772048082203 ], [ 113039.201906061149202, 2484539.921347528230399 ], [ 113040.327783317072317, 2484536.363408526871353 ], [ 113041.177816858515143, 2484533.465656771324575 ], [ 113042.059189610241447, 2484530.56734173791483 ], [ 113043.236000835662708, 2484526.78648592857644 ], [ 113044.117374561436009, 2484523.888171146158129 ], [ 113044.998745956807397, 2484520.9897456234321 ], [ 113046.191228463605512, 2484517.20860859984532 ], [ 113047.383809221733827, 2484513.427247483748943 ], [ 113048.763158862479031, 2484508.982828786596656 ], [ 113050.385845587064978, 2484503.848531982395798 ], [ 113051.29855880670948, 2484500.949543867260218 ], [ 113052.684536890417803, 2484496.720166894141585 ], [ 113054.041638768743724, 2484492.503161494154483 ], [ 113054.954250658978708, 2484489.604176405351609 ], [ 113055.88263273780467, 2484486.704796323552728 ], [ 113057.196740549930837, 2484482.710509775206447 ], [ 113058.392647335829679, 2484479.139836994465441 ], [ 113059.507564242463559, 2484475.720285426825285 ], [ 113060.902868406788912, 2484471.574762475676835 ], [ 113062.173599420581013, 2484467.792000581976026 ], [ 113063.459997911471874, 2484464.008846406359226 ], [ 113064.746291330084205, 2484460.225584134925157 ], [ 113066.032696955720894, 2484456.442652085330337 ], [ 113067.334764516388532, 2484452.659106039907783 ], [ 113068.346225298650097, 2484450.008683954831213 ], [ 113069.321518928511068, 2484447.1084631443955 ], [ 113070.65493021090515, 2484443.324465206358582 ], [ 113071.988236455246806, 2484439.540359203703701 ], [ 113073.337213003018405, 2484435.755971770267934 ], [ 113074.364446211606264, 2484433.105155379511416 ], [ 113075.386647986830212, 2484430.204092969652265 ], [ 113076.751293295412324, 2484426.419313638005406 ], [ 113077.773493407818023, 2484423.518140688538551 ], [ 113078.83207033056533, 2484420.866872440092266 ], [ 113080.212181064591277, 2484417.081817212514579 ], [ 113081.777783790777903, 2484412.916057774797082 ], [ 113083.393508566310629, 2484408.626685636583716 ], [ 113084.467648801277392, 2484405.974917345214635 ], [ 113085.568197176791728, 2484403.072226392105222 ], [ 113086.642444172466639, 2484400.420566625893116 ], [ 113088.10090434801532, 2484396.633993755560368 ], [ 113089.201351306634024, 2484393.731305870693177 ], [ 113090.344009203952737, 2484391.027348100673407 ], [ 113091.812301196623594, 2484387.291447148658335 ], [ 113093.307137713010889, 2484383.754668883513659 ], [ 113094.423253734537866, 2484380.85158920660615 ], [ 113095.575743510620669, 2484378.198303382378072 ], [ 113097.112553827348165, 2484374.410213165450841 ], [ 113098.669862546492368, 2484370.872203696984798 ], [ 113100.35709780146135, 2484366.777392257004976 ], [ 113102.164073058287613, 2484362.410794898867607 ], [ 113103.379138436634094, 2484359.756275426130742 ], [ 113105.357302308373619, 2484355.244840392377228 ], [ 113107.37317695847014, 2484350.633066674694419 ], [ 113108.588244481536094, 2484347.978547905571759 ], [ 113109.829617816314567, 2484345.0731092216447 ], [ 113111.075916883826721, 2484342.417808445170522 ], [ 113112.322227549622767, 2484339.762951313052326 ], [ 113113.568733758584131, 2484337.107645715586841 ], [ 113114.825363755808212, 2484334.201825628522784 ], [ 113116.539575731498189, 2484330.660665694158524 ], [ 113118.237706762040034, 2484327.119798 ], [ 113119.51021170365857, 2484324.213580968324095 ], [ 113120.803529009455815, 2484321.557658526115119 ], [ 113122.533307968231384, 2484318.016109859570861 ], [ 113124.278345158032607, 2484314.474290274549276 ], [ 113125.987317023042124, 2484310.682558706495911 ], [ 113127.296200703538489, 2484308.026247324422002 ], [ 113128.605293820204679, 2484305.370041811838746 ], [ 113130.350225646980107, 2484301.82800423540175 ], [ 113132.106215300969779, 2484298.035650860983878 ], [ 113133.867030333611183, 2484294.493548931088299 ], [ 113135.61248311761301, 2484290.951610293705016 ], [ 113137.357630379672628, 2484287.4097905959934 ], [ 113138.661374002695084, 2484284.502793999854475 ], [ 113139.970471688080579, 2484281.846590120811015 ], [ 113141.279255116824061, 2484279.190172424539924 ], [ 113142.588353842904326, 2484276.533968915231526 ], [ 113143.897141087101772, 2484273.877662461716682 ], [ 113145.169654051540419, 2484270.971338186878711 ], [ 113146.899136840424035, 2484267.429801827762276 ], [ 113148.613262858998496, 2484263.888650457374752 ], [ 113150.322150741820224, 2484260.097147804219276 ], [ 113151.584035258390941, 2484257.441684471443295 ], [ 113152.846232279203832, 2484254.786324435845017 ], [ 113154.103079413645901, 2484251.880282982252538 ], [ 113155.365071313921362, 2484249.224928461015224 ], [ 113157.029679351195227, 2484245.559555746614933 ], [ 113158.678512807644438, 2484241.89435659116134 ], [ 113159.893291435088031, 2484239.239852463826537 ], [ 113161.119122584699653, 2484236.33481073519215 ], [ 113162.754699154000264, 2484232.79496395541355 ], [ 113163.933522508537862, 2484229.890767198987305 ], [ 113165.148612519609742, 2484227.236256045754999 ], [ 113166.750140618707519, 2484223.572243277449161 ], [ 113168.336618335451931, 2484219.90849683387205 ], [ 113169.920366250677034, 2484216.119244876783341 ], [ 113171.088555517664645, 2484213.46568735782057 ], [ 113172.282737456087489, 2484210.560996243264526 ], [ 113173.450827416148968, 2484207.9075524690561 ], [ 113174.613885460770689, 2484205.003752135206014 ], [ 113176.168816556979436, 2484201.340353570412844 ], [ 113177.724063311179634, 2484197.677169268019497 ], [ 113178.891837985487655, 2484195.023401372600347 ], [ 113180.05478980706539, 2484192.119382633827627 ], [ 113181.223080836003646, 2484189.465602161828429 ], [ 113182.370375068567228, 2484186.562308693304658 ], [ 113183.518073788436595, 2484183.658672442659736 ], [ 113184.68585367151536, 2484181.005016218405217 ], [ 113186.223022577527445, 2484177.21693400433287 ], [ 113187.762193061003927, 2484173.554043309297413 ], [ 113189.301258576742839, 2484169.891044629272074 ], [ 113190.448754213866778, 2484166.987414500210434 ], [ 113191.616854573192541, 2484164.334084013011307 ], [ 113192.779809280880727, 2484161.429956169333309 ], [ 113193.932338396261912, 2484158.776683184783906 ], [ 113195.084664609225001, 2484156.123526361770928 ], [ 113196.247735030890908, 2484153.219839851837605 ], [ 113197.416030074178707, 2484150.565950681455433 ], [ 113198.578987337939907, 2484147.661823628935963 ], [ 113199.747088338132016, 2484145.008383382111788 ], [ 113200.941294189018663, 2484142.104139710776508 ], [ 113202.496134468528908, 2484138.440637601073831 ], [ 113204.082535194291268, 2484134.777121989987791 ], [ 113205.653041466837749, 2484131.113117263186723 ], [ 113207.263400181662291, 2484127.430144030600786 ], [ 113208.85696135048056, 2484123.78475368116051 ], [ 113210.459029891877435, 2484120.120736036449671 ], [ 113211.657954430731479, 2484117.466525642201304 ], [ 113212.899573281931225, 2484114.560874645598233 ], [ 113214.519514834682923, 2484111.021540601737797 ], [ 113216.165868514450267, 2484107.231284778099507 ], [ 113217.412013712862972, 2484104.576336512342095 ], [ 113218.658463067084085, 2484101.92115894658491 ], [ 113220.320385818253271, 2484098.130625022109598 ], [ 113221.613737162726466, 2484095.474384404253215 ], [ 113222.875649109832011, 2484092.818820277228951 ], [ 113224.589403210440651, 2484089.277582843787968 ], [ 113226.314317752257921, 2484085.485916557256132 ], [ 113228.059410583344288, 2484081.944006043486297 ], [ 113229.804713258577976, 2484078.402201575692743 ], [ 113231.144662819453515, 2484075.745017440989614 ], [ 113232.485139372234698, 2484073.088264061138034 ], [ 113234.277244953846093, 2484069.545510425232351 ], [ 113235.633172571251635, 2484066.887926920317113 ], [ 113237.020348419086076, 2484064.230226774234325 ], [ 113238.859666469506919, 2484060.686402890365571 ], [ 113240.714251365687232, 2484057.142640829551965 ], [ 113242.584699347265996, 2484053.598038244061172 ], [ 113243.987645283574238, 2484050.939833408687264 ], [ 113245.421519205789082, 2484048.281076276674867 ], [ 113247.323320452531334, 2484044.73635524045676 ], [ 113249.240775891870726, 2484041.190688014961779 ], [ 113251.176325541979168, 2484037.770364049356431 ], [ 113252.628387403849047, 2484035.236504833213985 ], [ 113254.078344039735384, 2484032.577346415258944 ], [ 113256.042609159718268, 2484029.030952332075685 ], [ 113257.523703478684183, 2484026.371347652748227 ], [ 113258.991638185048942, 2484023.836981103755534 ], [ 113260.958632766909432, 2484020.41598281962797 ], [ 113262.953937509271782, 2484016.869256829842925 ], [ 113264.952271057816688, 2484013.447585707530379 ], [ 113266.950402206683066, 2484010.026031026151031 ], [ 113268.946013678098097, 2484006.479076778516173 ], [ 113270.975375220179558, 2484003.056630128994584 ], [ 113272.474557130713947, 2484000.521927122026682 ], [ 113274.002450141415466, 2483997.861042495351285 ], [ 113276.016564912395552, 2483994.439200503285974 ], [ 113277.531513341877144, 2483991.903881713282317 ], [ 113279.059411046095192, 2483989.24310871725902 ], [ 113280.587209043442272, 2483986.582449399400502 ], [ 113282.102373635978438, 2483984.047458739485592 ], [ 113284.147612216183916, 2483980.624506502877921 ], [ 113285.675311844912358, 2483977.963961423374712 ], [ 113287.190263818425592, 2483975.428644100669771 ], [ 113289.235412955051288, 2483972.00613894732669 ], [ 113290.76320926041808, 2483969.345259469002485 ], [ 113292.278163112408947, 2483966.809942914173007 ], [ 113293.79332921851892, 2483964.274843147955835 ], [ 113295.321130022231955, 2483961.614075222983956 ], [ 113297.35040434228722, 2483958.191747367847711 ], [ 113299.37999442347791, 2483954.769633891992271 ], [ 113301.406755931559019, 2483951.222128664609045 ], [ 113303.07857842190424, 2483948.381598167587072 ], [ 113305.434592907782644, 2483944.378133877180517 ], [ 113307.430234851723071, 2483940.83163083344698 ], [ 113309.425760871206876, 2483937.284576461650431 ], [ 113311.424019854690414, 2483933.863138963934034 ], [ 113313.422165640396997, 2483930.441260998137295 ], [ 113315.401723852730356, 2483926.894829481840134 ], [ 113317.36623433092609, 2483923.348775084130466 ], [ 113319.330634423240554, 2483919.802391049452126 ], [ 113321.297458149434533, 2483916.381631624884903 ], [ 113322.749746243003756, 2483913.847555803600699 ], [ 113324.199420026445296, 2483911.188415468670428 ], [ 113326.116925082285888, 2483907.643206751905382 ], [ 113328.034523099719081, 2483904.097552387509495 ], [ 113329.920392038417049, 2483900.553358201868832 ], [ 113331.821912544139195, 2483897.008107075002044 ], [ 113333.692522999597713, 2483893.464073762763292 ], [ 113335.544833039515652, 2483889.794592215213925 ], [ 113337.381276262691244, 2483886.125730079598725 ], [ 113338.768590616760775, 2483883.467931100167334 ], [ 113340.12477162288269, 2483880.810689742211252 ], [ 113341.480220559169538, 2483878.153023183811456 ], [ 113342.820635105599649, 2483875.496287809219211 ], [ 113344.591988185304217, 2483871.70326064620167 ], [ 113345.900958115467802, 2483869.046979992650449 ], [ 113347.209819938347209, 2483866.390480377711356 ], [ 113348.513974038010929, 2483863.484060373157263 ], [ 113349.807267208059784, 2483860.827728972770274 ], [ 113351.518472263996955, 2483857.161560713779181 ], [ 113353.198641848866828, 2483853.495725858490914 ], [ 113354.863153464917559, 2483849.830616028513759 ], [ 113356.527755187242292, 2483846.164949601981789 ], [ 113358.158406045637093, 2483842.374892214778811 ], [ 113359.807244848343544, 2483838.709842861630023 ], [ 113361.424741705239285, 2483835.045245457906276 ], [ 113363.024161137174815, 2483831.255859788041562 ], [ 113364.218425676284824, 2483828.351416046731174 ], [ 113365.417810934712179, 2483825.69688269123435 ], [ 113367.001877384900581, 2483821.907992986496538 ], [ 113368.585426629520953, 2483818.119005600456148 ], [ 113369.784919558558613, 2483815.464581149630249 ], [ 113370.947952792048454, 2483812.560809112619609 ], [ 113372.142215297673829, 2483809.656144770327955 ], [ 113373.310280378791504, 2483807.002840173430741 ], [ 113374.894139756273944, 2483803.21373533224687 ], [ 113376.446453730401117, 2483799.425198444630951 ], [ 113377.645855236041825, 2483796.771110223606229 ], [ 113378.80898947379319, 2483793.86711497604847 ], [ 113379.972330368997063, 2483790.963114737998694 ], [ 113381.171527226571925, 2483788.309032133314759 ], [ 113382.755187806324102, 2483784.520044770557433 ], [ 113383.95438304671552, 2483781.865851714275777 ], [ 113385.133293224265799, 2483778.961573510896415 ], [ 113386.716950562782586, 2483775.172365154605359 ], [ 113387.931920661125332, 2483772.51788882073015 ], [ 113389.142072505317628, 2483769.613162168767303 ], [ 113390.762097229540814, 2483766.073637426830828 ], [ 113392.377106353873387, 2483762.284200229682028 ], [ 113393.62350822793087, 2483759.628605344798416 ], [ 113394.849029009172227, 2483756.723827737849206 ], [ 113396.515863856067881, 2483753.183576409704983 ], [ 113398.178179232520051, 2483749.392623746301979 ], [ 113399.471716388885397, 2483746.736959481611848 ], [ 113400.733593450626358, 2483744.081422108691186 ], [ 113402.457976085366681, 2483740.289471754338592 ], [ 113404.203274397819769, 2483736.748034944292158 ], [ 113405.94824221835006, 2483733.2057193107903 ], [ 113407.740544505068101, 2483729.663106977008283 ], [ 113409.593556772859301, 2483726.032338798977435 ], [ 113411.356386364786886, 2483722.577212677337229 ], [ 113412.743414891359862, 2483719.919099982827902 ], [ 113414.146222737093922, 2483717.260925434529781 ], [ 113415.549134218192194, 2483714.602748512290418 ], [ 113416.998948138090782, 2483711.943509079515934 ], [ 113418.448656744149048, 2483709.284161595162004 ], [ 113419.900887739262544, 2483706.750324971508235 ], [ 113421.883217936847359, 2483703.328756015747786 ], [ 113423.881848860357422, 2483699.907334285788238 ], [ 113425.41201487602666, 2483697.371881163679063 ], [ 113426.958261157677043, 2483694.836025921162218 ], [ 113428.504402156162541, 2483692.300062621943653 ], [ 113430.097554284089711, 2483689.763256057631224 ], [ 113432.238901306525804, 2483686.46417152415961 ], [ 113434.427454952907283, 2483683.163795345462859 ], [ 113436.631585082272068, 2483679.863473601173609 ], [ 113438.323578910669312, 2483677.575231701601297 ], [ 113440.026208605209831, 2483675.036020255181938 ], [ 113441.765214144892525, 2483672.746935413684696 ], [ 113443.514961481210776, 2483670.20698935771361 ], [ 113445.895962389418855, 2483667.153280635830015 ], [ 113448.324295239290223, 2483664.099164686631411 ], [ 113450.152078303974122, 2483661.557489128317684 ], [ 113452.031901728420053, 2483659.265437321271747 ], [ 113454.538468523416668, 2483656.209254439454526 ], [ 113456.449530680605676, 2483653.916643689386547 ], [ 113458.378882583463565, 2483651.74903839500621 ], [ 113460.981774674844928, 2483648.816131580155343 ], [ 113463.61340043740347, 2483645.757820263970643 ], [ 113466.278663513308857, 2483642.823686997871846 ], [ 113468.975477015424985, 2483639.889097821433097 ], [ 113471.687758424377535, 2483636.954344172030687 ], [ 113473.726689416798763, 2483634.784221908543259 ], [ 113475.79665777698392, 2483632.613767222966999 ], [ 113477.898165062419139, 2483630.442412944044918 ], [ 113479.983907942543738, 2483628.271675312425941 ], [ 113482.069840908050537, 2483626.100267729256302 ], [ 113484.186727637890726, 2483623.929306369274855 ], [ 113487.026970542268828, 2483621.116595958825201 ], [ 113489.867128044075798, 2483618.304553976748139 ], [ 113492.738418164546601, 2483615.491844786796719 ], [ 113495.610013029829133, 2483612.678906822577119 ], [ 113498.481196643901058, 2483609.865979879628867 ], [ 113501.399595449795015, 2483607.05209434311837 ], [ 113504.286557273939252, 2483604.238995998166502 ], [ 113507.204966539051384, 2483601.425444477703422 ], [ 113510.107806898769923, 2483598.612061309162527 ], [ 113513.026101345487405, 2483595.797959472518414 ], [ 113515.928528751304839, 2483592.984477183781564 ], [ 113518.846945051278453, 2483590.171039361506701 ], [ 113521.765242691035382, 2483587.356939685530961 ], [ 113524.652314998849761, 2483584.543843691237271 ], [ 113527.570620311365929, 2483581.729967163875699 ], [ 113530.457694747194182, 2483578.916872572619468 ], [ 113533.344767469912767, 2483576.103667833842337 ], [ 113536.200609287305269, 2483573.291245031170547 ], [ 113540.304981292167213, 2483569.213599590584636 ], [ 113543.337235342420172, 2483566.134747595060617 ], [ 113545.454331345041282, 2483563.963237764313817 ], [ 113547.540187659615185, 2483561.792176929302514 ], [ 113549.657179005153012, 2483559.620559562463313 ], [ 113551.72737174469512, 2483557.450002238154411 ], [ 113554.517926724569406, 2483554.513643526472151 ], [ 113557.277239709335845, 2483551.577623202465475 ], [ 113559.316302938736044, 2483549.407734977547079 ], [ 113561.368112670839764, 2483547.11239851359278 ], [ 113564.09619631676469, 2483544.177160987164825 ], [ 113566.119482601585332, 2483542.007335817441344 ], [ 113568.139847886632197, 2483539.712454307358712 ], [ 113570.818625696527306, 2483536.653210940770805 ], [ 113573.484031805943232, 2483533.719099648762494 ], [ 113576.118103823566344, 2483530.785772716160864 ], [ 113578.765335281204898, 2483527.726987506262958 ], [ 113581.726355800987221, 2483524.265441887546331 ], [ 113583.997429336304776, 2483521.61053516715765 ], [ 113586.58208855194971, 2483518.552984034642577 ], [ 113589.166740491462406, 2483515.495100901462138 ], [ 113591.735737041686662, 2483512.438053646590561 ], [ 113593.626136243809015, 2483509.895058453083038 ], [ 113595.537550315493718, 2483507.602574058808386 ], [ 113598.075403899420053, 2483504.545641583856195 ], [ 113599.954968817241024, 2483502.253954495303333 ], [ 113601.834835226065479, 2483499.961927379015833 ], [ 113603.709472693270072, 2483497.419550050515682 ], [ 113605.573767470370512, 2483495.127580235246569 ], [ 113608.049058024829719, 2483492.072214768268168 ], [ 113610.519114640599582, 2483488.766277620568871 ], [ 113613.085085160448216, 2483485.55900023272261 ], [ 113614.790702241065446, 2483483.170164325740188 ], [ 113616.623668143642135, 2483480.879090867936611 ], [ 113618.420167722506449, 2483478.338226542808115 ], [ 113620.237567496602423, 2483476.047432025894523 ], [ 113622.054661385773215, 2483473.756756438408047 ], [ 113623.835796095023397, 2483471.215944487135857 ], [ 113625.616533012886066, 2483468.675697442609817 ], [ 113627.402594348008279, 2483466.38546601170674 ], [ 113629.763081226556096, 2483463.081940661650151 ], [ 113631.533367678464856, 2483460.79188255732879 ], [ 113633.283067357027903, 2483458.251858337316662 ], [ 113635.612015515216626, 2483454.949122990015894 ], [ 113637.926010328345001, 2483451.646429313812405 ], [ 113639.66496975638438, 2483449.357377831358463 ], [ 113641.398901574139018, 2483446.81774932378903 ], [ 113643.697019702463876, 2483443.515232095029205 ], [ 113645.979164804448374, 2483440.213225760962814 ], [ 113648.261411252664402, 2483436.911106475163251 ], [ 113649.948752724798396, 2483434.372533503454179 ], [ 113651.635573860025033, 2483431.833751958794892 ], [ 113653.886696593603119, 2483428.532523136585951 ], [ 113656.121832407603506, 2483425.231250842101872 ], [ 113657.793300090765115, 2483422.692965184338391 ], [ 113659.448886243975721, 2483420.154744114261121 ], [ 113661.65320750180399, 2483416.854354482609779 ], [ 113663.324471006402746, 2483414.316074865870178 ], [ 113664.964605943125207, 2483411.778573864605278 ], [ 113666.604727605648804, 2483409.240518829319626 ], [ 113668.24475786217954, 2483406.702910053078085 ], [ 113669.853445056418423, 2483404.165752458386123 ], [ 113671.493473713635467, 2483401.62803334929049 ], [ 113673.102371012850199, 2483399.090981954243034 ], [ 113674.726836254179943, 2483396.553652516566217 ], [ 113676.850095402100123, 2483393.129497906193137 ], [ 113679.004794020438567, 2483389.704557687975466 ], [ 113681.128158335050102, 2483386.280401363968849 ], [ 113683.236064909840934, 2483382.856742929667234 ], [ 113685.343451610766351, 2483379.432876116596162 ], [ 113687.435692550672684, 2483376.009610278066248 ], [ 113688.997690101503395, 2483373.473512251395732 ], [ 113690.572636175609659, 2483370.811739310622215 ], [ 113692.664459088409785, 2483367.388152286875993 ], [ 113694.725254064542241, 2483363.965230517089367 ], [ 113696.78343901259359, 2483360.417244891636074 ], [ 113698.844442204106599, 2483356.994318811688572 ], [ 113700.889266053156462, 2483353.571908617857844 ], [ 113702.931886715814471, 2483350.024202514905483 ], [ 113704.961348575598095, 2483346.601955385413021 ], [ 113706.476238044968341, 2483344.066705159377307 ], [ 113708.004182083706837, 2483341.405888352077454 ], [ 113710.517795208608732, 2483336.972942603752017 ], [ 113712.026852756622247, 2483334.311600232962519 ], [ 113714.024978141707834, 2483330.88991660438478 ], [ 113716.023009763157461, 2483327.4685685695149 ], [ 113718.003162268840242, 2483323.92198371514678 ], [ 113719.983012100565247, 2483320.375628719106317 ], [ 113721.96306080953218, 2483316.828936394769698 ], [ 113723.927339686430059, 2483313.282638699281961 ], [ 113725.891836835711729, 2483309.736779717262834 ], [ 113727.796995327400509, 2483306.367009007837623 ], [ 113729.305926389759406, 2483303.531179061159492 ], [ 113730.789589821011759, 2483300.996602431405336 ], [ 113732.725156698259525, 2483297.576486691832542 ], [ 113734.658200363744982, 2483294.030639337841421 ], [ 113736.591153006651439, 2483290.485238385852426 ], [ 113738.524312833789736, 2483286.93983269110322 ], [ 113739.973819136910606, 2483284.280649086926132 ], [ 113741.408062199305277, 2483281.621514479629695 ], [ 113742.842110753874294, 2483278.962828679010272 ], [ 113744.27626018441515, 2483276.304029640741646 ], [ 113745.710507695970591, 2483273.645006539300084 ], [ 113747.144758537760936, 2483270.986094504129142 ], [ 113749.046270731952973, 2483267.441149333491921 ], [ 113750.480428108246997, 2483264.782572943717241 ], [ 113751.883342460088897, 2483262.124334043357521 ], [ 113753.317389566393103, 2483259.465428078081459 ], [ 113754.720408091554418, 2483256.807186997961253 ], [ 113756.154252929089125, 2483254.148397480603307 ], [ 113757.556963310344145, 2483251.490164543967694 ], [ 113759.438308383570984, 2483247.695244876202196 ], [ 113761.324468449223787, 2483244.1506860377267 ], [ 113763.194847501348704, 2483240.606078313197941 ], [ 113764.597666530928109, 2483237.947954702191055 ], [ 113766.000480560061987, 2483235.289609581697732 ], [ 113767.871179616486188, 2483231.745327645447105 ], [ 113769.273691234353464, 2483229.087212454993278 ], [ 113770.660945118579548, 2483226.429367906879634 ], [ 113772.5157698468538, 2483222.885372782126069 ], [ 113773.918684514879715, 2483220.226804521400481 ], [ 113775.30604608223075, 2483217.569068944547325 ], [ 113777.160458153637592, 2483214.024974155705422 ], [ 113779.015297361824196, 2483210.481423740740865 ], [ 113780.402440895501059, 2483207.823139740154147 ], [ 113781.789908053120598, 2483205.165402531158179 ], [ 113783.62896490591811, 2483201.62169287353754 ], [ 113785.016321947798133, 2483198.963626136537641 ], [ 113786.403275538934395, 2483196.305902481544763 ], [ 113788.240028426691424, 2483192.6369000938721 ], [ 113790.076478617324028, 2483188.968127522151917 ], [ 113791.915952155424748, 2483185.424409148283303 ], [ 113793.302902952011209, 2483182.766464800573885 ], [ 113794.658824993064627, 2483180.1091851987876 ], [ 113796.498094783572014, 2483176.56547288922593 ], [ 113797.885047387215309, 2483173.90752918459475 ], [ 113799.240968466328923, 2483171.250139391515404 ], [ 113801.080045584880281, 2483167.706876580137759 ], [ 113802.903848677931819, 2483164.163219336885959 ], [ 113804.727254286117386, 2483160.62012706650421 ], [ 113806.566323210427072, 2483157.07642187224701 ], [ 113807.922247665352188, 2483154.419033322948962 ], [ 113809.309307872550562, 2483151.761088715400547 ], [ 113810.665545421186835, 2483149.103803678415716 ], [ 113812.052506393694784, 2483146.445972912944853 ], [ 113813.855321921291761, 2483142.652472774963826 ], [ 113815.242699255933985, 2483139.994743029586971 ], [ 113816.598212077864446, 2483137.337255178019404 ], [ 113817.954042972414754, 2483134.680092348251492 ], [ 113819.341410858323798, 2483132.021919754799455 ], [ 113821.14925750112161, 2483128.479108773637563 ], [ 113822.988443731563166, 2483124.935625896323472 ], [ 113824.344472202530596, 2483122.278015410061926 ], [ 114040.999898157140706, 2482876.972502193413675 ], [ 114180.176593718933873, 2482687.322939095553011 ], [ 114286.370432587165851, 2482528.978832835331559 ], [ 114329.678543131623883, 2482464.40277797030285 ], [ 114387.31107217783574, 2482348.79477117722854 ], [ 114445.971680330985691, 2482231.125062342267483 ], [ 114460.458757479791529, 2482167.961773178074509 ], [ 114516.779981269093696, 2481921.605319819413126 ], [ 114522.276345169870183, 2481646.70650833286345 ], [ 114506.817169320420362, 2481564.102765379939228 ], [ 114473.027641075954307, 2481383.673256763722748 ], [ 114390.575087460223585, 2481110.531459270510823 ], [ 114368.419146178697702, 2481060.919630462303758 ], [ 114263.954447265539784, 2480827.000082128215581 ], [ 114244.677401079097763, 2480807.632084385026246 ], [ 114017.05496812594356, 2480578.935544208157808 ], [ 113855.604939027281944, 2480502.247497159522027 ], [ 113742.762406387773808, 2480448.6475889836438 ], [ 113728.381405147898477, 2480441.921197225339711 ], [ 113457.652741978003178, 2480284.759145942982286 ], [ 113416.849223709257785, 2480261.025791068561375 ], [ 112873.578552844061051, 2480040.920992022380233 ], [ 112565.854975483205635, 2479870.467930345330387 ], [ 112528.840636621229351, 2479849.914881576783955 ], [ 112371.211545904166996, 2479666.193508441094309 ], [ 112352.285282665397972, 2479557.672738291788846 ], [ 112346.35292120691156, 2479523.657285294495523 ], [ 112344.158039100875612, 2479413.733508636709303 ], [ 112339.548370265867561, 2479182.869121465366334 ], [ 112390.121019302110653, 2478961.924491698853672 ], [ 112506.233628881513141, 2478717.628298049792647 ], [ 112658.37839779688511, 2478626.66771964263171 ], [ 112845.486350303108338, 2478633.954511142801493 ], [ 112995.807954324467573, 2478647.135698730591685 ], [ 113158.311138864606619, 2478634.974516151938587 ], [ 113349.12622627732344, 2478661.72578907571733 ], [ 113591.426487134536728, 2478731.285532832145691 ], [ 113636.524236854398623, 2478757.760908498894423 ], [ 113759.789025879697874, 2478830.125881153624505 ], [ 113923.799370072607417, 2478913.271541064139456 ], [ 114053.580329291522503, 2478994.668294500559568 ], [ 114108.818733159045223, 2479029.313063875772059 ], [ 114175.961219878110569, 2479067.731520434375852 ], [ 114343.169357644103002, 2479163.406634986866266 ], [ 114588.712039358913898, 2479263.710598262026906 ], [ 114689.796204327605665, 2479296.394669820554554 ], [ 114841.901819432270713, 2479345.575671138707548 ], [ 115008.576635096746031, 2479358.723535565193743 ], [ 115021.818205136922188, 2479359.768042998854071 ], [ 115136.308591771929059, 2479297.865514563862234 ], [ 115247.976665041642264, 2479212.222905439790338 ], [ 115282.004375256830826, 2479108.341612281277776 ], [ 115295.697103946178686, 2479066.48692011879757 ], [ 115309.06176203629002, 2478994.079350899439305 ], [ 115322.400234138418455, 2478921.922392785549164 ], [ 115342.09295398654649, 2478866.92264824686572 ], [ 115348.854179355083033, 2478848.001000992953777 ], [ 115363.315936643572059, 2478767.80614947155118 ], [ 115429.36946814332623, 2478613.438322407659143 ], [ 115456.72705659433268, 2478454.583055056631565 ], [ 115482.33670547377551, 2478338.34611642267555 ], [ 115490.54325320222415, 2478311.802950209472328 ], [ 115511.01384193287231, 2478245.593582653440535 ], [ 115538.161981097655371, 2478135.838572731707245 ], [ 115609.560363155207597, 2477990.382525368127972 ], [ 115633.755975706735626, 2477898.972237741574645 ], [ 115646.767035129130818, 2477849.616760672535747 ], [ 115693.415225778182503, 2477720.686191254295409 ], [ 115717.60131666820962, 2477592.70457350416109 ], [ 115729.213061696093064, 2477561.267983350437135 ], [ 115764.299826832662802, 2477466.277979379054159 ], [ 115793.461752162722405, 2477327.175989478826523 ], [ 115830.744086234946735, 2477236.146767107769847 ], [ 115842.904285215889104, 2477206.456063588149846 ], [ 115881.753504144202452, 2477090.422263477928936 ], [ 115893.139957612671424, 2477056.413363161031157 ], [ 116007.440379717445467, 2476762.063814343418926 ], [ 116078.271377230237704, 2476575.540353015530854 ], [ 116116.630661653238349, 2476465.812915236223489 ], [ 116148.653755165170878, 2476330.411727300845087 ], [ 116157.844441742752679, 2476263.724038834683597 ], [ 116167.03495049389312, 2476197.036268931347877 ], [ 116182.760386525653303, 2476093.772162289824337 ], [ 116162.461356252315454, 2475991.226125180255622 ], [ 116149.158506053965539, 2475857.98149055428803 ], [ 116143.781595916370861, 2475847.908736555837095 ], [ 116066.997912256454583, 2475704.066678815055639 ], [ 115952.28837921313243, 2475572.843687138985842 ], [ 115838.662883167213295, 2475494.451683459803462 ], [ 115830.013070177577902, 2475493.799542687367648 ], [ 115768.905430505226832, 2475489.192077132407576 ], [ 115702.035287621431053, 2475484.150289423763752 ], [ 115636.128389114746824, 2475481.958131128456444 ], [ 115499.56850885937456, 2475477.415898830164224 ], [ 115378.731447043421213, 2475504.184830088168383 ], [ 115340.521371880313382, 2475512.649343018885702 ], [ 115262.966724360187072, 2475534.374145708512515 ], [ 115197.554303473152686, 2475552.697493926621974 ], [ 115054.587213129037991, 2475592.745641742367297 ], [ 115016.828304359747563, 2475607.783925303258002 ], [ 114924.205281246104278, 2475644.672953837085515 ], [ 114842.478751577669755, 2475677.222306070383638 ], [ 114801.0070569011732, 2475693.739350980147719 ], [ 114547.211762336432002, 2475783.966652278322726 ], [ 114421.445685583399609, 2475810.520482008345425 ], [ 114389.17136848368682, 2475817.334845750592649 ], [ 114324.491998528770637, 2475830.991001171059906 ], [ 114129.794930990901776, 2475855.581213077995926 ], [ 114074.848335938237142, 2475862.520977222360671 ], [ 114000.435283089755103, 2475869.515648337546736 ], [ 113927.3297404377372, 2475879.493176108691841 ], [ 113864.866966103902087, 2475831.350016574840993 ], [ 113816.128390312951524, 2475793.784825549926609 ], [ 113806.068423118675128, 2475785.468686858192086 ], [ 113736.709017604473047, 2475653.338799985125661 ], [ 113699.480345639341976, 2475453.937712555285543 ], [ 113726.184773900371511, 2475103.467355486005545 ], [ 113745.143549021624494, 2475048.140035326592624 ], [ 113789.448704880313016, 2474918.84559430135414 ], [ 114033.548168042965699, 2474580.825835066381842 ], [ 114244.460173897037748, 2474309.426662929356098 ], [ 114340.196172421681695, 2474186.234942581970245 ], [ 114377.644658613891806, 2474138.046918276697397 ], [ 114393.704794700897764, 2474117.380957134999335 ], [ 114541.449379243189469, 2473927.266282203607261 ], [ 114553.927536550094374, 2473911.20964128896594 ], [ 114733.868777926603798, 2473679.665678543504328 ], [ 114867.970934221462812, 2473507.10682210419327 ], [ 114882.856359805737156, 2473487.952749158255756 ], [ 114975.72576214367291, 2473368.451396022923291 ], [ 115123.023435501323547, 2473178.913808217272162 ], [ 115284.916352585598361, 2472970.534460618160665 ], [ 115582.997058098611888, 2472586.863863597624004 ], [ 115598.659328993118834, 2472566.763443790841848 ], [ 115729.952017673174851, 2472440.813579709734768 ], [ 116139.15851253742585, 2472048.260648261290044 ], [ 116173.963939895038493, 2472014.916662744246423 ], [ 116254.776167539530434, 2471937.497374029364437 ], [ 116297.031128034926951, 2471874.007593611720949 ], [ 116400.916079055867158, 2471717.916426514741033 ], [ 116415.498798044456635, 2471657.027647076640278 ], [ 116509.177081366418861, 2471265.886398544535041 ], [ 116519.056246116117109, 2471117.600405245088041 ], [ 116526.268940461624879, 2471009.338838347233832 ], [ 116535.968076650809962, 2470863.759319866541773 ], [ 116548.11291132849874, 2470681.476543442346156 ], [ 116548.92475595837459, 2470671.433547211810946 ], [ 116564.003734178026207, 2470484.926119536161423 ], [ 116577.40784422843717, 2470319.136986060999334 ], [ 116579.2030472002225, 2470296.933557979296893 ], [ 116594.321167996909935, 2470109.947883242741227 ], [ 116602.111004043719731, 2470013.606063860002905 ], [ 116637.635346337803639, 2469574.80707194795832 ], [ 116642.653199462802149, 2469512.82771709933877 ], [ 116810.707692812138703, 2469243.742946160491556 ], [ 116853.334540957410354, 2469175.490279220044613 ], [ 117180.88156930176774, 2468953.787508816458285 ], [ 117183.137387639260851, 2468952.26068168785423 ], [ 117483.402625900984276, 2468930.007774305064231 ], [ 117489.491482788114808, 2468930.991311807651073 ], [ 117560.837207595352083, 2468942.516567836515605 ], [ 117898.408868148457259, 2468997.04776884522289 ], [ 117915.177455623226706, 2468999.756569326389581 ], [ 118091.651937995338812, 2469028.264221593737602 ], [ 118199.817708993330598, 2469045.73714506579563 ], [ 118220.661091809917707, 2469049.104143176693469 ], [ 118881.701645429304335, 2469211.570437123067677 ], [ 118894.275328451709356, 2469214.660788331646472 ], [ 118975.895612915745005, 2469234.720844169147313 ], [ 119303.520661023852881, 2469249.580604082904756 ], [ 119420.058755138539709, 2469254.866333849262446 ], [ 119494.17171276191948, 2469258.22782966401428 ], [ 119552.633769347507041, 2469257.065019150264561 ], [ 119569.62038377620047, 2469256.727151421830058 ], [ 119727.934614842000883, 2469253.578329793643206 ], [ 119775.068011309078429, 2469238.219027581159025 ], [ 120086.362073916418012, 2469136.778539010789245 ], [ 120325.527423241175711, 2469058.842584257479757 ], [ 120473.565582325507421, 2468939.425480427686125 ], [ 120490.267207490920555, 2468851.923530333209783 ], [ 120534.27522301801946, 2468621.361966792028397 ], [ 120530.125093767477665, 2468404.779645993374288 ], [ 120490.986340988427401, 2468105.483479434624314 ], [ 120372.628684105176944, 2467910.176322082988918 ], [ 120301.2548131122021, 2467792.398756706155837 ], [ 120012.601166051696055, 2467547.906745300628245 ], [ 119870.841016212420072, 2467465.302198942285031 ], [ 119409.544573096674867, 2467196.501001443248242 ], [ 119384.510476238268893, 2467181.913384623359889 ], [ 119320.016604300937615, 2467144.370588499587029 ], [ 118788.515707035199739, 2466982.389726167544723 ], [ 118496.735938116267789, 2466893.466218633577228 ], [ 118364.993622872978449, 2466807.194975078105927 ], [ 118361.975747983204201, 2466805.218679921235889 ], [ 118175.346736658306327, 2466682.933747260831296 ], [ 117868.716641994949896, 2466372.163438506424427 ], [ 117698.219609802297782, 2466191.945851694792509 ], [ 117589.773562315502204, 2465760.761267261113971 ], [ 117613.039466759597417, 2465617.501127275172621 ], [ 117618.871883495885413, 2465581.587721745483577 ], [ 117619.653684294142295, 2465576.812928401399404 ], [ 117641.01123029331211, 2465547.238536634948105 ], [ 117814.921774779621046, 2465306.41931597981602 ], [ 118204.283675394661259, 2464786.516865573357791 ], [ 118270.984264038852416, 2464697.454078517388552 ], [ 118395.580542501062155, 2464593.51474256394431 ], [ 118800.286368844506796, 2464255.906446125824004 ], [ 119081.13028352742549, 2464021.625785748939961 ], [ 119109.460113454551902, 2463997.992967263329774 ], [ 119311.412463289452717, 2463746.552244793623686 ], [ 119598.892473508080002, 2463388.627056162338704 ], [ 119710.987421883328352, 2463136.422763161361217 ], [ 119709.068086927232798, 2463036.519001529086381 ], [ 119707.56303957029013, 2463026.690928261727095 ], [ 119688.837249487522058, 2462904.409339169971645 ], [ 119680.815205685445108, 2462852.024474857375026 ], [ 119670.903087205952033, 2462787.296386115718633 ], [ 119581.367585608735681, 2462472.214642672799528 ], [ 119452.457874712243211, 2462250.790040835738182 ], [ 119438.331801457097754, 2462226.526046108454466 ], [ 119408.662608777580317, 2462175.563787737861276 ], [ 119220.529881472757552, 2461945.596184893511236 ], [ 119132.290204855264165, 2461697.36531771812588 ], [ 119149.962599521444645, 2461562.255716094281524 ], [ 119176.008751582703553, 2461363.10725642554462 ], [ 119271.395048841775861, 2461111.235496862325817 ], [ 119417.523645056528039, 2460891.922175257932395 ], [ 119580.98909842420835, 2460705.329381110612303 ], [ 119629.128757021564525, 2460623.257849381770939 ], [ 119758.922606256790459, 2460401.976828120648861 ], [ 120121.912026199977845, 2460011.660056417342275 ], [ 120200.807911038922612, 2459926.824776328634471 ], [ 120387.281062504975125, 2459673.543983574956656 ], [ 120412.464359158591833, 2459639.338095243088901 ], [ 120525.828180577373132, 2459453.991636974737048 ], [ 120591.328930934658274, 2459386.066232603508979 ], [ 120674.49831713817548, 2459367.636269127484411 ], [ 120740.294927011069376, 2458714.086409077048302 ], [ 120174.669680395862088, 2457810.78915089648217 ], [ 119795.262719655642286, 2457086.899499258026481 ], [ 118495.308059873757884, 2456015.018100471235812 ], [ 117376.355177203135099, 2454848.107920363545418 ], [ 116064.279450518020894, 2453136.428687666542828 ], [ 115678.012324588431511, 2452047.175902677234262 ], [ 114898.593090403883252, 2449502.822881383821368 ], [ 114507.224772571295034, 2448139.364150661509484 ], [ 114312.386581134807784, 2447503.454882693476975 ], [ 114363.574497297115158, 2447020.501341660041362 ], [ 114527.04991930804681, 2446853.707726352382451 ], [ 116141.257628381252289, 2447560.064260916318744 ], [ 116972.12010988855036, 2448001.313558847643435 ], [ 117615.100145603297278, 2448171.984475689940155 ], [ 117704.719755478959996, 2448078.789453626144677 ], [ 118426.879145411250647, 2447608.1637331857346 ], [ 118418.216673556657042, 2447151.454297835938632 ], [ 118406.107953231839929, 2446511.959927055053413 ], [ 117938.938737041084096, 2445972.610938513185829 ], [ 117011.544786581478547, 2445258.973050750792027 ], [ 116632.322789393481798, 2444535.026535210199654 ], [ 116627.114469762484077, 2444261.097561359871179 ], [ 117147.596827037166804, 2442789.013969936408103 ], [ 118729.682160494441632, 2439469.29007626324892 ], [ 120225.57712442916818, 2436425.614136436022818 ], [ 121206.206740107620135, 2435127.921461078338325 ], [ 122903.682368691370357, 2433085.553239001892507 ], [ 124153.059919871622697, 2431508.879128363914788 ], [ 124943.995067822455894, 2429849.292811788152903 ], [ 125183.516928864410147, 2428017.428142386488616 ], [ 124980.20607676752843, 2426925.102308889850974 ], [ 124864.778775392565876, 2425648.211644110735506 ], [ 123386.335856030578725, 2424762.39759703213349 ], [ 121547.73781300324481, 2424157.371861229185015 ], [ 120341.593182746029925, 2423175.023861290886998 ], [ 119223.364792629436124, 2422008.340717853046954 ], [ 118468.766666750365403, 2420743.364275592844933 ], [ 118339.835695710615255, 2418736.012213349342346 ], [ 118467.849727275141049, 2415810.142551213968545 ], [ 118863.097992673341651, 2412514.129019799642265 ], [ 118972.55233770434279, 2408583.962130351923406 ], [ 119195.516428166010883, 2405839.378662464674562 ], [ 119332.331868104636669, 2403370.4999411823228 ], [ 119778.960274472308811, 2402589.866432964801788 ], [ 119738.480932345439214, 2402501.229993830434978 ], [ 119871.386151146085467, 2402428.269844628870487 ], [ 120720.442234376212582, 2401361.566737308166921 ], [ 122076.253878555202391, 2400851.639632742386311 ], [ 123319.734870327811223, 2400960.309334666933864 ], [ 125178.271725823520683, 2400822.125894639175385 ], [ 127159.741402149607893, 2400794.524518484249711 ], [ 129025.995904379466083, 2400879.85867526056245 ], [ 130884.468589899479412, 2400833.099159887991846 ], [ 132752.914568478707224, 2401034.34724015602842 ], [ 134502.236650778097101, 2401238.397132275626063 ], [ 136129.452080300543457, 2401822.731883622705936 ], [ 137526.161787385237403, 2402884.357800092082471 ], [ 138619.704403892392293, 2401396.822439692448825 ], [ 142034.960893574403599, 2399573.863981592468917 ], [ 149806.101886074291542, 2399509.10221041738987 ], [ 151958.255828339431901, 2399384.060083068907261 ], [ 151860.027895868872292, 2399637.880882625468075 ], [ 151494.447359116689768, 2400496.377821725327522 ], [ 151090.069332591025159, 2401147.03166624950245 ], [ 150770.534015931421891, 2401691.621757633518428 ], [ 150415.232118992076721, 2402185.07051299046725 ], [ 149792.838681383465882, 2403239.632752104662359 ], [ 149660.977209547127131, 2403607.052898212336004 ], [ 149530.795677440066356, 2404061.086836352944374 ], [ 149573.275709860026836, 2404459.936376362107694 ], [ 149632.783375775092281, 2404840.925912200473249 ], [ 149759.773400700825732, 2405153.743128856178373 ], [ 149821.783620792964939, 2405303.79481694707647 ], [ 150047.938455983239692, 2405776.208378861192614 ], [ 150471.079943659016863, 2407267.764497452415526 ], [ 150581.85088339127833, 2408518.213902334682643 ], [ 150602.174243346846197, 2408747.454534713178873 ], [ 150257.910888420999981, 2409424.26712498255074 ], [ 149597.720217111171223, 2410115.988517643883824 ], [ 149164.586751103342976, 2410616.988193822558969 ], [ 148683.043517820187844, 2411105.910448107868433 ], [ 148308.219406115880702, 2411509.87051344756037 ], [ 146591.628617881855462, 2413055.585146404337138 ], [ 145066.558941935189068, 2414645.193195463623852 ], [ 143827.47462456143694, 2416242.289209263399243 ], [ 143209.821897664514836, 2417993.58901228569448 ], [ 143328.430746874189936, 2419755.835565063171089 ], [ 143718.231704736244865, 2421087.298218545969576 ], [ 144213.052109776239377, 2422448.256716759875417 ], [ 145120.337771899532527, 2423991.472494071349502 ], [ 146121.594289761793334, 2426555.080565675161779 ], [ 144950.059432788344566, 2428137.684105527587235 ], [ 143656.564614031114615, 2429745.494350833352655 ], [ 143181.406611449318007, 2430854.960990600753576 ], [ 142942.312772129720543, 2431877.665527396835387 ], [ 142956.081898629199713, 2433320.654194468166679 ], [ 143210.84177413181169, 2434390.022796029224992 ], [ 143655.646185128309298, 2435843.078160097356886 ], [ 144195.728482253558468, 2438116.925079057924449 ], [ 145071.963417627674062, 2440932.086214595474303 ], [ 146510.319942099333275, 2444467.643387687392533 ], [ 147649.467690964520443, 2446904.894494646694511 ], [ 148142.917980315978639, 2449014.769323267973959 ], [ 148152.40902763226768, 2450637.341642669867724 ], [ 147815.49363429407822, 2452109.741131767630577 ], [ 146443.565229482774157, 2454493.636698638089001 ], [ 144334.39218897203682, 2457502.231410201173276 ], [ 143923.513990060484502, 2458745.7584945471026 ], [ 143963.651219802675769, 2459684.592466044705361 ], [ 145155.326188404345885, 2460805.452884949743748 ], [ 146863.813475790550001, 2462029.988657271955162 ], [ 148623.870717925019562, 2463066.40116523206234 ], [ 148675.709183655388188, 2464615.254905104637146 ], [ 148220.387650862161536, 2465829.846355836372823 ], [ 148246.645327630918473, 2467164.096535689663142 ], [ 149054.169364788336679, 2468840.920132929459214 ], [ 150244.100824415159877, 2470257.93913006875664 ], [ 151723.22692615602864, 2472458.748760869260877 ], [ 152384.909225866605993, 2473586.229177285917103 ], [ 152609.158235460112337, 2474385.854386417660862 ], [ 152550.76259108929662, 2475368.156823675148189 ], [ 152474.522310405445751, 2476651.318283967208117 ], [ 152468.825400951551273, 2476688.080375874880701 ], [ 152397.430876572907437, 2477148.797998945228755 ], [ 152377.168789221090265, 2477279.553949611727148 ], [ 152259.013753541570622, 2478042.051609103102237 ], [ 152169.391010494495276, 2478620.439912057481706 ], [ 152061.232175701123197, 2479036.579065646976233 ], [ 151917.76467100228183, 2479588.575956147629768 ], [ 151778.328350647818297, 2480125.023353883065283 ], [ 151664.699895824654959, 2480562.187436383217573 ], [ 151551.710320351470727, 2480996.900163867510855 ], [ 151489.465744773449842, 2481236.380370358005166 ], [ 151440.621701973956078, 2481337.993504143320024 ], [ 151291.594737958686892, 2481648.024251388851553 ], [ 151133.383069322444499, 2481977.164457549806684 ], [ 151013.708984462951776, 2482226.133422595914453 ], [ 150763.437938324233983, 2482746.79867902258411 ], [ 150621.541145585244521, 2483042.004140823613852 ], [ 150435.718010507174768, 2483428.597437474410981 ], [ 150109.962420883239247, 2484163.342024753335863 ], [ 149909.127531317062676, 2484616.452624833676964 ], [ 149872.195464715419803, 2484699.77678700722754 ], [ 149864.002856903069187, 2484718.260457288939506 ], [ 149497.494932604429778, 2485545.164249377325177 ], [ 149492.065950856544077, 2485581.865953754633665 ], [ 149455.783318738860544, 2485827.149151089135557 ], [ 149441.09473164920928, 2485926.449964192230254 ], [ 149407.273015927115921, 2486155.100617592222989 ], [ 149366.551714218745474, 2486430.400127096101642 ], [ 149366.086303449701518, 2486433.546533830929548 ], [ 149325.099855255335569, 2486710.695930824615061 ], [ 149287.34587859531166, 2486965.99009286891669 ], [ 149250.51453302038135, 2487215.049303360749036 ], [ 149206.544521152682137, 2487512.368609747383744 ], [ 149203.862648778769653, 2487530.503690115641803 ], [ 149184.153338792617433, 2487663.777327022049576 ], [ 149166.796478145872243, 2487781.144346311222762 ], [ 149161.564121726260055, 2487816.525901570450515 ], [ 149139.688223764591385, 2487964.451873410027474 ], [ 149125.251001164491754, 2488062.078410980757326 ], [ 149109.416043878882192, 2488169.156771333888173 ], [ 149091.742675168439746, 2488288.667512842454016 ], [ 149069.030152181687299, 2488442.24180055456236 ], [ 149068.004379056335893, 2488449.177236101124436 ], [ 149032.74824703601189, 2488687.787607052829117 ], [ 148918.029136483208276, 2489670.254855255130678 ], [ 148863.122609939717222, 2490140.502382738050073 ], [ 148769.580780930467881, 2490941.677276267670095 ], [ 148762.804712216195185, 2490999.714270080439746 ], [ 148740.026231077092234, 2491194.817020289599895 ], [ 148687.867582611565012, 2491641.5756203844212 ], [ 148682.342154691461474, 2491688.903723560273647 ], [ 148601.618630182696506, 2492107.690860904753208 ], [ 148544.13474795978982, 2492405.916167594492435 ], [ 148386.121722809213679, 2493225.705025104340166 ], [ 148327.04112164711114, 2493499.58531711762771 ], [ 148308.154954689380247, 2493587.136221733409911 ], [ 148229.756411533104256, 2493950.574482030700892 ], [ 148175.993922844994813, 2494121.399045603815466 ], [ 148162.264594321139157, 2494165.022332382388413 ], [ 148139.402375980047509, 2494237.664721854496747 ], [ 148127.905532332486473, 2494274.197366782464087 ], [ 148074.399385694530793, 2494444.219533079769462 ], [ 148056.829993268474936, 2494500.048953011631966 ], [ 147953.035287043254357, 2494829.872262862045318 ], [ 147897.863153071375564, 2495028.176544430200011 ], [ 147863.12964562716661, 2495153.01929915882647 ], [ 147862.090560426469892, 2495156.754219238646328 ], [ 147841.30627483088756, 2495231.414901171810925 ], [ 147823.577695036889054, 2495295.098944159690291 ], [ 147767.025856303633191, 2495498.244244310073555 ], [ 147746.953854382096324, 2495556.821408691350371 ], [ 147683.347131582035217, 2495742.448053359054029 ], [ 147612.285235295246821, 2495949.833115587942302 ], [ 147609.507645958510693, 2495957.939187810290605 ], [ 147596.582900605571922, 2495995.513034202624112 ], [ 147592.051066182029899, 2496007.538038840983063 ], [ 147550.743788314750418, 2496117.145778633188456 ], [ 147475.603217851894442, 2496316.530007749330252 ], [ 147416.278027055494022, 2496473.948830080218613 ], [ 147275.072608769580256, 2497008.447049717884511 ], [ 147215.383264593780041, 2497226.995890916790813 ], [ 147131.462632141483482, 2497534.269369573798031 ], [ 147071.640985801350325, 2497753.306651360355318 ], [ 147061.95703399181366, 2497798.701119953766465 ], [ 147045.350577675853856, 2497876.545578954741359 ], [ 146941.483246113464702, 2498363.716566249728203 ], [ 146799.333673897664994, 2498850.907012808136642 ], [ 146770.900333713274449, 2498932.692473137751222 ], [ 146709.552751182520296, 2499109.153528175782412 ], [ 146462.635190293833148, 2499579.420778552535921 ], [ 146384.828326744202059, 2499689.691172605380416 ], [ 146043.783907131815795, 2500173.032642003148794 ], [ 145973.286476214067079, 2500272.944726882502437 ], [ 145857.849378866318148, 2500435.293716562911868 ], [ 145590.835180347610731, 2500811.003880560398102 ], [ 145576.170983497635461, 2500831.637669207528234 ], [ 145161.242695306136739, 2501447.791350430808961 ], [ 145150.891650057164952, 2501462.370764463674277 ], [ 144921.155925611557905, 2501785.952511613722891 ], [ 144694.258010557619855, 2502034.444355701096356 ], [ 144639.731073979579378, 2502092.489404689986259 ], [ 144425.451154836802743, 2502320.595077998936176 ], [ 144326.036270791431889, 2502432.040307691786438 ], [ 144176.351801578828599, 2502599.838684742804617 ], [ 143868.810079913993832, 2502865.23436437966302 ], [ 143563.900602114736103, 2503292.360275911632925 ], [ 143469.483727808867116, 2503483.342215067707002 ], [ 143353.462158263544552, 2503717.958570222835988 ], [ 143342.640998533985112, 2503739.840944470837712 ], [ 143336.864976681652479, 2503751.477333037182689 ], [ 143328.552869909501169, 2503926.199433994945139 ], [ 143338.72755919379415, 2504121.437223637010902 ], [ 143347.789924172277097, 2504295.324833283666521 ], [ 143343.80623109464068, 2504297.459192440379411 ], [ 143329.212918455479667, 2504516.262159440200776 ], [ 143322.910642559814733, 2504610.757053079083562 ], [ 143390.416528526577167, 2504953.326930116396397 ], [ 143422.400941886764485, 2505115.635202290024608 ], [ 143567.807619521277957, 2505487.517162471078336 ], [ 143670.527488201332744, 2505610.583860612008721 ], [ 143715.787860856798943, 2505725.762023096438497 ], [ 143723.555110174056608, 2505760.576368106529117 ], [ 143745.268826572049875, 2505857.901017450727522 ], [ 143820.14158943365328, 2505973.373235435690731 ], [ 143904.796783575264271, 2506104.145935177337378 ], [ 143986.284544680558611, 2506222.210865270346403 ], [ 143991.246889322763309, 2506229.410726154688746 ], [ 144119.244112063082866, 2506415.119282600935549 ], [ 144557.3896213969565, 2506888.868128076661378 ], [ 144665.153571401606314, 2506948.551209992729127 ], [ 145051.281191145651974, 2507162.144165459088981 ], [ 145361.89720654010307, 2507349.465182742103934 ], [ 145859.750108279928099, 2507649.700558383949101 ], [ 145871.756173619709443, 2507712.566904801875353 ], [ 145888.876626019307878, 2507769.820835309103131 ], [ 145826.083849733171519, 2507942.1332743098028 ], [ 145763.019813395978417, 2508114.952551849652082 ], [ 145556.091254530707374, 2508520.823328622151166 ], [ 145430.625298876897432, 2508794.094647604972124 ], [ 145332.219427087751683, 2509008.42835625866428 ], [ 145300.754256730666384, 2509198.892179140355438 ], [ 145278.810965213808231, 2509331.668893753085285 ], [ 145235.572172501182649, 2509403.618148817215115 ], [ 145182.856803850154392, 2509549.39720422308892 ], [ 145148.767565098416526, 2509672.536462350282818 ], [ 145133.46504213422304, 2509780.983846970368177 ], [ 145147.931588380073663, 2509946.079774770420045 ], [ 145166.605479569640011, 2510004.542486373800784 ], [ 145171.13538406312, 2510014.74576323851943 ], [ 145201.592958594323136, 2510083.349302783608437 ], [ 145207.771160285512451, 2510100.417626459617168 ], [ 145233.593934911943506, 2510171.757833377458155 ], [ 145239.197719760413747, 2510212.991583473980427 ], [ 145233.674126398400404, 2510254.450223365332931 ], [ 145227.990043825469911, 2510287.960718567017466 ], [ 145215.851154002186377, 2510316.830707513727248 ], [ 145189.476543892989866, 2510369.077388969715685 ], [ 145189.177345397125464, 2510378.486102203838527 ], [ 145255.736178181599826, 2510564.162067362107337 ], [ 145574.017609564121813, 2510738.293635107576847 ], [ 145597.076490939769428, 2510760.934481236618012 ], [ 145693.102088460407685, 2510816.835838120430708 ], [ 145808.967564894410316, 2510884.466187872923911 ], [ 145917.809487094345968, 2510974.539889111649245 ], [ 146001.871679420699365, 2511044.106710401363671 ], [ 146011.17732617969159, 2511053.692638616077602 ], [ 146015.80677521659527, 2511058.119245610199869 ], [ 146048.584613965824246, 2511089.266905098222196 ], [ 146085.515282609674614, 2511133.047864990308881 ], [ 146140.750887687085196, 2511243.249774174299091 ], [ 146205.321077219268773, 2511395.669769026804715 ], [ 146257.891728551010601, 2511531.369255679659545 ], [ 146291.322989910258912, 2511719.998729659244418 ], [ 146287.042147872562055, 2511767.198272453155369 ], [ 146264.884697678557131, 2511824.895377099048346 ], [ 146248.154390227980912, 2511888.843773412518203 ], [ 146243.819614296895452, 2511936.63913319632411 ], [ 146245.693447167344857, 2511976.887737562414259 ], [ 146261.472410917165689, 2512023.216342113912106 ], [ 146294.753639790345915, 2512077.244473504368216 ], [ 146329.491775678703561, 2512112.923240657895803 ], [ 146359.076718215947039, 2512131.501030698884279 ], [ 146400.727737317210995, 2512146.561512497253716 ], [ 146451.680804129282478, 2512149.772134969942272 ], [ 146493.010543870681431, 2512148.936580402776599 ], [ 146547.881140585173853, 2512136.165547059848905 ], [ 146565.768135331454687, 2512129.442839249037206 ], [ 146599.336868949932978, 2512111.801609236747026 ], [ 146631.631666945293546, 2512083.584452495444566 ], [ 146735.203572685422841, 2511941.955643715336919 ], [ 146804.886823614884634, 2511867.407550644595176 ], [ 146973.952913273009472, 2511687.718267652206123 ], [ 147002.942235835071187, 2511656.907512344419956 ], [ 147045.040109246154316, 2511615.930512022227049 ], [ 147270.152592622442171, 2511396.812797825783491 ], [ 147377.714248141041026, 2511289.683002604171634 ], [ 147414.949050409253687, 2511243.608458731789142 ], [ 147454.697352486196905, 2511176.769467557314783 ], [ 147483.389043541625142, 2511128.523183571640402 ], [ 147494.051809356024023, 2511113.037139400374144 ], [ 147501.155352847417817, 2511102.720291145145893 ], [ 147515.410404775408097, 2511090.764233651570976 ], [ 147533.211930766061414, 2511075.833474496845156 ], [ 147563.101618846063502, 2511061.555057306773961 ], [ 147583.613231696363073, 2511051.756525458302349 ], [ 147686.230009791441262, 2511014.697675487492234 ], [ 147815.602107630402315, 2510943.899037689436227 ], [ 147834.077417070162483, 2510933.788478828500956 ], [ 147894.303740844829008, 2510889.491954719182104 ], [ 147964.134192177210934, 2510838.131778860464692 ], [ 148011.291836355463602, 2510810.939983014483005 ], [ 148071.342708468786441, 2510792.234060582704842 ], [ 148135.041895982052665, 2510777.271452714689076 ], [ 148163.932056301331613, 2510770.485255261417478 ], [ 148182.115864012914244, 2510765.347182041034102 ], [ 148205.65452525933506, 2510749.764355551917106 ], [ 148214.540320135536604, 2510740.213170022238046 ], [ 148248.639056895801332, 2510703.561035010498017 ], [ 148252.627255056169815, 2510708.660832057707012 ], [ 148275.467502325598616, 2510724.101697815116495 ], [ 148502.136152005754411, 2510743.507809669245034 ], [ 148535.150679356476758, 2510741.348647200502455 ], [ 148547.375270811899099, 2510821.673180811107159 ], [ 148542.333699676615652, 2510959.836440295446664 ], [ 148547.599675386503804, 2511088.635012501850724 ], [ 148532.687884806247894, 2511170.43569084815681 ], [ 148529.582151040493045, 2511182.500926319509745 ], [ 148525.602965249097906, 2511197.959666714537889 ], [ 148489.530691945285071, 2511454.173862839117646 ], [ 148488.596345553465653, 2511460.810198469087481 ], [ 148482.760820196301211, 2511502.25909475935623 ], [ 148478.979537852166686, 2511529.117068524938077 ], [ 148476.398919939063489, 2511561.526332535780966 ], [ 148473.282504533301108, 2511575.156894243322313 ], [ 148472.369120898656547, 2511578.722658476792276 ], [ 148432.973998539615422, 2511665.746466471813619 ], [ 148404.586931641621049, 2511729.929545358289033 ], [ 148400.623468539211899, 2511748.12198547180742 ], [ 148372.502176162903197, 2511877.198802344501019 ], [ 148361.900526179291774, 2511925.860688701737672 ], [ 148351.003791177063249, 2511946.444073359016329 ], [ 148348.322706620732788, 2511951.508529824670404 ], [ 148328.358205070719123, 2511989.220303226262331 ], [ 148310.842544617480598, 2512022.306713019032031 ], [ 148280.44371052866336, 2512086.306517898570746 ], [ 148217.404766505584121, 2512219.024563719518483 ], [ 148213.222342522291001, 2512227.829881466925144 ], [ 148168.839096568641253, 2512295.896751536522061 ], [ 147989.058669368620031, 2512571.611886460799724 ], [ 147950.5546785290353, 2512610.306351136416197 ], [ 147860.66459758032579, 2512700.641016947105527 ], [ 147833.023527897312306, 2512728.418951695319265 ], [ 147810.342972001933958, 2512751.211661125067621 ], [ 147744.44918515230529, 2512847.958430976606905 ], [ 147689.220795064000413, 2512891.044802960939705 ], [ 147671.432831304788124, 2512904.922019995283335 ], [ 147643.370507675805129, 2512926.814868298359215 ], [ 147627.210503867245279, 2512948.469511420466006 ], [ 147620.230774089635815, 2512957.82234896114096 ], [ 147607.339147844642866, 2512975.112291131634265 ], [ 147539.912316001660656, 2513088.167267387267202 ], [ 147459.472181200399064, 2513246.562805395107716 ], [ 147439.982301875832491, 2513316.826573624275625 ], [ 147442.236253346956801, 2513332.307417504023761 ], [ 147448.052662885515019, 2513372.258610039018095 ], [ 147497.544087676506024, 2513406.317715192679316 ], [ 147574.910296720743645, 2513439.562784973531961 ], [ 147763.765797111089341, 2513470.552638980560005 ], [ 147781.562389752594754, 2513474.450111068319529 ], [ 147896.78983780532144, 2513499.165669864043593 ], [ 147969.978823005396407, 2513497.685353296808898 ], [ 147998.798881400143728, 2513495.122159274294972 ], [ 148123.05956351570785, 2513484.071227103471756 ], [ 148213.646091192786116, 2513482.238943757023662 ], [ 148318.613382375333458, 2513501.151839569211006 ], [ 148326.1739570836653, 2513503.503240341786295 ], [ 148381.740222822467331, 2513520.660704283043742 ], [ 148507.609542405232787, 2513539.150549647863954 ], [ 148570.735954341071192, 2513558.659254589118063 ], [ 148696.321611001505516, 2513563.1311518647708 ], [ 148731.218992847192567, 2513565.93125851592049 ], [ 148804.730620565300342, 2513581.974195907823741 ], [ 148878.835499676002655, 2513625.802485070656985 ], [ 148931.369346103107091, 2513638.513280197046697 ], [ 148997.580138446995988, 2513637.174228453077376 ], [ 149043.282589417824056, 2513657.285488258115947 ], [ 149138.573336623492651, 2513714.709168653935194 ], [ 149265.463819006283302, 2513785.266751363873482 ], [ 149339.736818797711749, 2513852.881949969101697 ], [ 149467.866754117945675, 2513969.241889768280089 ], [ 149489.881003526737913, 2513983.571910225786269 ], [ 149598.545391429739539, 2514053.74649082776159 ], [ 149757.245171214395668, 2514144.695735557470471 ], [ 149876.76869336143136, 2514194.616664129775017 ], [ 149941.392924156796653, 2514199.090068589895964 ], [ 150013.943050934060011, 2514204.112142701633275 ], [ 150072.249039100890514, 2514208.191382782533765 ], [ 150410.493072575773112, 2514215.121536036487669 ], [ 150665.102634284005035, 2514223.994223076384515 ], [ 150721.877233663632069, 2514224.172024740371853 ], [ 150749.303144269797485, 2514226.829553428571671 ], [ 150787.831162385293283, 2514231.682062503881752 ], [ 150811.159611416864209, 2514238.498552809469402 ], [ 150843.298993807286024, 2514255.075443993788213 ], [ 150872.849482715537306, 2514274.686372863594443 ], [ 150883.992068263469264, 2514285.062342386692762 ], [ 150897.667061939951964, 2514305.988390868995339 ], [ 150904.009780045889784, 2514323.837530916091055 ], [ 150906.949721924262121, 2514334.822609005030245 ], [ 150924.934212811815087, 2514403.958439022302628 ], [ 150934.064034664072096, 2514462.213651243131608 ], [ 150941.01160789252026, 2514569.809086479712278 ], [ 150938.420805893023498, 2514638.240094415377825 ], [ 150929.896677348006051, 2514688.503989208023995 ], [ 150928.493302883231081, 2514737.033404845744371 ], [ 150921.513164272124413, 2514863.595633851829916 ], [ 150895.892972800822463, 2515012.002791570965201 ], [ 150859.43541620625183, 2515174.941238732077181 ], [ 150837.216353205847554, 2515226.129148687701672 ], [ 150826.009505909984, 2515251.947361762169749 ], [ 150805.097453271097038, 2515279.404075635131449 ], [ 150791.811452157446183, 2515290.804402652196586 ], [ 150773.7729124930338, 2515303.096058011520654 ], [ 150726.52077169372933, 2515325.52016364550218 ], [ 150693.284950768691488, 2515333.348638700786978 ], [ 150654.142921120335814, 2515331.879207682330161 ], [ 150638.499035244749393, 2515331.291920519899577 ], [ 150579.32723199040629, 2515323.58560748398304 ], [ 150501.8153519158368, 2515309.377484594006091 ], [ 150466.847657982259989, 2515303.073537248652428 ], [ 150442.871884783206042, 2515298.550257607363164 ], [ 150372.547612693626434, 2515284.718498955480754 ], [ 150330.893374195613433, 2515276.52570611005649 ], [ 150166.203607273404486, 2515234.531996756326407 ], [ 149998.744794034864753, 2515227.403407874517143 ], [ 149939.877271999197546, 2515224.987141254823655 ], [ 149839.254449474159628, 2515220.856925792060792 ], [ 149663.034542072506156, 2515235.640338480938226 ], [ 149560.549186806601938, 2515279.060157608706504 ], [ 149452.349045601557009, 2515354.400151516776532 ], [ 149433.191901389800478, 2515380.024279330391437 ], [ 149381.127209904720075, 2515449.664689913392067 ], [ 149221.397687626944389, 2515807.517149632330984 ], [ 149146.102594945346937, 2516015.770262443926185 ], [ 149135.606465256947558, 2516125.708132684230804 ], [ 149136.025800356350373, 2516170.193442074116319 ], [ 149160.472066252899822, 2516224.79234923934564 ], [ 149194.229221614601556, 2516272.146840102039278 ], [ 149205.418984549702145, 2516284.840818211901933 ], [ 149355.122402229753789, 2516433.278254773002118 ], [ 149405.199493349064142, 2516497.99332855315879 ], [ 149467.377449122897815, 2516558.222660474479198 ], [ 149591.812714152270928, 2516656.41678510652855 ], [ 149632.714669726148713, 2516686.86278623342514 ], [ 149693.623792468511965, 2516728.81277094502002 ], [ 149697.760583024471998, 2516731.661887309513986 ], [ 149719.645633087842725, 2516739.169700079597533 ], [ 149732.913428688887507, 2516739.961214997339994 ], [ 149772.480872975080274, 2516730.678746801335365 ], [ 149823.848551871196833, 2516702.074823379982263 ], [ 149869.488701105292421, 2516652.384045915212482 ], [ 150068.875400979421102, 2516446.919657224323601 ], [ 150178.363582526275422, 2516356.711173171177506 ], [ 150211.930774147680495, 2516339.069233938585967 ], [ 150223.682537091255654, 2516338.831267855130136 ], [ 150241.280051669862587, 2516338.474972566589713 ], [ 150263.326503365125973, 2516338.028576690237969 ], [ 150317.961534779460635, 2516366.07627144921571 ], [ 150321.480014642991591, 2516370.16278677014634 ], [ 150392.872746598499361, 2516453.080985967069864 ], [ 150419.844063317985274, 2516502.361329813022166 ], [ 150485.207194546528626, 2516589.029255009256303 ], [ 150525.495745465450455, 2516667.723695973400027 ], [ 150603.215788107307162, 2516841.072483041323721 ], [ 150646.117401353723835, 2516944.097021674737334 ], [ 150662.416706957097631, 2516989.882821385283023 ], [ 150690.446555516333319, 2517117.591570370830595 ], [ 150701.887106523150578, 2517162.673734134063125 ], [ 150703.950708344054874, 2517170.80543356994167 ], [ 150716.944496486219577, 2517222.008341271430254 ], [ 150718.986790458788164, 2517236.033444334287196 ], [ 150726.795649616105948, 2517289.657479210756719 ], [ 150739.725609691115096, 2517378.447047174908221 ], [ 150741.260336998675484, 2517454.215630960650742 ], [ 150739.12128721625777, 2517584.125552295241505 ], [ 150731.505110044148751, 2517679.162026938516647 ], [ 150730.252676979405805, 2517695.990488515235484 ], [ 150726.921944070723839, 2517740.74272200698033 ], [ 150720.950178510334808, 2517759.946166999172419 ], [ 150707.112654905649833, 2517809.522809594869614 ], [ 150661.612874274724163, 2517866.101670866832137 ], [ 150611.233223555027507, 2517943.452250256203115 ], [ 150580.354652201582212, 2517989.133624198846519 ], [ 150564.974359800107777, 2518014.888572568073869 ], [ 150535.982100954453927, 2518101.347015229519457 ], [ 150513.509224205510691, 2518195.624513595830649 ], [ 150507.733579525607638, 2518218.066776588559151 ], [ 150500.781325867399573, 2518273.802594533655792 ], [ 150507.50776660873089, 2518344.165433411952108 ], [ 150519.611630683764815, 2518392.156469509471208 ], [ 150561.598230804491322, 2518476.116622177418321 ], [ 150634.018710739619564, 2518597.094828552100807 ], [ 150699.207786226645112, 2518701.257382418960333 ], [ 150719.488704162882641, 2518734.240667719393969 ], [ 150786.453474184731022, 2518821.404898808337748 ], [ 150808.653644171543419, 2518845.982353495433927 ], [ 150816.776818052458111, 2518854.975476988125592 ], [ 150853.690494069189299, 2518895.841960723977536 ], [ 150877.556301689008251, 2518920.068746031261981 ], [ 150891.57455837103771, 2518934.299052072688937 ], [ 150934.753607550694142, 2518998.622213251423091 ], [ 150979.264300711743999, 2519050.196672001853585 ], [ 151046.528454879764467, 2519131.850309262052178 ], [ 151193.478378581814468, 2519315.022557020187378 ], [ 151267.651235994941089, 2519406.723701062612236 ], [ 151270.980397795443423, 2519410.839708617888391 ], [ 151340.274989581957925, 2519496.509800830855966 ], [ 151438.203944271372166, 2519620.680105747655034 ], [ 151483.192051812657155, 2519687.40279774973169 ], [ 151572.177132428856567, 2519840.984743501991034 ], [ 151576.9623486463679, 2519851.407636131625623 ], [ 151638.544798255432397, 2519985.543469316791743 ], [ 151735.83717291103676, 2520182.874985084868968 ], [ 151767.85749538912205, 2520245.833342706784606 ], [ 151772.096344259101897, 2520253.068347264546901 ], [ 151784.827182505629025, 2520298.495683705899864 ], [ 151781.333822928951122, 2520387.617252524010837 ], [ 151759.754474614339415, 2520525.871438599657267 ], [ 151751.528175170882605, 2520590.70599172078073 ], [ 151743.845766954007559, 2520630.086504163220525 ], [ 151738.016449751507025, 2520641.695932439994067 ], [ 151723.833252415119205, 2520669.053250032477081 ], [ 151720.374791029666085, 2520671.224712435621768 ], [ 151708.78331175679341, 2520678.503411506768316 ], [ 151649.848907659004908, 2520699.841100120451301 ], [ 151635.034704543126281, 2520701.201615269295871 ], [ 151549.285536083043553, 2520707.181164665613323 ], [ 151532.900752823567018, 2520705.199153017718345 ], [ 151542.862837207387201, 2520789.56914942106232 ], [ 151548.137764563085511, 2520834.243744817562401 ], [ 151579.352101092226803, 2520903.181691973470151 ], [ 151639.610917692596558, 2520956.21071082027629 ], [ 151660.306844692036975, 2520974.42361379461363 ], [ 151737.366881401394494, 2521078.403920654673129 ], [ 151860.546577443019487, 2521236.064310134388506 ], [ 151944.063469256740063, 2521355.224693720694631 ], [ 151958.28397955512628, 2521389.920426875352859 ], [ 151964.572753594722599, 2521425.572037407197058 ], [ 151962.614452242385596, 2521524.998575233388692 ], [ 151955.908178072015289, 2521586.356934720650315 ], [ 151953.256539336929563, 2521651.608492534607649 ], [ 151954.481976669339929, 2521712.010865412652493 ], [ 151929.197009579918813, 2521932.240336221177131 ], [ 151919.346222765161656, 2522018.040259319357574 ], [ 151910.996488055214286, 2522108.747128981631249 ], [ 151902.407646723848302, 2522202.050934044644237 ], [ 151908.602394351677503, 2522259.172054380644113 ], [ 152011.492910298577044, 2522261.798271346371621 ], [ 152019.313041058485396, 2522261.997961904853582 ], [ 152056.704607550811488, 2522262.952359843067825 ], [ 152090.924615830939729, 2522268.957872533705086 ], [ 152152.252452498127241, 2522267.713439602404833 ], [ 152189.017705081147142, 2522266.967353103216738 ], [ 152202.939490002812818, 2522266.684935230761766 ], [ 152295.997224087303039, 2522264.79636578541249 ], [ 152411.925240507873241, 2522262.444121221080422 ], [ 152456.481634637049865, 2522261.539954748470336 ], [ 152483.960799498658162, 2522296.792609631083906 ], [ 152520.535007225116715, 2522340.624797356314957 ], [ 152573.654753118171357, 2522365.891231048852205 ], [ 152618.40959897916764, 2522356.521879930049181 ], [ 152639.485610356146935, 2522357.584609367419034 ], [ 152735.067854132677894, 2522363.06622610706836 ], [ 152779.833300786383916, 2522370.922411708161235 ], [ 152860.242517172475345, 2522378.305703832302243 ], [ 152876.629936301265843, 2522306.60376931168139 ], [ 152875.725736845750362, 2522262.04738813592121 ], [ 152893.01714796142187, 2522234.901555055286735 ], [ 152963.996768533193972, 2522215.68169070314616 ], [ 153051.870459812867921, 2522151.29370402218774 ], [ 153095.919714995834511, 2522123.855506078340113 ], [ 153167.259430516452994, 2522122.408148136921227 ], [ 153193.646348168724217, 2522103.842384778428823 ], [ 153201.659642139216885, 2522059.105316309258342 ], [ 153262.786300256964751, 2521995.510687215719372 ], [ 153419.648235098517034, 2521813.779955237172544 ], [ 153463.695158680900931, 2521774.58483766624704 ], [ 153480.988887930870987, 2521759.196178789716214 ], [ 153520.9243501793826, 2521748.335341694764793 ], [ 153532.406538976007141, 2521745.212547305505723 ], [ 153587.45516132900957, 2521730.241533988621086 ], [ 153604.203191091190092, 2521676.312315448652953 ], [ 153640.385312740283553, 2521702.372816179413348 ], [ 153755.591126917861402, 2521664.476298882625997 ], [ 153878.591036779864226, 2521572.581830585375428 ], [ 153903.528442440903746, 2521451.674550517927855 ], [ 153919.202181419648696, 2521375.68150624865666 ], [ 153924.501644396339543, 2521364.50378870498389 ], [ 153993.886660892283544, 2521218.156599532347172 ], [ 154004.756495978625026, 2521195.398437286261469 ], [ 154040.760216891590971, 2521212.69823192525655 ], [ 154086.61168500414351, 2521274.121973216999322 ], [ 154123.002654277835973, 2521308.942857560701668 ], [ 154123.911443061369937, 2521353.749210633337498 ], [ 154097.697614680568222, 2521380.825191212818027 ], [ 154089.506223892851267, 2521416.800798601005226 ], [ 154107.88438079477055, 2521443.222709094174206 ], [ 154099.510327567928471, 2521470.186984723433852 ], [ 154064.378716741281096, 2521497.443869452457875 ], [ 154038.713282578566577, 2521551.553788960445672 ], [ 154074.743575743050314, 2521568.602434358559549 ], [ 154110.596051463857293, 2521576.889876908622682 ], [ 154163.740111715218518, 2521558.032379140146077 ], [ 154181.392033065319993, 2521548.659212788566947 ], [ 154191.809634798322804, 2521529.550626339856535 ], [ 154215.766056166263297, 2521485.608210680540651 ], [ 154215.039699426037259, 2521449.813435005489737 ], [ 154223.053289386443794, 2521405.076780668459833 ], [ 154276.380122763221152, 2521395.230439491569996 ], [ 154312.588181776169222, 2521421.039919977542013 ], [ 154321.871283872635104, 2521438.88176650274545 ], [ 154304.396866061142646, 2521457.015892729628831 ], [ 154305.300820192031097, 2521501.571573616471142 ], [ 154358.988037057220936, 2521509.497268005739897 ], [ 154456.865601490368135, 2521498.496810499578714 ], [ 154555.500213708495721, 2521523.290088657289743 ], [ 154681.033641974965576, 2521556.302725507877767 ], [ 154758.536451565392781, 2521574.087736268062145 ], [ 154824.406565583951306, 2521589.203386167995632 ], [ 154836.007801819010638, 2521654.114111160393804 ], [ 154854.596710501646157, 2521758.122086815536022 ], [ 154857.218597001861781, 2521841.79046375490725 ], [ 154855.573320859344676, 2521857.425159895792603 ], [ 154841.318306168366689, 2521992.893431392032653 ], [ 154856.411684511520434, 2522005.308381513226777 ], [ 154882.101696049212478, 2522017.508340684697032 ], [ 154934.154321036825422, 2522022.812796812038869 ], [ 154990.553122636512853, 2522033.329547313507646 ], [ 155042.024261121812742, 2522041.538972588721663 ], [ 155092.765363067563158, 2522065.640966113191098 ], [ 155101.161552465171553, 2522069.91571131022647 ], [ 155119.864934272132814, 2522082.494943066034466 ], [ 155240.097690320399124, 2522160.080620208755136 ], [ 155252.535017522342969, 2522185.270697154570371 ], [ 155261.337251301971264, 2522227.231029401533306 ], [ 155257.536388595646713, 2522275.012698861304671 ], [ 155247.978779654717073, 2522313.370224319864064 ], [ 155248.590329740953166, 2522322.664035768248141 ], [ 155249.12834065023344, 2522330.838552605826408 ], [ 155256.458456775872037, 2522339.435683377087116 ], [ 155270.909164412820246, 2522346.297975137364119 ], [ 155290.047554671473335, 2522349.08994467696175 ], [ 155310.630237558623776, 2522344.696890714112669 ], [ 155323.931332505424507, 2522334.091020382940769 ], [ 155339.879165308782831, 2522297.19393904786557 ], [ 155345.101660950749647, 2522264.501029815059155 ], [ 155346.595916450372897, 2522256.588764995336533 ], [ 155355.390927780244965, 2522260.810659729875624 ], [ 155364.399682538409252, 2522265.135268205776811 ], [ 155356.56361012585694, 2522168.633644920773804 ], [ 155352.773514923057519, 2522121.957916223444045 ], [ 155361.457286600663792, 2522081.895722879096866 ], [ 155365.407349516637623, 2522049.135034039150923 ], [ 155371.204231340496335, 2522036.928475025575608 ], [ 155380.657260999898426, 2522017.022630284074694 ], [ 155409.939998085726984, 2521958.123061451595277 ], [ 155423.408472654118668, 2521903.519811709411442 ], [ 155422.521529825695325, 2521859.808785805944353 ], [ 155416.883998551871628, 2521759.984147947281599 ], [ 155416.317271583306137, 2521749.949379714205861 ], [ 155416.486317192728166, 2521692.965561783406883 ], [ 155428.171140204882249, 2521658.164321565069258 ], [ 155440.229003538493998, 2521622.252415622584522 ], [ 155468.079897093120962, 2521558.08154576504603 ], [ 155472.786943565239199, 2521528.833227064460516 ], [ 155464.328919759544078, 2521503.827589249238372 ], [ 155415.761700819130056, 2521424.87140190275386 ], [ 155399.924130517814774, 2521399.124252181965858 ], [ 155399.467356264474802, 2521376.606496470514685 ], [ 155413.688377610000316, 2521359.091435971669853 ], [ 155443.723738053406123, 2521337.280043523292989 ], [ 155488.210923158621881, 2521324.533320260234177 ], [ 155549.654877525288612, 2521308.744903522077948 ], [ 155563.089516856125556, 2521301.859430854674429 ], [ 155586.143727988994215, 2521290.04358992818743 ], [ 155613.827070558851119, 2521269.870277993381023 ], [ 155623.571473396441434, 2521253.771196782588959 ], [ 155627.476991760835517, 2521237.260483597870916 ], [ 155635.499395824386738, 2521202.991782732773572 ], [ 155655.280647507635877, 2521118.495668383780867 ], [ 155645.601905276824255, 2520954.907153210602701 ], [ 155629.736777875979897, 2520803.446764757391065 ], [ 155619.770656651468016, 2520778.924873312003911 ], [ 155577.326364134671167, 2520724.660757784731686 ], [ 155503.530339947203174, 2520637.080119241029024 ], [ 155474.133402385632508, 2520602.192101777065545 ], [ 155442.457627525262069, 2520556.19011242268607 ], [ 155436.199648798152339, 2520535.115066912490875 ], [ 155437.74954327015439, 2520506.991061605513096 ], [ 155448.729000582359731, 2520473.375228548422456 ], [ 155516.364102300256491, 2520384.545711491722614 ], [ 155561.354013581643812, 2520316.606826616451144 ], [ 155571.177875657216646, 2520291.130954387132078 ], [ 155575.151119772694074, 2520280.827201125212014 ], [ 155581.042413697112352, 2520241.968800540082157 ], [ 155585.896968069253489, 2520209.947915610391647 ], [ 155586.839163593249395, 2520203.733186472207308 ], [ 155582.310018227377441, 2520111.066484153270721 ], [ 155567.667634322366212, 2520042.457164902240038 ], [ 155561.617291722097434, 2520005.476386275608093 ], [ 155568.1954724372481, 2519986.177444015163928 ], [ 155571.623185271106195, 2519976.120927541516721 ], [ 155590.006057381106075, 2519967.797437998000532 ], [ 155627.147906356083695, 2519969.694627263583243 ], [ 155699.632126523705665, 2520004.118082868866622 ], [ 155748.52898534736596, 2520027.339711753185838 ], [ 155782.356255031132605, 2520043.40471771825105 ], [ 155944.760012955171987, 2520079.865336755756289 ], [ 156168.523461978358682, 2520136.283656209241599 ], [ 156285.515416810696479, 2520155.113380258437246 ], [ 156305.790873992780689, 2520152.909257511142641 ], [ 156375.424955428112298, 2520145.339664837811142 ], [ 156417.768879342416767, 2520142.834658953826874 ], [ 156469.045068946084939, 2520217.885296648368239 ], [ 156514.595118623168673, 2520266.042530625127256 ], [ 156541.981226627656724, 2520296.788887688424438 ], [ 156574.379765736637637, 2520353.97675877250731 ], [ 156605.665945470158476, 2520357.84998758835718 ], [ 156621.178215805557556, 2520341.759635253809392 ], [ 156624.107841332850512, 2520338.705503224395216 ], [ 156622.436214569548611, 2520347.837587604299188 ], [ 156617.428371487883851, 2520370.975220710039139 ], [ 156638.208214949874673, 2520386.328540838789195 ], [ 156651.24592207983369, 2520438.145458322949708 ], [ 156652.139163230953272, 2520482.196337799541652 ], [ 156648.860622936743312, 2520518.068729086313397 ], [ 156629.388294774689712, 2520542.501146457158029 ], [ 156570.259238453290891, 2520583.762868696823716 ], [ 156549.676217897329479, 2520617.192983947694302 ], [ 156535.445170867315028, 2520640.306196931283921 ], [ 156528.924430861778092, 2520712.300813416484743 ], [ 156497.760333203012124, 2520948.80178941693157 ], [ 156483.846446493407711, 2521248.802935532759875 ], [ 156476.255590206535999, 2521359.992817520629615 ], [ 156466.435461194487289, 2521503.840716113802046 ], [ 156460.507769121613819, 2521590.671811348292977 ], [ 156457.014929159951862, 2521641.837037169840187 ], [ 156449.971361981879454, 2521745.015328416600823 ], [ 156447.749342470255215, 2521832.947918097954243 ], [ 156437.14358074212214, 2521901.019275606609881 ], [ 156404.280175600317307, 2522053.673917256761342 ], [ 156409.173376668419223, 2522097.393171830568463 ], [ 156421.805472323088907, 2522129.187007822096348 ], [ 156466.699059090111405, 2522176.100893937516958 ], [ 156470.127014830592088, 2522178.625729750376195 ], [ 156507.749298188195098, 2522125.993425356224179 ], [ 156547.861376608198043, 2522125.17921595973894 ], [ 156615.355147618800402, 2522154.860758054535836 ], [ 156697.058123686816543, 2522224.570426553953439 ], [ 156805.933349831553642, 2522316.015064852312207 ], [ 156922.853090626536869, 2522362.723098120652139 ], [ 156958.75999392173253, 2522375.266299392096698 ], [ 157017.281200626748614, 2522400.872438117861748 ], [ 157062.379514342872426, 2522426.751251749228686 ], [ 157096.628058632952161, 2522449.807685629464686 ], [ 157107.600694386987016, 2522457.135128375608474 ], [ 157103.792669133283198, 2522488.513647290412337 ], [ 157030.180819174856879, 2522596.933331062551588 ], [ 157014.515749943966512, 2522704.177011589054018 ], [ 157020.22874809789937, 2522766.663966482970864 ], [ 157079.983730638457928, 2522854.597551787272096 ], [ 157126.922074657108169, 2522969.584960628300905 ], [ 157252.720463471487164, 2523234.720840371679515 ], [ 157256.194389512413181, 2523247.661142638884485 ], [ 157344.38505000283476, 2523576.173187124542892 ], [ 157421.694222489604726, 2523868.836188628338277 ], [ 157439.387765523453709, 2523977.155140737537295 ], [ 157447.143011699372437, 2524024.57557272259146 ], [ 157452.699915169156156, 2524077.800270744133741 ], [ 157462.161027309659403, 2524104.402002561837435 ], [ 157530.167622703651432, 2524268.792769923340529 ], [ 157537.767709467560053, 2524286.636655599344522 ], [ 157492.306207033107057, 2524309.759880291763693 ], [ 157487.892895472410601, 2524311.774744224734604 ], [ 157535.082224353158381, 2524412.436508291400969 ], [ 157549.396219145215582, 2524442.967806157656014 ], [ 157585.200516471581068, 2524519.336613475345075 ], [ 157598.478664352907799, 2524582.916348693426698 ], [ 157599.066717489797156, 2524611.8712501777336 ], [ 157599.856260676053353, 2524650.743973267730325 ], [ 157601.076316276215948, 2524710.812727977521718 ], [ 157613.785175476921722, 2524746.360364463180304 ], [ 157670.290850415534806, 2524773.256296611856669 ], [ 157686.977856017649174, 2524808.973420688416809 ], [ 157707.375236820313148, 2524828.590295368805528 ], [ 157780.434118675941136, 2524837.429638600442559 ], [ 157785.602340942597948, 2524878.36188866244629 ], [ 157777.000873109675013, 2524913.440521264914423 ], [ 157769.125860014813952, 2524945.555993394460529 ], [ 157760.714160774310585, 2524951.05013538710773 ], [ 157758.464926915010437, 2524983.294807486236095 ], [ 157751.834030105383135, 2525051.284927234984934 ], [ 157744.181944897689391, 2525067.465382886119187 ], [ 157735.803437853697687, 2525080.630411105696112 ], [ 157728.683802329353057, 2525091.817555140703917 ], [ 157680.837706507183611, 2525096.795634615700692 ], [ 157648.896418162796181, 2525097.444531254004687 ], [ 157633.0727798055741, 2525105.778442481532693 ], [ 157633.560877248295583, 2525129.805970172397792 ], [ 157646.107156111043878, 2525157.344337624963373 ], [ 157670.233659559977241, 2525164.866683196276426 ], [ 157753.079543858882971, 2525183.465179736260325 ], [ 157871.539827563392464, 2525124.329715066123754 ], [ 158173.455645721114706, 2524973.613095075823367 ], [ 158381.967127591953613, 2524861.50842140102759 ], [ 158417.876418368658051, 2524842.202135041356087 ], [ 158559.178802065143827, 2524763.3160445317626 ], [ 158601.040130793815479, 2524739.945743638556451 ], [ 158650.96840141620487, 2524712.071853981819004 ], [ 158659.582582984352484, 2524738.758681760635227 ], [ 158662.279603743634652, 2524747.119650376494974 ], [ 158664.833212797006126, 2524780.372177266981453 ], [ 158676.221485515008681, 2524868.715812097303569 ], [ 158677.857394320366438, 2524881.406745971180499 ], [ 158691.362265450065024, 2524986.169627009425312 ], [ 158717.617503674933687, 2525107.585014855489135 ], [ 158737.372536489856429, 2525385.136730042751878 ], [ 158766.925093083758838, 2525543.545096887741238 ], [ 158776.046907516545616, 2525592.440169891808182 ], [ 158745.642535852268338, 2525628.865996277425438 ], [ 158706.694197625445668, 2525669.973406680393964 ], [ 158635.468314914323855, 2525718.497500728350133 ], [ 158628.632095729233697, 2525748.685074328910559 ], [ 158635.461007474805228, 2525793.619955194648355 ], [ 158697.848333998001181, 2525937.088380979374051 ], [ 158754.869853637821507, 2526072.39209357323125 ], [ 158759.966627018467989, 2526158.188532007392496 ], [ 158764.448501268809196, 2526193.905865273438394 ], [ 158709.350826602894813, 2526224.322916689794511 ], [ 158638.466766054043546, 2526248.049803236033767 ], [ 158634.837912280461751, 2526288.189162688329816 ], [ 158631.360565962560941, 2526337.339926345273852 ], [ 158641.091670514026191, 2526377.20753937214613 ], [ 158686.496095899317879, 2526416.600148682016879 ], [ 158759.068473050661851, 2526477.476951313205063 ], [ 158791.835516126011498, 2526552.684741814620793 ], [ 158809.587908771121874, 2526586.340778278652579 ], [ 158813.226363928231876, 2526593.238705727271736 ], [ 158819.670538821606897, 2526605.455908494535834 ], [ 158843.763918150565587, 2526694.361760861705989 ], [ 158853.220300702902023, 2526720.71290288772434 ], [ 158875.863512110547163, 2526738.282081322278827 ], [ 158973.860243706963956, 2526731.782761497423053 ], [ 159005.966579688305501, 2526742.14810789283365 ], [ 159077.113542910956312, 2526765.24159373389557 ], [ 159087.741219604446087, 2526795.325105711817741 ], [ 159085.470809181279037, 2526902.295413946267217 ], [ 159083.475598778401036, 2527022.781996062025428 ], [ 159233.662736732512712, 2527030.746828326955438 ], [ 159245.366061615059152, 2527027.503934691660106 ], [ 159258.73187414102722, 2527025.980287614744157 ], [ 159272.129462329496164, 2527022.953348364215344 ], [ 159290.475451397069264, 2527021.578866053372622 ], [ 159300.551701727730688, 2527018.368947146460414 ], [ 159318.866052087338176, 2527016.995322573930025 ], [ 159330.5415549929603, 2527017.008234527893364 ], [ 159347.260150632297155, 2527015.666754730977118 ], [ 159362.311162668920588, 2527012.355785674415529 ], [ 159375.676777066662908, 2527010.832138566765934 ], [ 159387.326259717578068, 2527011.09605561895296 ], [ 159400.691874453506898, 2527009.572431025095284 ], [ 159413.967469912371598, 2527011.305838692001998 ], [ 159429.022937471454497, 2527009.747579632326961 ], [ 159447.372753805248067, 2527010.125835007987916 ], [ 159465.685756279039197, 2527011.756818264257163 ], [ 159484.030554854020011, 2527011.884854429867119 ], [ 159502.411993953923229, 2527012.262132178526372 ], [ 159517.376705049304292, 2527013.961438087746501 ], [ 159534.06367699772818, 2527014.12268659286201 ], [ 159550.71802651649341, 2527015.78749372670427 ], [ 159564.734328126476612, 2527017.005187173839658 ], [ 159572.383961318584625, 2527017.600623249541968 ], [ 159592.422918194613885, 2527019.447231976315379 ], [ 159604.103082496498246, 2527019.710513046011329 ], [ 159625.795903394347988, 2527019.770263837184757 ], [ 159630.492240849882364, 2527019.850601362995803 ], [ 159645.866857522109058, 2527020.113638462964445 ], [ 159659.231550427211914, 2527020.092071912717074 ], [ 159672.570541808090638, 2527020.322134913876653 ], [ 159685.940443488012534, 2527020.550960802007467 ], [ 159699.305549221578985, 2527020.529752754140645 ], [ 159715.964357913646381, 2527023.947151358705014 ], [ 159729.302630739519373, 2527025.679086307063699 ], [ 159744.330244900367688, 2527027.376974981743842 ], [ 159757.66820206947159, 2527029.109051802195609 ], [ 159770.979434065171517, 2527032.59458640916273 ], [ 159782.686208219442051, 2527032.607140887062997 ], [ 159794.339011232834309, 2527036.126164738088846 ], [ 159809.339557954168413, 2527039.577235841192305 ], [ 159815.20570803899318, 2527040.209398588631302 ], [ 159822.405273966782261, 2527043.318256248254329 ], [ 159833.339134527894203, 2527045.349648283328861 ], [ 159842.770567032508552, 2527048.914144693408161 ], [ 159855.211452019109856, 2527051.165307336952537 ], [ 159866.243913796090055, 2527054.947463606949896 ], [ 159877.151413843035698, 2527057.229518845677376 ], [ 159888.308201327221468, 2527062.511811966542155 ], [ 159900.722833709442057, 2527065.014084013644606 ], [ 159911.754959041078109, 2527068.796166777145118 ], [ 159926.013967821607366, 2527074.265766292344779 ], [ 159938.584236152993981, 2527078.266931687481701 ], [ 159948.083183972281404, 2527082.080345823895186 ], [ 159957.639797500392888, 2527085.642096440773457 ], [ 159968.766005545738153, 2527089.422437289729714 ], [ 159979.77257473784266, 2527091.953154667746276 ], [ 159991.049431763589382, 2527096.98255592957139 ], [ 160005.403000640508253, 2527100.947742382064462 ], [ 160017.561241279530805, 2527104.706729784142226 ], [ 160026.971032781526446, 2527110.274919809773564 ], [ 160033.260465462459251, 2527114.028339948505163 ], [ 160038.012361407279968, 2527116.060205343645066 ], [ 160046.498660433513578, 2527122.398032916709781 ], [ 160059.957986955705564, 2527131.640081508550793 ], [ 160070.102358702628408, 2527137.944375483784825 ], [ 160078.619871267466806, 2527144.281849606893957 ], [ 160092.116110803734045, 2527152.270889224950224 ], [ 160102.161847846291494, 2527158.326485022902489 ], [ 160112.373228528420441, 2527166.382250455673784 ], [ 160115.944257076480426, 2527168.062406220007688 ], [ 160127.293672735569999, 2527173.591235880739987 ], [ 160135.685790044139139, 2527179.93121611373499 ], [ 160144.517868244322017, 2527183.257174147758633 ], [ 160156.283707119815517, 2527189.278205058071762 ], [ 160169.890215382503811, 2527196.513928139582276 ], [ 160183.180117399140727, 2527200.500681503675878 ], [ 160196.625957627897151, 2527205.98663510940969 ], [ 160200.750003818946425, 2527207.15465424535796 ], [ 160212.236797839228529, 2527208.674030934926122 ], [ 160225.606323587067891, 2527210.405334621202201 ], [ 160232.851609729754273, 2527209.658045074902475 ], [ 160240.723907854408026, 2527208.846134666819125 ], [ 160254.157275152625516, 2527207.571323575917631 ], [ 160270.933345444384031, 2527205.978288431186229 ], [ 160282.672307474829722, 2527204.487688487861305 ], [ 160301.138328224944416, 2527201.357655178755522 ], [ 160316.261318623437546, 2527200.048563428223133 ], [ 160329.688947611604817, 2527200.026039650663733 ], [ 160343.085991595697124, 2527198.501860987395048 ], [ 160354.856085621751845, 2527197.010509755928069 ], [ 160368.253878706425894, 2527193.983652481343597 ], [ 160371.350979002425447, 2527193.920542265754193 ], [ 160378.364633023622446, 2527194.028544928412884 ], [ 160390.103387157665566, 2527192.537591901607811 ], [ 160403.563754661823623, 2527189.509364646859467 ], [ 160416.991178521071561, 2527189.487034745048732 ], [ 160432.14193091483321, 2527184.922141679562628 ], [ 160450.608395629795268, 2527181.792509676888585 ], [ 160470.764617936394643, 2527177.125564184039831 ], [ 160487.546106877271086, 2527175.782806165982038 ], [ 160504.354097060742788, 2527172.686971775256097 ], [ 160516.119774260092527, 2527169.442793895490468 ], [ 160527.890546432055999, 2527166.448773967567831 ], [ 160541.377086295338813, 2527163.169716642703861 ], [ 160553.115761674765963, 2527161.679007912520319 ], [ 160564.82655608211644, 2527163.444558918941766 ], [ 160581.575731010350864, 2527163.60475913900882 ], [ 160596.606820207845885, 2527168.557781501673162 ], [ 160606.658938671112992, 2527171.858878863975406 ], [ 160620.005382656643633, 2527177.096597238443792 ], [ 160631.684064787288662, 2527181.867168887984008 ], [ 160641.735652630974073, 2527185.168409769888967 ], [ 160653.39218674908625, 2527191.942918460816145 ], [ 160665.102925281622447, 2527193.708099137526006 ], [ 160683.453916739497799, 2527201.848780790343881 ], [ 160693.506189952953719, 2527205.149815157521516 ], [ 160710.172737090848386, 2527213.575408102478832 ], [ 160725.208215244289022, 2527220.280721790157259 ], [ 160738.549195760453586, 2527226.770628331229091 ], [ 160753.584341874753591, 2527233.476195538416505 ], [ 160768.614586140320171, 2527239.931402001529932 ], [ 160786.970646671310533, 2527248.322562163695693 ], [ 160796.99561837274814, 2527253.377319424878806 ], [ 160808.674162618932314, 2527258.147680689580739 ], [ 160820.361584579048213, 2527264.921828569378704 ], [ 160833.734390089230146, 2527269.908083790913224 ], [ 160852.089671220746823, 2527279.801674576476216 ], [ 160862.110818090324756, 2527283.103615113999695 ], [ 160877.146045391273219, 2527289.809286541305482 ], [ 160892.204126522236038, 2527293.008914797566831 ], [ 160903.888081817247439, 2527296.527136186603457 ], [ 160916.047964624827728, 2527297.281727489549667 ], [ 160920.3799642783124, 2527299.447207417339087 ], [ 160929.030124543991406, 2527301.525130501016974 ], [ 160942.403659464849625, 2527305.009111137129366 ], [ 160955.772001888311934, 2527308.243068447336555 ], [ 160967.492350695363712, 2527312.011114125140011 ], [ 160982.560553730116226, 2527315.711454166099429 ], [ 160994.281188144232146, 2527319.479179626796395 ], [ 161005.970087029098067, 2527323.248399570118636 ], [ 161017.574825987510849, 2527329.02182140853256 ], [ 161028.988097822468262, 2527331.544588780030608 ], [ 161042.356591063900851, 2527334.778501715511084 ], [ 161052.846761692722794, 2527338.07094907714054 ], [ 161074.592864060192369, 2527345.3910663863644 ], [ 161086.282015732955188, 2527349.160003875847906 ], [ 161098.028434684732929, 2527352.677185652777553 ], [ 161116.395619202579837, 2527360.066073784604669 ], [ 161131.467250783054624, 2527367.021526239812374 ], [ 161149.834296603978146, 2527374.4105638503097 ], [ 161168.286619528080337, 2527378.292510826606303 ], [ 161178.281141006562393, 2527381.845274402294308 ], [ 161191.691144350566901, 2527385.579122046008706 ], [ 161203.380013871297706, 2527389.347925206646323 ], [ 161218.448344360745978, 2527393.047810920514166 ], [ 161233.489273325365502, 2527398.501256179530174 ], [ 161251.169830627040938, 2527402.899523983243853 ], [ 161254.099902560934424, 2527403.841697367373854 ], [ 161266.956690919701941, 2527408.087499678134918 ], [ 161282.024775688827503, 2527411.787559680640697 ], [ 161298.756484842626378, 2527415.70424530049786 ], [ 161314.612850983219687, 2527418.136406145058572 ], [ 161328.893140650936402, 2527421.601977474521846 ], [ 161343.962138274626341, 2527423.799736039247364 ], [ 161355.678970669861883, 2527424.312641389667988 ], [ 161369.084633115911856, 2527426.293688837438822 ], [ 161380.773511376872193, 2527430.062616951297969 ], [ 161392.489481620723382, 2527432.077906437683851 ], [ 161405.868868035147898, 2527434.309721198864281 ], [ 161419.278949280909728, 2527438.043863418046385 ], [ 161430.936019227607176, 2527443.315763876773417 ], [ 161442.624101421388332, 2527448.586757232900709 ], [ 161454.313139796257019, 2527452.355622190050781 ], [ 161465.99643905897392, 2527457.37658901559189 ], [ 161477.689989697944839, 2527462.898076390847564 ], [ 161486.024812774558086, 2527469.489459490869194 ], [ 161504.051740863069426, 2527478.638190661091357 ], [ 161510.050015693239402, 2527485.77832500776276 ], [ 161545.871689429681282, 2527511.091643094550818 ], [ 161582.636253554141149, 2527527.371395443100482 ], [ 161599.713792379654478, 2527537.540918990969658 ], [ 161611.176695013593417, 2527545.57112997258082 ], [ 161623.692232188128401, 2527554.581865755841136 ], [ 161637.250227088457905, 2527564.071727533824742 ], [ 161648.387776299612597, 2527576.114824250340462 ], [ 161661.064243604370859, 2527586.874915352091193 ], [ 161673.976093295379542, 2527595.376422900240868 ], [ 161685.783091646444518, 2527603.399879658129066 ], [ 161688.013594644959085, 2527605.357681452296674 ], [ 161699.167288907512557, 2527616.64955543493852 ], [ 161705.785750604351051, 2527625.028633869253099 ], [ 161714.125143714016303, 2527631.870272716041654 ], [ 161729.079076246358454, 2527645.338052209932357 ], [ 161739.049259255931247, 2527655.402087416965514 ], [ 161750.677937843254767, 2527665.432084213476628 ], [ 161758.931715382903349, 2527677.283724422100931 ], [ 161775.547390374820679, 2527693.973233946133405 ], [ 161783.827186526672449, 2527705.573820801917464 ], [ 161793.799058814067394, 2527712.63273592479527 ], [ 161802.597253464220557, 2527720.466644959058613 ], [ 161806.417024152411614, 2527725.146593536250293 ], [ 161810.962538236635737, 2527728.559707002714276 ], [ 161820.65537171222968, 2527735.749829605221748 ], [ 161833.673254591936711, 2527746.377220652997494 ], [ 161843.670552405703347, 2527754.687776842154562 ], [ 161855.273022704641335, 2527764.96845584968105 ], [ 161865.239549433579668, 2527771.777489535976201 ], [ 161875.237596073071472, 2527778.585381286684424 ], [ 161883.546417454082984, 2527785.427772951312363 ], [ 161893.512796837545466, 2527792.236048559658229 ], [ 161913.474113802309148, 2527802.597723261453211 ], [ 161931.768339031259529, 2527809.487350263167173 ], [ 161948.468516127439216, 2527813.404589427169412 ], [ 161966.814322367834393, 2527810.527238824404776 ], [ 161983.50652908423217, 2527809.436521202791482 ], [ 162001.884592340909876, 2527805.056719863321632 ], [ 162013.562258494901471, 2527800.562234223354608 ], [ 162026.928452511667274, 2527797.53617839096114 ], [ 162038.637467969732825, 2527793.041236204560846 ], [ 162048.683523340325337, 2527786.827385295648128 ], [ 162060.419316372834146, 2527780.579166733194143 ], [ 162070.461010728147812, 2527772.612067165318877 ], [ 162078.84464305487927, 2527764.679418437182903 ], [ 162085.570394350332208, 2527756.780215396545827 ], [ 162093.953730345878284, 2527748.847362438216805 ], [ 162102.280090633197688, 2527741.166045170743018 ], [ 162105.71796362020541, 2527737.840977841988206 ], [ 162113.084412870288361, 2527730.679604097269475 ], [ 162109.289789098140318, 2527738.018538885284215 ], [ 162107.210250233591069, 2527746.574498067609966 ], [ 162115.420492986799218, 2527751.666061826050282 ], [ 162134.219845096871722, 2527760.298131267074496 ], [ 162156.447181556315627, 2527774.369532505981624 ], [ 162180.000670223264024, 2527785.909684186335653 ], [ 162204.894200840208214, 2527797.17249392112717 ], [ 162229.103693330835085, 2527810.201958550605923 ], [ 162250.686663229193073, 2527820.279943039640784 ], [ 162257.922929506923538, 2527823.638378725852817 ], [ 162274.656246208585799, 2527833.815113866701722 ], [ 162297.752415725844912, 2527852.125360885635018 ], [ 162317.86559274996398, 2527871.498186984565109 ], [ 162323.838376072410028, 2527877.386402247007936 ], [ 162348.278085098951124, 2527899.42550192726776 ], [ 162371.186815403925721, 2527927.755543409846723 ], [ 162394.930033202108461, 2527956.319480904843658 ], [ 162403.187338562798686, 2527971.426092504989356 ], [ 162409.402513332664967, 2527983.068629842717201 ], [ 162414.408346487267409, 2527993.733989671804011 ], [ 162420.747166089771781, 2528008.37886364525184 ], [ 162424.361762239597738, 2528016.818924037273973 ], [ 162431.434577586303931, 2528033.702088048215955 ], [ 162432.434163210156839, 2528036.686671352945268 ], [ 162438.125452319334727, 2528053.347823007497936 ], [ 162439.685180547705386, 2528062.330655531957746 ], [ 162441.458342258643825, 2528072.561128694564104 ], [ 162447.706061265431345, 2528091.965264940168709 ], [ 162452.246875475917477, 2528104.392910467926413 ], [ 162461.264020837901626, 2528133.7570531363599 ], [ 162467.143483748484869, 2528159.679096886422485 ], [ 162474.773498726601247, 2528188.570538809522986 ], [ 162479.386123299889732, 2528213.767163198906928 ], [ 162482.60995996260317, 2528232.231128409970552 ], [ 162484.388791727658827, 2528251.976816148962826 ], [ 162484.798259435687214, 2528278.260505291633308 ], [ 162483.704395975160878, 2528307.579799712169915 ], [ 162481.671848164871335, 2528315.383540999144316 ], [ 162478.682791469211224, 2528328.465238118544221 ], [ 162475.729508227203041, 2528343.299053270835429 ], [ 162474.398477892682422, 2528356.346788814291358 ], [ 162474.348923688638024, 2528372.37360051413998 ], [ 162475.05235402478138, 2528383.877877179998904 ], [ 162476.940272754756734, 2528393.604721599724144 ], [ 162480.522294102469459, 2528405.050708777271211 ], [ 162484.037200008693617, 2528414.744723937474191 ], [ 162487.685361675452441, 2528429.444141862448305 ], [ 162489.603976036130916, 2528440.672958157025278 ], [ 162494.812756418425124, 2528452.085789684206247 ], [ 162500.083243258006405, 2528464.999237197451293 ], [ 162508.9657776117092, 2528492.362873265985399 ], [ 162516.06272831466049, 2528513.502435835078359 ], [ 162521.434262590366416, 2528532.924328562803566 ], [ 162528.398357318073977, 2528549.059036695864052 ], [ 162535.428173702268396, 2528568.447295855730772 ], [ 162547.631323233130388, 2528597.495938784908503 ], [ 162557.946563535369933, 2528616.817296396940947 ], [ 162568.327928301121574, 2528639.392530320677906 ], [ 162580.433609775442164, 2528665.188343316316605 ], [ 162590.81448522611754, 2528689.266028334852308 ], [ 162606.173997572099324, 2528714.995434251613915 ], [ 162626.705866972974036, 2528751.887367147020996 ], [ 162645.412068335688673, 2528780.553291233722121 ], [ 162665.947656219475903, 2528820.700625186786056 ], [ 162688.038344055239577, 2528858.812925879843533 ], [ 162701.742718409514055, 2528889.333490808028728 ], [ 162718.757639218587428, 2528921.038241757079959 ], [ 162735.747201680147555, 2528951.492280329577625 ], [ 162752.765462907264009, 2528986.452651407569647 ], [ 162774.731229912955314, 2529024.567247053142637 ], [ 162788.438138054974843, 2529049.078068085480481 ], [ 162786.304468763351906, 2529051.875879961065948 ], [ 162790.821137753548101, 2529060.047060896176845 ], [ 162802.006589790107682, 2529080.602622073609382 ], [ 162817.90182579687098, 2529109.57632616488263 ], [ 162833.450081494811457, 2529133.799442699179053 ], [ 162849.495838114235085, 2529164.021652432158589 ], [ 162867.604949515080079, 2529197.206987580284476 ], [ 162875.353154003620148, 2529219.585280223749578 ], [ 162881.604080173419788, 2529243.746948288287967 ], [ 162883.201862231595442, 2529249.974554796237499 ], [ 162882.699243417999242, 2529265.259420613292605 ], [ 162877.338732243515551, 2529275.634702337905765 ], [ 162872.772897160437424, 2529281.987506294157356 ], [ 162867.675357502594125, 2529288.351379191502929 ], [ 162859.645250102272257, 2529298.280185312964022 ], [ 162854.87656485917978, 2529303.885967405047268 ], [ 162841.984774232376367, 2529317.920433107763529 ], [ 162828.339157920447178, 2529337.979656599462032 ], [ 162824.779051966906991, 2529346.064871934708208 ], [ 162821.763146088458598, 2529360.899903650861233 ], [ 162820.333218126266729, 2529373.699541793670505 ], [ 162822.357513269234914, 2529393.189488591626287 ], [ 162824.410681637644302, 2529417.186307789757848 ], [ 162826.434010742581449, 2529438.178374806884676 ], [ 162831.646130004432052, 2529454.348392748273909 ], [ 162836.887452820432372, 2529473.522733912803233 ], [ 162843.690576230874285, 2529487.907725345809013 ], [ 162853.875836235529277, 2529506.981023257598281 ], [ 162867.416239507612772, 2529530.994266322348267 ], [ 162882.548345904157031, 2529553.222698206081986 ], [ 162897.747375008941162, 2529577.202447230461985 ], [ 162909.461831701803021, 2529592.989357076585293 ], [ 162924.594129730714485, 2529615.217699196655303 ], [ 162936.442262342956383, 2529634.507906285580248 ], [ 162943.310674229171127, 2529653.6489028763026 ], [ 162946.895781057886779, 2529669.851847063284367 ], [ 162947.129461888922378, 2529682.867776460014284 ], [ 162944.042094163072761, 2529694.198667337652296 ], [ 162942.867038490774576, 2529697.978696847800165 ], [ 162939.393998668005224, 2529708.816667594015598 ], [ 162937.969527277280577, 2529721.866537383757532 ], [ 162943.074919411737937, 2529731.277676322963089 ], [ 162948.317434714408591, 2529748.949571260251105 ], [ 162951.871098914998583, 2529765.153214900754392 ], [ 162955.389780927100219, 2529778.102298611309379 ], [ 162958.841699343465734, 2529789.299849594011903 ], [ 162962.324852867168374, 2529800.497259494848549 ], [ 162967.532150669489056, 2529814.91449044412002 ], [ 162969.392765493888874, 2529827.89751028874889 ], [ 162975.648667299828958, 2529841.54216796439141 ], [ 162980.237605420697946, 2529851.715363742318004 ], [ 162988.343408506480046, 2529879.344642926938832 ], [ 162994.045411539205816, 2529895.003807640634477 ], [ 162997.029578190820757, 2529903.206253677606583 ], [ 163002.574569534684997, 2529920.371235149446875 ], [ 163006.44344686716795, 2529932.061347707174718 ], [ 163010.978309443686157, 2529956.508056496270001 ], [ 163019.703997451171745, 2529985.377037164289504 ], [ 163026.771107221138664, 2530014.279408113099635 ], [ 163033.81321253743954, 2530041.930607453454286 ], [ 163037.524873697781004, 2530065.893583063036203 ], [ 163042.807148619671352, 2530087.070194425527006 ], [ 163048.216939389065374, 2530114.503830092493445 ], [ 163050.367778450832702, 2530141.753798258956522 ], [ 163050.738121777423657, 2530163.030152759514749 ], [ 163051.099216537375469, 2530182.3036591517739 ], [ 163046.52205316349864, 2530201.92797736171633 ], [ 163046.852489879645873, 2530219.699738453142345 ], [ 163048.814668682753108, 2530237.688742405734956 ], [ 163052.297134446562268, 2530250.387823373544961 ], [ 163055.33797224110458, 2530259.841401914600283 ], [ 163060.318101710930932, 2530275.390019632410258 ], [ 163062.751677356020082, 2530284.229539665859193 ], [ 163071.277035646315198, 2530295.574674936011434 ], [ 163079.772465037705842, 2530303.915177589748055 ], [ 163091.469058486574795, 2530314.194103157613426 ], [ 163101.304069256410003, 2530323.759616632945836 ], [ 163109.361471882613841, 2530332.109109477605671 ], [ 163115.833548563183285, 2530340.99175981245935 ], [ 163118.198985746654216, 2530344.950072975363582 ], [ 163120.694898055167869, 2530349.155959722120315 ], [ 163128.846067065314855, 2530368.270962356124073 ], [ 163132.203550667618401, 2530380.972832521889359 ], [ 163133.383638058847282, 2530388.210659657139331 ], [ 163133.546006075921468, 2530397.722352218814194 ], [ 163135.313476972689386, 2530409.2050162688829 ], [ 163135.10832973982906, 2530412.965101775713265 ], [ 163137.438897758838721, 2530424.436003355775028 ], [ 163137.574129319516942, 2530435.701096839737147 ], [ 163136.176042289822362, 2530448.500212116632611 ], [ 163134.750043438165449, 2530464.554509886540473 ], [ 163133.250214640516788, 2530481.612589357420802 ], [ 163126.851773897709791, 2530493.261238307226449 ], [ 163120.128254755458329, 2530508.922684556804597 ], [ 163105.102423878270201, 2530514.987825453747064 ], [ 163094.69549854908837, 2530523.462886706925929 ], [ 163085.88497116684448, 2530530.403188229072839 ], [ 163077.712479697307572, 2530535.694575435016304 ], [ 163069.913398058968596, 2530540.744136798661202 ], [ 163053.781102413369808, 2530549.33566540107131 ], [ 163042.875081852369476, 2530554.815806651487947 ], [ 163028.113869142078329, 2530563.129230449907482 ], [ 163017.108173368265852, 2530569.863676122855395 ], [ 162998.843271877791267, 2530578.248198121786118 ], [ 162984.583905993611552, 2530585.048947028815746 ], [ 162968.768474255048204, 2530595.386653574183583 ], [ 162958.488273700990248, 2530600.854363311547786 ], [ 162949.989878634456545, 2530609.290791897568852 ], [ 162939.923310068377759, 2530614.503499173559248 ], [ 162929.955908079980873, 2530619.964927265420556 ], [ 162918.490674655069597, 2530628.712312021758407 ], [ 162914.421670575800817, 2530631.799755376297981 ], [ 162906.95710236672312, 2530637.210085768252611 ], [ 162890.495125748508144, 2530648.061926570255309 ], [ 162875.712335895921569, 2530658.378843525890261 ], [ 162862.493946987320669, 2530668.663682999555022 ], [ 162849.440238668350503, 2530681.080206762533635 ], [ 162844.469995261111762, 2530685.80783871607855 ], [ 162835.331962986034341, 2530696.289497018791735 ], [ 162819.85514688224066, 2530712.851341938599944 ], [ 162808.616557503235526, 2530726.601596533786505 ], [ 162804.792442504200153, 2530730.936348558869213 ], [ 162795.645690223784186, 2530742.891284846700728 ], [ 162777.41654958127765, 2530763.795320017263293 ], [ 162760.021137866133358, 2530785.683824392501265 ], [ 162743.241095883015078, 2530807.059450362809002 ], [ 162724.871482136892155, 2530827.214821566827595 ], [ 162723.577077787427697, 2530829.744935111142695 ], [ 162717.799086683080532, 2530841.13106737146154 ], [ 162705.278736935113557, 2530864.172112585511059 ], [ 162694.354431073123123, 2530885.67836043285206 ], [ 162683.5584133178927, 2530911.940103816799819 ], [ 162672.090965878916904, 2530935.961518066935241 ], [ 162661.572010037663858, 2530960.464637165889144 ], [ 162655.883843167684972, 2530980.862762050703168 ], [ 162654.150183148158249, 2530986.407113461755216 ], [ 162652.243860606278758, 2530992.705980586819351 ], [ 162649.399638279515784, 2531008.288542136084288 ], [ 162642.502127062994987, 2531038.477166820783168 ], [ 162630.379344432731159, 2531070.274373690597713 ], [ 162621.129628216614947, 2531101.763014111667871 ], [ 162613.151501337299123, 2531134.226994622498751 ], [ 162599.388339647150133, 2531171.566755276173353 ], [ 162588.557622454885859, 2531205.340820636134595 ], [ 162577.72338609630242, 2531246.627395752351731 ], [ 162577.08768706722185, 2531267.673724831081927 ], [ 162576.236108379496727, 2531293.48266821121797 ], [ 162575.992356050002854, 2531323.78603218216449 ], [ 162570.74467338854447, 2531360.451420727185905 ], [ 162557.089019317296334, 2531403.046971874777228 ], [ 162548.176784826035146, 2531437.283145231660455 ], [ 162532.770307760627475, 2531476.90994123974815 ], [ 162522.041254102543462, 2531504.922906714957207 ], [ 162517.718109828536399, 2531527.797271162737161 ], [ 162500.644781900395174, 2531563.95249715866521 ], [ 162498.489582117937971, 2531567.251306725200266 ], [ 162485.562953182088677, 2531578.031645445618778 ], [ 162471.417792360996827, 2531585.831766734365374 ], [ 162462.347486294340342, 2531590.774193577468395 ], [ 162451.716396459029056, 2531599.003506205510348 ], [ 162440.191227225819603, 2531601.741988501511514 ], [ 162432.342299258802086, 2531603.654725732281804 ], [ 162418.044333451776765, 2531603.945885746739805 ], [ 162402.178606401372235, 2531599.511484388727695 ], [ 162390.193935267336201, 2531591.992986455559731 ], [ 162373.517797106760554, 2531581.565274408552796 ], [ 162351.828755178663414, 2531563.226805357728153 ], [ 162331.93094416661188, 2531551.362419166602194 ], [ 162328.348629168700427, 2531550.68409984651953 ], [ 162323.101930368400645, 2531552.794250420294702 ], [ 162297.118337255669758, 2531563.339230756275356 ], [ 162279.083229900745209, 2531572.06102610565722 ], [ 162266.31996414164314, 2531578.74008000548929 ], [ 162258.054490613809321, 2531582.918207145296037 ], [ 162245.962750894483179, 2531589.030645907856524 ], [ 162242.06128509901464, 2531591.002780631650239 ], [ 162220.953796576941386, 2531601.198486941400915 ], [ 162198.22469024657039, 2531610.174832499586046 ], [ 162169.017520208202768, 2531622.288425040431321 ], [ 162141.340828190615866, 2531629.612724695820361 ], [ 162112.036765281052794, 2531638.472675859928131 ], [ 162086.437018893891945, 2531641.74861892266199 ], [ 162076.075288488413207, 2531643.211532666347921 ], [ 162051.305103241291363, 2531645.71910421224311 ], [ 162046.559815152257215, 2531646.316483080387115 ], [ 162022.456950427440461, 2531649.311592891346663 ], [ 162018.801382830133662, 2531649.636247404385358 ], [ 161995.006082278967369, 2531652.374156317673624 ], [ 161964.151318010815885, 2531654.254361999686807 ], [ 161922.193361407436896, 2531658.113976510707289 ], [ 161918.078777212474961, 2531658.948996431194246 ], [ 161901.941634962742683, 2531663.165412563364953 ], [ 161870.536043486557901, 2531674.440513995010406 ], [ 161855.227832406701054, 2531682.013803528621793 ], [ 161830.937198266095947, 2531697.28196458844468 ], [ 161821.651881917496212, 2531703.981781204696745 ], [ 161800.868051992089022, 2531723.936386652290821 ], [ 161789.779952506592963, 2531738.93615326937288 ], [ 161781.911284848058131, 2531750.614737667143345 ], [ 161770.818134048313368, 2531765.363933051470667 ], [ 161762.856434867833741, 2531775.542161451186985 ], [ 161751.958313829207327, 2531796.79789702501148 ], [ 161743.961340838053729, 2531803.721653488464653 ], [ 161731.215300023555756, 2531818.755137111525983 ], [ 161712.093574394180905, 2531840.428649529349059 ], [ 161691.309873785765376, 2531860.38323305780068 ], [ 161672.929417794046458, 2531881.541144362650812 ], [ 161656.349412882293109, 2531898.905985592398793 ], [ 161641.381819107686169, 2531913.984853580128402 ], [ 161620.774574134382419, 2531934.937214270699769 ], [ 161600.629037757636979, 2531961.640164361335337 ], [ 161576.531862385571003, 2531986.419763803482056 ], [ 161559.35925052408129, 2532022.326888518407941 ], [ 161542.931076560460497, 2532060.973138044588268 ], [ 161522.132040262804367, 2532090.944272166118026 ], [ 161512.54300216579577, 2532106.503985667135566 ], [ 161510.254836899344809, 2532110.216777568217367 ], [ 161500.59261275222525, 2532132.198785620275885 ], [ 161492.543248606089037, 2532161.159219324123114 ], [ 161473.621841317159124, 2532201.85942073399201 ], [ 161457.246970351028722, 2532238.501215976662934 ], [ 161441.653915421687998, 2532264.360064139124006 ], [ 161435.692088813637383, 2532279.004893593490124 ], [ 161425.308263827115297, 2532282.47158071026206 ], [ 161407.389230549626518, 2532286.34224171563983 ], [ 161381.338728594360873, 2532295.136084123514593 ], [ 161361.818701959273312, 2532300.291537860408425 ], [ 161338.992018865945283, 2532306.014972915872931 ], [ 161319.450154164223932, 2532311.671609604731202 ], [ 161291.578053086996078, 2532312.489398417528719 ], [ 161280.006491516949609, 2532314.478019275702536 ], [ 161270.374158331251238, 2532316.427073961123824 ], [ 161254.081721161608584, 2532321.766820639837533 ], [ 161246.810600876342505, 2532325.921545926015824 ], [ 161239.570701071643271, 2532330.075353877153248 ], [ 161220.387624265975319, 2532350.248171088285744 ], [ 161210.860606057976838, 2532361.960793321020901 ], [ 161211.183816353383008, 2532373.222450203262269 ], [ 161161.631515376328025, 2532505.192722879350185 ], [ 161168.43401951121632, 2532510.312924378551543 ], [ 161150.306695112900343, 2532502.418397795408964 ], [ 161084.009411005186848, 2532648.252208107151091 ], [ 161081.052797310054302, 2532659.830928016453981 ], [ 161076.530421807954554, 2532674.446473620831966 ], [ 161072.207453691691626, 2532697.321100745350122 ], [ 161067.982030168059282, 2532723.449399983976036 ], [ 161067.558047461847309, 2532727.21440274361521 ], [ 161066.732341583119705, 2532734.243272748310119 ], [ 161065.317079699831083, 2532746.290620996151119 ], [ 161062.555033041804563, 2532765.878498446661979 ], [ 161058.232451671326999, 2532787.25077750813216 ], [ 161052.251404848590028, 2532810.159283523447812 ], [ 161044.736585469509009, 2532834.601445015985519 ], [ 161038.790992385707796, 2532859.262450288981199 ], [ 161029.361603072087746, 2532874.228487284388393 ], [ 161020.090455341734923, 2532895.451106222346425 ], [ 161009.136092181666754, 2532915.456297462340444 ], [ 161004.157925560546573, 2532923.069872274529189 ], [ 160991.801453368098009, 2532941.851450811140239 ], [ 160974.302805655985139, 2532961.739369874354452 ], [ 160968.328921807406005, 2532968.121213039848953 ], [ 160961.526020311866887, 2532975.271117915865034 ], [ 160957.661810213292483, 2532986.868590028956532 ], [ 160954.547017805278301, 2533006.500915663782507 ], [ 160953.556521493941545, 2533012.743681523483247 ], [ 160953.162274174625054, 2533019.512515963520855 ], [ 160950.389154171047267, 2533040.102305679582059 ], [ 160947.309526370023377, 2533057.943751124665141 ], [ 160945.117899454315193, 2533073.263085066806525 ], [ 160946.401237711776048, 2533094.771562987472862 ], [ 160937.972148044034839, 2533111.219825294800103 ], [ 160929.237512957828585, 2533134.184458062052727 ], [ 160923.355181462422479, 2533146.574146301019937 ], [ 160917.91924303479027, 2533174.730056888889521 ], [ 160914.045705426251516, 2533195.091749755199999 ], [ 160910.052610599494074, 2533215.706503000110388 ], [ 160907.366592972190119, 2533228.281169744674116 ], [ 160903.681930019054562, 2533257.904032255522907 ], [ 160902.550555162888486, 2533270.246772829443216 ], [ 160901.428349642839748, 2533282.489735032897443 ], [ 160897.810076470603235, 2533292.329216986428946 ], [ 160891.568283727392554, 2533303.974990679882467 ], [ 160887.31236592377536, 2533328.601206294260919 ], [ 160884.514639153145254, 2533346.437029403634369 ], [ 160910.585405525751412, 2533487.63450133940205 ], [ 160919.788782331743278, 2533499.967280182056129 ], [ 160931.563190022134222, 2533510.995478591416031 ], [ 160941.48015875776764, 2533513.798361736349761 ], [ 160959.696795219439082, 2533519.937640407588333 ], [ 160979.43802845448954, 2533522.540038468781859 ], [ 160991.048889538215008, 2533527.061218606773764 ], [ 161009.326917229045648, 2533536.204106686636806 ], [ 161032.186250330531038, 2533549.686199956107885 ], [ 161036.002311040880159, 2533551.936775895766914 ], [ 161054.742132666287944, 2533561.84497642936185 ], [ 161059.258923711895477, 2533564.233187360223383 ], [ 161073.100602802995127, 2533570.712132909335196 ], [ 161100.855847330996767, 2533585.671767921652645 ], [ 161110.911153455090243, 2533593.729830641299486 ], [ 161122.650052358745597, 2533603.006437566131353 ], [ 161131.236805133346934, 2533617.354580453597009 ], [ 161151.506079628947191, 2533639.728300862945616 ], [ 161166.729776426916942, 2533657.196754604112357 ], [ 161186.994049582979642, 2533679.320024555083364 ], [ 161202.18207634909777, 2533695.036576122045517 ], [ 161206.329572862829082, 2533699.479005126748234 ], [ 161215.717303694866132, 2533709.534233802929521 ], [ 161227.558234261232428, 2533723.816528208553791 ], [ 161232.415109610068612, 2533729.470305958762765 ], [ 161240.94313782179961, 2533739.314853467978537 ], [ 161375.829973277053796, 2533707.877693127840757 ], [ 161477.664119407825638, 2533704.171836703084409 ], [ 161541.340184616448823, 2533701.85455713653937 ], [ 161611.748068325454369, 2533698.76159721519798 ], [ 161653.869797259569168, 2533696.911218672525138 ], [ 161744.476377357670572, 2533721.56576688401401 ], [ 161803.019195404252969, 2533791.630394597537816 ], [ 161822.986856044153683, 2533812.202210025861859 ], [ 161887.990405771415681, 2533879.172516446560621 ], [ 161916.966036024561618, 2533909.024884612299502 ], [ 162036.302540039760061, 2534075.537578511517495 ], [ 162114.958924243866932, 2534196.502224321477115 ], [ 162225.715701584413182, 2534267.122822451405227 ], [ 162325.166910345025826, 2534269.944148247595876 ], [ 162361.612505292578135, 2534270.978053541388363 ], [ 162389.603160178114194, 2534270.407424589153379 ], [ 162400.318072501861025, 2534269.457152288407087 ], [ 162419.656289121194277, 2534262.421437573619187 ], [ 162423.490612059016712, 2534261.026552189141512 ], [ 162446.616595777042676, 2534252.612777145113796 ], [ 162520.876466747722588, 2534203.39722241088748 ], [ 162564.537442505650688, 2534161.165547706652433 ], [ 162587.092821968952194, 2534123.604376773815602 ], [ 162635.533854042645544, 2533983.230037854518741 ], [ 162640.141749772301409, 2533969.877012314740568 ], [ 162697.321312882413622, 2533810.765423056669533 ], [ 162730.602270048751961, 2533779.346006478182971 ], [ 162766.4559043632471, 2533770.134982503950596 ], [ 162805.722570898593403, 2533772.9637431926094 ], [ 162834.594328213774133, 2533784.646845812909305 ], [ 162850.855439236853272, 2533802.336134302895516 ], [ 162856.986991732905153, 2533810.726267024874687 ], [ 162866.121676173061132, 2533823.225825421512127 ], [ 162880.587579524319153, 2533856.852341605816036 ], [ 162926.968132968409918, 2534000.072505925316364 ], [ 162974.21554471476702, 2534081.792469743173569 ], [ 163013.807916206249502, 2534119.803137976210564 ], [ 163035.843709446548019, 2534140.958690597210079 ], [ 163115.225847752590198, 2534187.04240672243759 ], [ 163186.84597583807772, 2534221.046014499850571 ], [ 163256.518137961626053, 2534254.124803805723786 ], [ 163334.732697594678029, 2534294.931986109353602 ], [ 163365.027718324388843, 2534325.055451244115829 ], [ 163435.650969638430979, 2534409.478741880971938 ], [ 163477.412644656840712, 2534498.005091295577586 ], [ 163497.211852970882319, 2534569.349190178792924 ], [ 163499.552150320378132, 2534632.485000086948276 ], [ 163489.553793992032297, 2534713.670167380943894 ], [ 163464.640912977221888, 2534791.560651364736259 ], [ 163426.580836214299779, 2534848.518507390748709 ], [ 163381.817614945117384, 2534888.652435268741101 ], [ 163348.234533246257342, 2534905.237637622281909 ], [ 163283.858391712827142, 2534919.270686882082373 ], [ 163090.9036421108176, 2534917.904652023687959 ], [ 162971.586263072909787, 2534919.490838775411248 ], [ 162941.478669258300215, 2534919.891055452171713 ], [ 162856.047658866795246, 2534933.733630248345435 ], [ 162851.671969320683274, 2534934.442628678865731 ], [ 162777.953572377038654, 2534958.20647603739053 ], [ 162719.136002908810042, 2534996.656729529611766 ], [ 162711.003304691752419, 2535001.97322443453595 ], [ 162669.425320471578743, 2535045.28206763509661 ], [ 162644.571610060578678, 2535071.170407473109663 ], [ 162620.367813522403594, 2535113.440008841920644 ], [ 162616.934561368776485, 2535119.435815586708486 ], [ 162607.008329729374964, 2535152.499565179459751 ], [ 162605.429312574968208, 2535179.032792885322124 ], [ 162612.197360805759672, 2535199.035713693127036 ], [ 162646.038941964274272, 2535247.107479765545577 ], [ 162703.299741461756639, 2535300.002047640271485 ], [ 162748.213528590800706, 2535319.227021342143416 ], [ 162819.595631590927951, 2535336.852083828765899 ], [ 162920.646568377793301, 2535353.872143937274814 ], [ 162974.420425735937897, 2535363.910737161524594 ], [ 163016.990992646955419, 2535371.857904163189232 ], [ 163110.054545515740756, 2535389.231220403220505 ], [ 163433.598016495467164, 2535452.595790166407824 ], [ 163535.556801827857271, 2535462.177026472054422 ], [ 163555.840313101594802, 2535469.183525023981929 ], [ 163604.062320638913661, 2535494.701057392172515 ], [ 163647.808135443192441, 2535508.649393872823566 ], [ 163818.120835351874121, 2535543.337379422504455 ], [ 163885.615476305421907, 2535559.70152071909979 ], [ 164043.964249041047879, 2535598.09347778884694 ], [ 164260.184565371426288, 2535648.805418872274458 ], [ 164309.314605659630615, 2535666.883994883857667 ], [ 164331.846874228620436, 2535680.204819110222161 ], [ 164369.6671593975625, 2535715.474425225984305 ], [ 164393.804983155627269, 2535751.51326116360724 ], [ 164414.493339227512479, 2535782.402058247011155 ], [ 164450.799648579733912, 2535847.383318833541125 ], [ 164462.533035792177543, 2535877.573128360789269 ], [ 164499.384884876315482, 2535963.238682385068387 ], [ 164524.609789243084379, 2536063.09555270941928 ], [ 164530.362189424980897, 2536148.067395584657788 ], [ 164524.588274492358323, 2536176.805937640368938 ], [ 164430.218799572670832, 2536331.374859831295907 ], [ 164416.573899822367821, 2536338.013442567549646 ], [ 164388.159444147429895, 2536348.133301928173751 ], [ 164217.82519328664057, 2536364.328294675797224 ], [ 164166.921701692044735, 2536363.246795430779457 ], [ 164141.642906065913849, 2536371.182651073206216 ], [ 164108.968557502492331, 2536380.329450801480561 ], [ 164068.855390162905678, 2536388.567957010585815 ], [ 163964.237015385646373, 2536404.482493440620601 ], [ 163875.70684327906929, 2536429.609247193671763 ], [ 163868.728922351030633, 2536430.993252678774297 ], [ 163792.30175571172731, 2536446.151196563616395 ], [ 163740.727636078197975, 2536464.163890541996807 ], [ 163706.150168104853947, 2536483.949903540313244 ], [ 163667.207353894249536, 2536533.43624568823725 ], [ 163640.022331489773933, 2536567.981647842563689 ], [ 163629.858720440766774, 2536589.389676502440125 ], [ 163628.236704604059923, 2536613.803525099996477 ], [ 163636.345690270944033, 2536647.559115057811141 ], [ 163646.052852296212222, 2536665.549866060260683 ], [ 163646.271065809938591, 2536676.245213619899005 ], [ 163680.802075773477554, 2536745.105479245539755 ], [ 163731.537556961644441, 2536801.744995628017932 ], [ 163817.481502155540511, 2536897.689831909257919 ], [ 163846.903040967066772, 2536930.534968647640198 ], [ 163973.555637731624302, 2537087.145374733023345 ], [ 163976.04003360850038, 2537090.217412524856627 ], [ 164041.051526934257708, 2537128.754749754909426 ], [ 164170.523077748715878, 2537205.502439103554934 ], [ 164546.009575170930475, 2537523.065205098129809 ], [ 164568.273459465650376, 2537541.894692165777087 ], [ 164945.253495264216326, 2537790.034546327777207 ], [ 164988.979292921489105, 2537818.816207095049322 ], [ 164986.350049419677816, 2537820.462526149582118 ], [ 164980.511449035489932, 2537823.82493579108268 ], [ 165135.219193579338025, 2537950.937004453968257 ], [ 165166.790171024971642, 2537976.876632089260966 ], [ 165173.468620742438361, 2537982.524762464221567 ], [ 165388.466603759326972, 2538164.354543482884765 ], [ 165483.714565672446042, 2538244.908399439416826 ], [ 165564.53951326519018, 2538313.264104155357927 ], [ 165566.930879482068121, 2538317.319340069778264 ], [ 165598.359082281473093, 2538339.906522330828011 ], [ 165648.213206138578244, 2538390.392890798859298 ], [ 165691.980746310669929, 2538457.340593346394598 ], [ 165755.686316786741372, 2538618.222706844098866 ], [ 165777.203197374823503, 2538737.565269336570054 ], [ 165778.263255620200653, 2538789.48457627883181 ], [ 165772.727954255009536, 2538829.878262547310442 ], [ 165753.482996526465286, 2538873.731928994879127 ], [ 165732.789116382831708, 2538898.534863887820393 ], [ 165703.51042903988855, 2538918.213051360100508 ], [ 165660.500522689253557, 2538940.291629597079009 ], [ 165603.413197720015887, 2538947.817364597693086 ], [ 165427.198816422605887, 2538935.515271967742592 ], [ 165302.687138278910425, 2538911.557130297180265 ], [ 165150.507548431807663, 2538814.623274791054428 ], [ 165015.737369911861606, 2538718.099760623648763 ], [ 164994.195711175212637, 2538702.671401604544371 ], [ 164950.573148613853846, 2538660.794664277229458 ], [ 164919.773765414603986, 2538631.227781245019287 ], [ 164854.71878279739758, 2538568.775970233138651 ], [ 164704.450696721847635, 2538410.877948917914182 ], [ 164671.647207307629287, 2538376.408770352602005 ], [ 164632.831532089214306, 2538344.340326736681163 ], [ 164578.122106932278257, 2538312.596411344129592 ], [ 164363.198620621929877, 2538221.581301991827786 ], [ 164337.703576623927802, 2538218.921736456919461 ], [ 164310.262441036931705, 2538224.782117013819516 ], [ 164270.322638828190975, 2538241.497745125088841 ], [ 164255.683031792403199, 2538251.336845496669412 ], [ 164223.06157153157983, 2538281.47980119753629 ], [ 164210.205044414033182, 2538293.359580327291042 ], [ 164185.906365613162052, 2538341.718203623313457 ], [ 164166.404275351087563, 2538464.372360713314265 ], [ 164182.623593266063835, 2538609.795301114208996 ], [ 164253.039571408473421, 2538813.738415703643113 ], [ 164349.201568471384235, 2538980.717075538355857 ], [ 164514.899226143257692, 2539146.275571182370186 ], [ 164689.443914584931917, 2539296.144370800349861 ], [ 164707.086317229375709, 2539311.292641848791391 ], [ 164922.248871927557047, 2539465.902284756302834 ], [ 165112.409077235031873, 2539620.645948534365743 ], [ 165180.705210020765662, 2539676.222095227334648 ], [ 165410.689765507937409, 2539863.37217658944428 ], [ 165486.511999378504697, 2539927.766239033546299 ], [ 165521.381771359418053, 2539958.811566269956529 ], [ 165572.819276133552194, 2540011.841831718105823 ], [ 165613.167901339882519, 2540050.576901558320969 ], [ 165650.138786557072308, 2540100.146948635578156 ], [ 165673.156946803268511, 2540131.734890012536198 ], [ 165676.02597701101331, 2540135.672174299601465 ], [ 165695.480632383492775, 2540207.132275119889528 ], [ 165700.275120413280092, 2540219.103702186141163 ], [ 165763.547206004965119, 2540377.089055656921118 ], [ 165782.607326514553279, 2540424.680482228286564 ], [ 165873.659660035453271, 2540656.670036480296403 ], [ 165896.355603279022034, 2540715.701618227176368 ], [ 165923.039091758895665, 2540785.104623891413212 ], [ 165956.484371325699612, 2540838.251720327418298 ], [ 166022.64368831779575, 2540908.757276397198439 ], [ 166128.492048637301195, 2540985.712512380909175 ], [ 166216.016053677129094, 2541045.015064192004502 ], [ 166222.935805049317423, 2541048.46112673683092 ], [ 166375.871421040501446, 2541124.622117663733661 ], [ 166474.228027614939492, 2541187.208495696540922 ], [ 166558.451100534119178, 2541261.099875431507826 ], [ 166565.335885949258227, 2541267.218566960655153 ], [ 166617.047124287928455, 2541313.732569128740579 ], [ 166660.773322277469561, 2541341.631862060632557 ], [ 166665.702823986299336, 2541347.558818112127483 ], [ 166690.258076939033344, 2541377.082894055172801 ], [ 166698.652196741779335, 2541411.428064049687237 ], [ 166705.967477535945363, 2541441.358111872337759 ], [ 166775.02037323260447, 2541604.441812686156482 ], [ 166781.531406586815137, 2541619.831710066180676 ], [ 166797.858232669474091, 2541651.570522923953831 ], [ 166818.080268926569261, 2541690.881588804535568 ], [ 166860.171102494292427, 2541772.704289789777249 ], [ 166918.425110449548811, 2541877.8180977916345 ], [ 166931.104608059220482, 2541900.696938160341233 ], [ 166968.960931553971022, 2541993.562360767740756 ], [ 167006.883922706241719, 2542089.681168267037719 ], [ 167048.777759341930505, 2542203.995930422563106 ], [ 167052.873660846089479, 2542248.471578516531736 ], [ 167053.423175710253417, 2542255.176737254485488 ], [ 167096.293143137474544, 2542253.93809068063274 ], [ 167100.00354414479807, 2542435.421179316937923 ], [ 167060.693244585068896, 2542753.38270460953936 ], [ 167124.572740489384159, 2542824.371050363406539 ], [ 167166.895124081405811, 2542871.570613511838019 ], [ 167234.759505181340501, 2542924.574348053894937 ], [ 167204.624482681159861, 2542931.77371193561703 ], [ 167161.974519990151748, 2542941.962850070558488 ], [ 167047.89917286176933, 2542961.785810446366668 ], [ 167037.823784671083558, 2542962.918099069967866 ], [ 167026.158081509347539, 2543100.760967900045216 ], [ 166929.587287878268398, 2543129.232171781361103 ], [ 166895.76809970085742, 2543139.202820658683777 ], [ 166886.692165484826546, 2543278.514598259236664 ], [ 166903.325742755201645, 2543508.726421303115785 ], [ 166981.321642113383859, 2543602.549738611094654 ], [ 166981.38265777140623, 2543616.536557211540639 ], [ 167209.155783692491241, 2543771.817602111957967 ], [ 167192.69701414112933, 2543788.840779957827181 ], [ 167153.948419752414338, 2543819.430130124557763 ], [ 167140.030262899992522, 2543823.062628105282784 ], [ 167117.159418506664224, 2543841.117736239917576 ], [ 167094.621935828181449, 2543846.999741598963737 ], [ 167076.735272470337804, 2543850.292051285039634 ], [ 166964.32520759414183, 2543873.791800891514868 ], [ 166958.452326504338998, 2543874.32234924659133 ], [ 166900.069533966481686, 2543893.071167112793773 ], [ 166863.932104441861156, 2543914.549449618905783 ], [ 166859.743630964017939, 2543915.793483532033861 ], [ 166799.476940590073355, 2543923.090586407575756 ], [ 166766.588566895457916, 2543923.41726598283276 ], [ 166746.391748329158872, 2543920.650445916224271 ], [ 166730.368260723771527, 2543914.618156244046986 ], [ 166619.71429795428412, 2543816.71065065683797 ], [ 166562.699825597868767, 2543750.036270971875638 ], [ 166559.16299150348641, 2543746.803182743489742 ], [ 166540.015333411516622, 2543729.300071193370968 ], [ 166520.927016117377207, 2543714.183545548934489 ], [ 166518.02677815197967, 2543712.40205486305058 ], [ 166485.413809502671938, 2543702.856629818677902 ], [ 166426.866561042610556, 2543690.804122047033161 ], [ 166374.557512314466294, 2543672.79386202711612 ], [ 166357.257695473206695, 2543656.187430706806481 ], [ 166340.022715044266079, 2543642.759914366062731 ], [ 166318.160695706086699, 2543636.316986431833357 ], [ 166289.396911157702561, 2543634.191387315280735 ], [ 166193.289199015009217, 2543615.631727124098688 ], [ 166105.338803054124583, 2543615.678025836590677 ], [ 166064.566118677379563, 2543620.768570753280073 ], [ 166042.433375011780299, 2543628.500062676612288 ], [ 166027.823763951077126, 2543638.394775909837335 ], [ 165984.171443887113128, 2543668.740706130862236 ], [ 165969.188658445433248, 2543679.156370291020721 ], [ 165920.502171353145968, 2543721.216962987557054 ], [ 165879.424891818780452, 2543772.637459829449654 ], [ 165845.496856035781093, 2543809.388028933200985 ], [ 165800.656246009282768, 2543857.379774836823344 ], [ 165778.009383395779878, 2543902.413595624268055 ], [ 165763.937517662998289, 2543939.759767751675099 ], [ 165753.531072237004992, 2543977.281292652245611 ], [ 165743.406631760823075, 2544027.066721150651574 ], [ 165728.18587004521396, 2544069.44460283825174 ], [ 165706.841521798050962, 2544116.955657789018005 ], [ 165680.553320416482165, 2544150.887257122900337 ], [ 165676.682668338937219, 2544155.883286772761494 ], [ 165657.607160550134722, 2544174.800255487672985 ], [ 165641.973713101120666, 2544185.458017524331808 ], [ 165625.91254238068359, 2544195.440628081094474 ], [ 165615.092900089453906, 2544202.165475088171661 ], [ 165609.696145126654301, 2544205.519739020150155 ], [ 165564.181491045863368, 2544231.202502163592726 ], [ 165533.387237253773492, 2544240.596276186872274 ], [ 165497.598434839746915, 2544247.588577968068421 ], [ 165450.666674956737552, 2544254.558118251617998 ], [ 165423.569852706335951, 2544262.624465302564204 ], [ 165369.581659247516654, 2544287.26633511390537 ], [ 165350.039336992253084, 2544295.089972909074277 ], [ 165324.100267702015117, 2544305.47464372497052 ], [ 165303.505758267245255, 2544326.928973281290382 ], [ 165280.51107940741349, 2544353.440790873020887 ], [ 165274.841251425328664, 2544368.422175562009215 ], [ 165276.850068126805127, 2544381.072675658389926 ], [ 165279.365507831913419, 2544385.323039594572037 ], [ 165297.925453195755836, 2544415.101639196742326 ], [ 165341.544301370915491, 2544474.630421571433544 ], [ 165387.082506290695164, 2544530.824427573010325 ], [ 165400.311752373119816, 2544549.219494526274502 ], [ 165409.005111954233143, 2544559.641675202175975 ], [ 165414.21775703394087, 2544581.265579748898745 ], [ 165411.320803668175358, 2544595.105118821375072 ], [ 165395.519003391556907, 2544646.7170823472552 ], [ 165394.365446512645576, 2544651.085595313925296 ], [ 165362.185464948532172, 2544713.591774018015712 ], [ 165358.362958231009543, 2544722.403679250739515 ], [ 165356.267379189026542, 2544727.234359278809279 ], [ 165339.216493991552852, 2544741.35529515799135 ], [ 165325.736341664451174, 2544743.383786722552031 ], [ 165320.714768353500403, 2544744.2379215573892 ], [ 165313.620511207613163, 2544743.286060363519937 ], [ 165294.766695131314918, 2544737.225202674977481 ], [ 165283.097378770122305, 2544730.308961621019989 ], [ 165260.24968755984446, 2544710.419051739387214 ], [ 165212.148989415727556, 2544684.019903658889234 ], [ 165158.052471237548161, 2544662.866340274456888 ], [ 165102.64067251275992, 2544635.779324417933822 ], [ 165082.592509698413778, 2544623.387535681016743 ], [ 165013.517853088618722, 2544589.025171237066388 ], [ 164890.451181040436495, 2544519.196669511031359 ], [ 164794.582532229367644, 2544457.556781697552651 ], [ 164778.461172755050939, 2544446.756293210200965 ], [ 164742.472715728159528, 2544436.362432629801333 ], [ 164724.892396536306478, 2544435.927278110291809 ], [ 164694.272211211966351, 2544435.169439149554819 ], [ 164685.997572380700149, 2544434.964562197215855 ], [ 164666.461229424108751, 2544435.364232441876084 ], [ 164638.09303044329863, 2544440.952552116010338 ], [ 164616.428121408273, 2544446.487201232928783 ], [ 164575.227563042077236, 2544457.012572727631778 ], [ 164540.792243973526638, 2544468.985135917551816 ], [ 164534.265441903145984, 2544472.300514752045274 ], [ 164502.782671339635272, 2544488.292152207810432 ], [ 164449.778328135900665, 2544545.186630027834326 ], [ 164434.055597273691092, 2544562.06337005738169 ], [ 164424.636937769013457, 2544565.260952341370285 ], [ 164350.147799562371802, 2544575.582025351934135 ], [ 164323.66820994054433, 2544580.616113771218807 ], [ 164247.750547573552467, 2544595.049041029531509 ], [ 164189.969388643454295, 2544615.415567098651081 ], [ 164182.224816470756195, 2544618.14536789059639 ], [ 164072.462976681999862, 2544646.383219746872783 ], [ 163977.364453919755761, 2544679.177628419362009 ], [ 163866.640721226925962, 2544708.987062059808522 ], [ 163836.780404819990508, 2544716.609345296863467 ], [ 163810.984187904279679, 2544717.137293721083552 ], [ 163776.803627337794751, 2544717.83660980546847 ], [ 163704.759024714119732, 2544709.044778116513044 ], [ 163577.941637085459661, 2544686.599952099379152 ], [ 163453.384676394227426, 2544658.349309301935136 ], [ 163378.767414981150068, 2544640.094432319980115 ], [ 163284.213776566146407, 2544612.732771051116288 ], [ 163222.123588517075405, 2544588.713031026534736 ], [ 163187.757903415593319, 2544567.380683394148946 ], [ 163111.759096119960304, 2544519.857264736201614 ], [ 163076.738985710311681, 2544506.301011341158301 ], [ 163029.129558427783195, 2544495.506203460041434 ], [ 162984.09305624931585, 2544494.174244912806898 ], [ 162917.779642076231539, 2544496.282211224082857 ], [ 162825.599590779398568, 2544506.932358471676707 ], [ 162795.548307135468349, 2544508.29844684805721 ], [ 162738.824501828115899, 2544510.961666437331587 ], [ 162706.247928820375819, 2544502.113163353875279 ], [ 162631.104585853463504, 2544494.886214756872505 ], [ 162590.056063000345603, 2544495.726180516649038 ], [ 162554.580369802482892, 2544499.707797760609537 ], [ 162516.088586104800925, 2544509.258889697492123 ], [ 162427.616503130702768, 2544546.626214724034071 ], [ 162381.529667959432118, 2544565.187051473651081 ], [ 162355.562593777198344, 2544575.644903752952814 ], [ 162293.022390084224753, 2544598.243467686697841 ], [ 162285.778141015965957, 2544600.861149447970092 ], [ 162253.667851513018832, 2544613.28710055584088 ], [ 162216.199121633195318, 2544634.586659772787243 ], [ 162213.197853314923123, 2544637.067470459267497 ], [ 162179.68235282151727, 2544656.119747637305409 ], [ 162114.666801157989539, 2544727.965389146003872 ], [ 162072.564576213480905, 2544790.35599996894598 ], [ 162053.314983150048647, 2544818.881764306686819 ], [ 162049.899210730392952, 2544823.943439230788499 ], [ 162044.747713172459044, 2544830.306546807289124 ], [ 162012.965557823190466, 2544858.751209555193782 ], [ 162003.116076015110593, 2544865.859318710397929 ], [ 161973.887537087372039, 2544872.419421196449548 ], [ 161935.936378728423733, 2544871.693744746036828 ], [ 161891.661738003254868, 2544867.842306153383106 ], [ 161857.520404913055245, 2544859.025429293513298 ], [ 161813.852745008131023, 2544848.150030243676156 ], [ 161790.90462958306307, 2544846.366121716331691 ], [ 161759.515074744645972, 2544849.115393148269504 ], [ 161734.945751916442532, 2544851.267394172493368 ], [ 161703.445546237635426, 2544855.847309755161405 ], [ 161690.849601408292074, 2544857.678714151959866 ], [ 161635.857460910454392, 2544871.574598391074687 ], [ 161556.736805889289826, 2544902.490970267914236 ], [ 161454.104841944819782, 2544943.90435176435858 ], [ 161392.87676717346767, 2544967.24373865686357 ], [ 161374.968404095736332, 2544974.070127021055669 ], [ 161347.67992288141977, 2544991.155211531091481 ], [ 161342.569774284958839, 2544994.084918840788305 ], [ 161324.885998574201949, 2545004.156007303390652 ], [ 161306.922991117578931, 2545006.262366658076644 ], [ 161250.87196827569278, 2545006.658387653063983 ], [ 161196.528552157338709, 2545014.030580988153815 ], [ 161165.869996167661157, 2545020.917974587064236 ], [ 161132.914967182092369, 2545031.858923415653408 ], [ 161111.489458292722702, 2545040.385634210892022 ], [ 161076.532697892165743, 2545054.297210183925927 ], [ 161043.373491474136245, 2545074.541003952268511 ], [ 161018.81547986692749, 2545089.533674143720418 ], [ 160967.351289842394181, 2545122.888909922912717 ], [ 160954.461460343154613, 2545129.173978599719703 ], [ 160951.430641934683081, 2545131.051652337424457 ], [ 160930.560724135255441, 2545144.577902993187308 ], [ 160918.226049388758838, 2545150.58979400107637 ], [ 160895.387669634190388, 2545161.824494539760053 ], [ 160849.695994536625221, 2545166.766086314804852 ], [ 160817.313472791109234, 2545167.428926213178784 ], [ 160792.530495815444738, 2545163.27601993875578 ], [ 160784.020887803577352, 2545161.850026194006205 ], [ 160755.483424360456411, 2545156.174185512121767 ], [ 160742.12243309430778, 2545159.452458104118705 ], [ 160725.734781873354223, 2545169.303363342769444 ], [ 160685.550311037106439, 2545172.629527863115072 ], [ 160645.216693166643381, 2545170.20000994997099 ], [ 160628.755106090044137, 2545168.988899296149611 ], [ 160597.285757035773713, 2545166.673729010857642 ], [ 160581.443717738846317, 2545164.437848379835486 ], [ 160490.367017669719644, 2545151.58388832770288 ], [ 160453.125357902259566, 2545141.603255639784038 ], [ 160426.130021157849114, 2545134.368612110149115 ], [ 160370.258472829766106, 2545126.74789087055251 ], [ 160313.394773652253207, 2545110.383060703985393 ], [ 160262.924659632437397, 2545091.383758640382439 ], [ 160227.316328229091596, 2545072.079933332279325 ], [ 160206.204811084549874, 2545065.250115585979074 ], [ 160172.01268740784144, 2545052.428150658030063 ], [ 160148.745482771482784, 2545051.507787251379341 ], [ 160126.119504670787137, 2545050.612879678141326 ], [ 160058.423747920896858, 2545050.9966642819345 ], [ 160008.967965525109321, 2545054.012225594371557 ], [ 159967.790129118773621, 2545053.132665618788451 ], [ 159947.339929498499259, 2545046.067676360718906 ], [ 159939.967477254627738, 2545040.770551417488605 ], [ 159913.246359587763436, 2545021.57127572176978 ], [ 159900.732554264366627, 2545012.579998294822872 ], [ 159881.431759376893751, 2545001.84425495006144 ], [ 159866.882770958065521, 2544990.216270902659744 ], [ 159848.862321014807094, 2544964.348459098022431 ], [ 159829.10613313713111, 2544931.360686561092734 ], [ 159825.318395764857996, 2544925.036072625778615 ], [ 159811.797631709254347, 2544902.459800213109702 ], [ 159797.378287618572358, 2544846.139923365786672 ], [ 159792.131583671609405, 2544717.453865188639611 ], [ 159793.883792879933026, 2544691.800625961273909 ], [ 159794.57864720618818, 2544681.626623751129955 ], [ 159794.787987948628142, 2544653.000514045357704 ], [ 159802.18018758262042, 2544586.859996582381427 ], [ 159826.112961638893466, 2544474.268324950244278 ], [ 159825.576393785071559, 2544448.042604708578438 ], [ 159823.580431202193722, 2544428.207333352882415 ], [ 159807.586451284121722, 2544384.806788048241287 ], [ 159791.090406277973671, 2544355.727457040920854 ], [ 159776.476568295562174, 2544340.920499235391617 ], [ 159746.763088461768348, 2544326.422515192069113 ], [ 159647.405105896759778, 2544288.702890781220049 ], [ 159577.646681620914023, 2544259.918241847772151 ], [ 159506.363945529854391, 2544234.344954044558108 ], [ 159404.800485173007473, 2544205.41576288593933 ], [ 159309.037799925077707, 2544162.438952418975532 ], [ 159235.618775487411767, 2544135.73226849315688 ], [ 159183.612517358909827, 2544124.375660816207528 ], [ 159185.439831440453418, 2544132.184693492949009 ], [ 159187.017495609587058, 2544138.91369241848588 ], [ 159188.595046198985074, 2544145.642250386066735 ], [ 159190.203493350360077, 2544152.370440769940615 ], [ 159191.781144715787377, 2544159.098996493499726 ], [ 159193.363856121897697, 2544166.078041516244411 ], [ 159194.941405544581357, 2544172.806710453238338 ], [ 159196.549951557593886, 2544179.534898684825748 ], [ 159198.127601766202133, 2544186.263565371744335 ], [ 159199.272289880726021, 2544193.251650498714298 ], [ 159200.443019171128981, 2544199.988874134141952 ], [ 159201.58770371414721, 2544206.976848452817649 ], [ 159202.758426913467702, 2544213.713850472588092 ], [ 159203.903107896272559, 2544220.70171396387741 ], [ 159205.042437183787115, 2544227.43987099500373 ], [ 159206.218209645012394, 2544234.426918954588473 ], [ 159207.35773560468806, 2544241.164738876279444 ], [ 159208.533404376474209, 2544248.151789177209139 ], [ 159209.673036931606475, 2544254.889828444924206 ], [ 159210.817717334255576, 2544261.877802792936563 ], [ 159211.988641503674444, 2544268.614800224546343 ], [ 159213.133113106247038, 2544275.602668422274292 ], [ 159214.304041247349232, 2544282.339887507725507 ], [ 159215.448414191720076, 2544289.327979720663279 ], [ 159216.588031107792631, 2544296.06546486960724 ], [ 159217.764111108379439, 2544303.052727590780705 ], [ 159218.903329049528111, 2544309.790776219684631 ], [ 159220.079202733060811, 2544316.778043607249856 ], [ 159221.224083668435924, 2544323.766013366635889 ], [ 159222.363495261408389, 2544330.503614043816924 ], [ 159223.539159581821878, 2544337.490775283426046 ], [ 159224.678680280107073, 2544344.228706129826605 ], [ 159225.823561680561397, 2544351.216786756645888 ], [ 159226.994273698190227, 2544357.953788942657411 ], [ 159228.138638416770846, 2544364.941770395729691 ], [ 159229.309454493923113, 2544371.678881069645286 ], [ 159230.454233686206862, 2544378.667074891272932 ], [ 159231.59384386765305, 2544385.404560134746134 ], [ 159232.769403792684898, 2544392.391834582202137 ], [ 159233.909012933669146, 2544399.129319841042161 ], [ 159235.084784589300398, 2544406.116922149900347 ], [ 159236.224500325566623, 2544412.854626754298806 ], [ 159237.369068648084067, 2544419.842714453116059 ], [ 159238.539885489270091, 2544426.580046847462654 ], [ 159239.684447745152283, 2544433.56791290268302 ], [ 159240.855148343020119, 2544440.304693500511348 ], [ 159241.999919823021628, 2544447.29277655063197 ], [ 159236.288105895393528, 2544451.166093644220382 ], [ 159230.613045976904687, 2544455.288297237362713 ], [ 159224.902056174993049, 2544459.161489993799478 ], [ 159219.195499623194337, 2544463.284523567184806 ], [ 159213.515507392992731, 2544467.157019012141973 ], [ 159207.809059316117782, 2544471.280055386479944 ], [ 159202.129072734271176, 2544475.152555891312659 ], [ 159196.417476264701691, 2544479.025553702376783 ], [ 159190.711144612112548, 2544483.148817122913897 ], [ 159185.03105881420197, 2544487.021105913911015 ], [ 159179.324535303050652, 2544491.144711587578058 ], [ 159173.64465284725884, 2544495.016668307129294 ], [ 159167.933280776836909, 2544498.889895910397172 ], [ 159162.226750967209227, 2544503.012844277080148 ], [ 159156.546586660726462, 2544506.885591432917863 ], [ 159150.840680950379465, 2544511.008641803637147 ], [ 159145.129112455237191, 2544514.881773439701647 ], [ 159139.448843895108439, 2544518.754087201785296 ], [ 159133.742541497573256, 2544522.877376231364906 ], [ 159128.031184176215902, 2544526.750400030519813 ], [ 159122.355987085611559, 2544530.873210910707712 ], [ 159116.644630402384792, 2544534.746018158271909 ], [ 159110.969434150960296, 2544538.868612455669791 ], [ 159105.258190780354198, 2544542.741644138004631 ], [ 159098.723536107689142, 2544544.628291822969913 ], [ 159095.479207202384714, 2544545.564774787519127 ], [ 159092.1888751477818, 2544546.514610048383474 ], [ 159085.659489433106501, 2544548.651637895964086 ], [ 159079.124630870297551, 2544550.538188542239368 ], [ 159072.590289194020443, 2544552.424841421190649 ], [ 159066.055843623355031, 2544554.31138886930421 ], [ 159059.526253200427163, 2544556.448211931157857 ], [ 159052.991605025075842, 2544558.334770117420703 ], [ 159046.487949831411242, 2544560.220628540031612 ], [ 159039.95340677240165, 2544562.107190476730466 ], [ 159033.423826944199391, 2544564.244247430935502 ], [ 159026.889491745154373, 2544566.130810835398734 ], [ 159020.35484741005348, 2544568.017273406498134 ], [ 159013.820201830880251, 2544569.903628226835281 ], [ 159007.290732725639828, 2544572.040805912110955 ], [ 159000.756092262046877, 2544573.927277656737715 ], [ 158994.2215581885539, 2544575.813860937487334 ], [ 158987.68692776869284, 2544577.700671248603612 ], [ 158981.152288546029013, 2544579.587041290011257 ], [ 158974.622918961395044, 2544581.723788644652814 ], [ 158968.088082137110177, 2544583.610391103196889 ], [ 158961.553454325941857, 2544585.497102793306112 ], [ 158955.01892285712529, 2544587.383482701610774 ], [ 158948.489463758596685, 2544589.520577107090503 ], [ 158941.95493741647806, 2544591.407073960173875 ], [ 158935.451611800468527, 2544593.292976971715689 ], [ 158928.916990361234639, 2544595.179703881964087 ], [ 158922.387326567259151, 2544597.316593520808965 ], [ 158915.852702711999882, 2544599.20310487691313 ], [ 158909.318285360117443, 2544601.089614602737129 ], [ 158902.783461298618931, 2544602.976247529499233 ], [ 158896.254108423891012, 2544605.113031604327261 ], [ 158889.719286963460036, 2544606.999670653603971 ], [ 158883.043842307059094, 2544609.720713134389371 ], [ 158882.040177804825362, 2544615.670512402895838 ], [ 158881.061250884551555, 2544621.235304965171963 ], [ 158879.746144263946917, 2544628.989207769278437 ], [ 158878.601454410760198, 2544635.773639221675694 ], [ 158877.45221182575915, 2544642.307569359429181 ], [ 158876.307214657193981, 2544649.091897506266832 ], [ 158875.163052595569752, 2544655.876761437393725 ], [ 158874.013101152144372, 2544662.410930323880166 ], [ 158872.868929570366163, 2544669.19524062378332 ], [ 158871.724454169918317, 2544675.979669019579887 ], [ 158870.574404606595635, 2544682.513841049280018 ], [ 158869.430140019045211, 2544689.298376142047346 ], [ 158868.285358830471523, 2544696.082701501436532 ], [ 158867.135934528370854, 2544702.617081988137215 ], [ 158865.991364152403548, 2544709.401514045894146 ], [ 158864.846998063090723, 2544716.185830890666693 ], [ 158863.697260313550942, 2544722.719775830861181 ], [ 158862.552902294381056, 2544729.504314853344113 ], [ 158861.408443199936301, 2544736.28885648585856 ], [ 158860.258817583962809, 2544742.823021552059799 ], [ 158859.114048647985328, 2544749.607349044643342 ], [ 158857.969491542666219, 2544756.391893792897463 ], [ 158856.819975555641577, 2544762.926168155390769 ], [ 158855.675621700880583, 2544769.710487134288996 ], [ 158854.531069175805897, 2544776.495032683946192 ], [ 158853.381349924777169, 2544783.029201650992036 ], [ 158852.236900568124838, 2544789.813634600955993 ], [ 158851.092452750192024, 2544796.598067799117416 ], [ 158849.942732963769231, 2544803.132015904411674 ], [ 158848.79819059750298, 2544809.916673623025417 ], [ 158846.741269295744132, 2544816.469324460253119 ], [ 158844.658011892344803, 2544823.272956823930144 ], [ 158842.600892401882447, 2544829.825724262744188 ], [ 158840.512881495524198, 2544836.378971594851464 ], [ 158838.455969215952791, 2544842.931624655146152 ], [ 158836.372828742896672, 2544849.735478648450226 ], [ 158834.31592603540048, 2544856.288354505319148 ], [ 158832.629149931832217, 2544862.582891323138028 ], [ 158830.94765219517285, 2544869.12802479416132 ], [ 158829.26098744221963, 2544875.422781785484403 ], [ 158827.574317001213785, 2544881.717206706758589 ], [ 158825.924026330409106, 2544888.261855083983392 ], [ 158824.237364612985402, 2544894.556502465158701 ], [ 158822.550607153621968, 2544900.851374250371009 ], [ 158820.869220844178926, 2544907.396397072821856 ], [ 158819.18236949929269, 2544913.69149366999045 ], [ 158817.500979461648967, 2544920.236184828449041 ], [ 158815.814226895512547, 2544926.530947442632169 ], [ 158814.127781508897897, 2544932.82559263985604 ], [ 158812.477498335123528, 2544939.369911825284362 ], [ 158810.790959060774185, 2544945.664781830273569 ], [ 158809.104414086206816, 2544951.959319771733135 ], [ 158807.422529832401779, 2544958.50435755122453 ], [ 158805.735996098490432, 2544964.799228793010116 ], [ 158799.48811286338605, 2544966.930468785576522 ], [ 158793.214094424329232, 2544969.312466512434185 ], [ 158786.966209107544273, 2544971.4434904884547 ], [ 158780.686823683383409, 2544973.5753432395868 ], [ 158774.444011230661999, 2544975.956863068509847 ], [ 158771.459748192108236, 2544976.970029787626117 ], [ 158768.16483150672866, 2544978.088606013916433 ], [ 158761.922222450957634, 2544980.46990520786494 ], [ 158755.642940566118341, 2544982.601545353420079 ], [ 158749.395174238132313, 2544984.732916468288749 ], [ 158743.121068391308654, 2544987.115050221793354 ], [ 158736.873094768787269, 2544989.24621000373736 ], [ 158737.765166046621744, 2544996.778827162925154 ], [ 158738.495056420448236, 2545002.73487075092271 ], [ 158739.28532824566355, 2545009.229564870242029 ], [ 158740.112161908124108, 2545015.973479892592877 ], [ 158740.90739630087046, 2545022.718444936908782 ], [ 158741.734232043963857, 2545029.462470803875476 ], [ 158742.52450049755862, 2545035.957054095808417 ], [ 158743.319724239117932, 2545042.701575847808272 ], [ 158744.146464249468409, 2545049.445936524309218 ], [ 158744.941792694095057, 2545056.190566767472774 ], [ 158745.768424630805384, 2545062.934708125889301 ], [ 158746.558379192545544, 2545069.429076756816357 ], [ 158747.385013191087637, 2545076.173328953329474 ], [ 158748.180243254813831, 2545082.918183191213757 ], [ 158749.007177132356446, 2545089.662095902953297 ], [ 158749.802506861859001, 2545096.406836999114603 ], [ 158750.5928758981172, 2545102.901417977176607 ], [ 158751.419603892078158, 2545109.645335353445262 ], [ 158752.214938068180345, 2545116.390298093669116 ], [ 158753.041465412359685, 2545123.134441792499274 ], [ 158753.831728478427976, 2545129.628914290107787 ], [ 158754.65825286792824, 2545136.372947175055742 ], [ 158755.453783917764667, 2545143.117572781164199 ], [ 158753.485498582769651, 2545149.418078009504825 ], [ 158751.51711522124242, 2545155.718696942552924 ], [ 158749.522904241865035, 2545162.269953730981797 ], [ 158747.554627687786706, 2545168.570571363437921 ], [ 158745.586250572756398, 2545174.871191810350865 ], [ 158743.6181758150924, 2545181.171473277267069 ], [ 158741.649802817963064, 2545187.472094768192619 ], [ 158739.681842378340662, 2545193.772707423195243 ], [ 158737.687539056758396, 2545200.323858856223524 ], [ 158735.719172311539296, 2545206.624481860548258 ], [ 158733.750905219290871, 2545212.924881410785019 ], [ 158727.393139706691727, 2545215.809703836217523 ], [ 158720.999314401880838, 2545218.444742592982948 ], [ 158714.641445396933705, 2545221.329351694788784 ], [ 158708.247516357456334, 2545223.964177126530558 ], [ 158701.889656547864433, 2545226.849013897590339 ], [ 158698.950137325387914, 2545228.243194577284157 ], [ 158696.959777678188402, 2545234.614295185077935 ], [ 158690.601924161717761, 2545237.49913761857897 ], [ 158684.208112785534468, 2545240.134194013196975 ], [ 158677.850255859084427, 2545243.018709970172495 ], [ 158671.456340749340598, 2545245.653553046751767 ], [ 158665.098493006429635, 2545248.538296647835523 ], [ 158658.740642355231103, 2545251.422821586951613 ], [ 158652.346838330617175, 2545254.057782193645835 ], [ 158645.988891714892816, 2545256.942426309920847 ], [ 158639.631357695383485, 2545259.827064086683095 ], [ 158633.237249260942917, 2545262.461929868906736 ], [ 158626.879411538713612, 2545265.346580642275512 ], [ 158620.485417193849571, 2545267.981782591436058 ], [ 158614.127683709491976, 2545270.866326216608286 ], [ 158607.239208753162529, 2545270.756656349170953 ], [ 158600.350640668533742, 2545270.647435291670263 ], [ 158593.430871337419376, 2545270.538704270031303 ], [ 158586.542297096573748, 2545270.429267838597298 ], [ 158579.653922456782311, 2545270.319608207792044 ], [ 158572.765554803248961, 2545270.21028419630602 ], [ 158565.877086486434564, 2545270.101076497230679 ], [ 158558.957101501931902, 2545269.992033451329917 ], [ 158552.068632040405646, 2545269.882832041941583 ], [ 158545.180262094421778, 2545269.773520617280155 ], [ 158538.291678797162604, 2545269.663884493522346 ], [ 158531.403310244437307, 2545269.554690167307854 ], [ 158524.483425016398542, 2545269.445660564582795 ], [ 158517.59495267906459, 2545269.336474861484021 ], [ 158510.706574861542322, 2545269.226957483682781 ], [ 158503.817991215444636, 2545269.117447889409959 ], [ 158496.929509627865627, 2545269.007939119823277 ], [ 158490.009626541577745, 2545268.89914694102481 ], [ 158483.121354082075413, 2545268.789861457888037 ], [ 158476.23266553907888, 2545268.680366762448102 ], [ 158469.344289308472071, 2545268.571089887991548 ], [ 158462.455799822637346, 2545268.461375161074102 ], [ 158455.535813781316392, 2545268.352711933199316 ], [ 158448.647435835388023, 2545268.24344448838383 ], [ 158441.758842020528391, 2545268.133741503581405 ], [ 158434.870360321656335, 2545268.024482673034072 ], [ 158427.982080745743588, 2545267.915111469570547 ], [ 158421.093487717793323, 2545267.805528741329908 ], [ 158414.173600860754959, 2545267.696882113348693 ], [ 158407.285216981486883, 2545267.58752267062664 ], [ 158400.396629793161992, 2545267.478281879331917 ], [ 158393.50813710456714, 2545267.368709387257695 ], [ 158386.61974897433538, 2545267.259248517919332 ], [ 158379.699854202859569, 2545267.150396028067917 ], [ 158372.811257174995262, 2545267.040835297200829 ], [ 158365.922769754251931, 2545266.931607855018228 ], [ 158359.034274181700312, 2545266.822051089257002 ], [ 158352.145683014183305, 2545266.712832255288959 ], [ 158345.226195841445588, 2545266.603986188769341 ], [ 158338.33739575301297, 2545266.494667495135218 ], [ 158331.449205757991876, 2545266.385116298217326 ], [ 158324.560399486683309, 2545266.275582197587937 ], [ 158317.672213405370712, 2545266.166258941404521 ], [ 158310.752310359268449, 2545266.057327141053975 ], [ 158303.86361003172351, 2545265.948021822143346 ], [ 158296.975322129321285, 2545265.838821145705879 ], [ 158292.732701211876702, 2545260.416495793033391 ], [ 158288.489874670980498, 2545254.99428676487878 ], [ 158284.246842539811041, 2545249.572194084059447 ], [ 158280.035626537166536, 2545244.149711492471397 ], [ 158275.79298901790753, 2545238.727167817298323 ], [ 158271.550155971839558, 2545233.305183821823448 ], [ 158267.307412563066464, 2545227.882754996884614 ], [ 158263.064773922669701, 2545222.460546344518661 ], [ 158258.821932177350391, 2545217.038564858492464 ], [ 158254.579185144393705, 2545211.616360213141888 ], [ 158250.367743755166885, 2545206.193888131994754 ], [ 158246.125083473452833, 2545200.771239509806037 ], [ 158241.882325235230383, 2545195.348926538601518 ], [ 158237.644648610148579, 2545190.177327287849039 ], [ 158232.717083858849946, 2545183.879713178146631 ], [ 158229.159020203107502, 2545179.332929582800716 ], [ 158224.916560830490198, 2545173.910723820794374 ], [ 158220.704986650671344, 2545168.487816585227847 ], [ 158216.462316246819682, 2545163.065617164596915 ], [ 158212.219337646907661, 2545157.64353640563786 ], [ 158207.976869216770865, 2545152.221444841008633 ], [ 158203.734082479961216, 2545146.799028616864234 ], [ 158199.491405566630419, 2545141.377054240554571 ], [ 158195.248507917800453, 2545135.954531187191606 ], [ 158191.036921143298969, 2545130.531962258275598 ], [ 158186.79443323565647, 2545125.109653228893876 ], [ 158182.551434370339848, 2545119.68757834751159 ], [ 158178.308843088219874, 2545114.265494991093874 ], [ 158171.535107646835968, 2545113.652855040505528 ], [ 158164.730482984858099, 2545113.040920525789261 ], [ 158157.962031368282624, 2545112.678773195948452 ], [ 158151.188087804301176, 2545112.066146870143712 ], [ 158144.383450139430352, 2545111.453778011258692 ], [ 158137.609607177902944, 2545110.841155319940299 ], [ 158130.836278817674611, 2545110.228634777944535 ], [ 158124.062749260396231, 2545109.616343541070819 ], [ 158117.262673243239988, 2545109.254378879908472 ], [ 158110.489236832945608, 2545108.641758806537837 ], [ 158103.715699335152749, 2545108.029254847671837 ], [ 158096.910756987868808, 2545107.417357311584055 ], [ 158090.137109808681998, 2545106.804639990907162 ], [ 158083.36865114182001, 2545106.44263644143939 ], [ 158076.563803431112319, 2545105.830523891374469 ], [ 158069.790055789402686, 2545105.218039546627551 ], [ 158063.016512397909537, 2545104.605553503613919 ], [ 158056.243065548827872, 2545103.992846431210637 ], [ 158053.456804824236315, 2545103.742305672727525 ], [ 158049.43791102495743, 2545103.380974540952593 ], [ 158042.669329339987598, 2545103.018326297868043 ], [ 158035.895984748727642, 2545102.405736703425646 ], [ 158029.091027507092804, 2545101.793647465761751 ], [ 158022.317277993424796, 2545101.181405640672892 ], [ 158015.543825250817463, 2545100.568716483190656 ], [ 158008.743945507623721, 2545100.207016991917044 ], [ 158001.970185522921383, 2545099.594451641663909 ], [ 157995.196932599123102, 2545098.981655929703265 ], [ 157988.423175658565015, 2545098.369318199343979 ], [ 157981.618106335634366, 2545097.757141451351345 ], [ 157975.671013963583391, 2545097.219367748126388 ], [ 157972.610380424652249, 2545101.795726926997304 ], [ 157968.874649219796993, 2545107.381450206972659 ], [ 157965.107607135432772, 2545112.96722200512886 ], [ 157961.371671638102271, 2545118.552730929572135 ], [ 157957.636052019952331, 2545124.138455820735544 ], [ 157953.900427841756027, 2545129.723849528003484 ], [ 157950.164601396943908, 2545135.309249212965369 ], [ 157946.428780480346177, 2545140.894761051051319 ], [ 157942.693167768942658, 2545146.480269526131451 ], [ 157939.87024363828823, 2545150.795077381189913 ], [ 157923.857122454734053, 2545211.28798437025398 ], [ 157907.45329484785907, 2545229.336022407282144 ], [ 157873.309201882511843, 2545248.251835882663727 ], [ 157870.661921299004462, 2545251.025531082879752 ], [ 157835.29325927834725, 2545270.383598492015153 ], [ 157762.076505558332428, 2545295.317157791927457 ], [ 157649.523321831889916, 2545323.162559895310551 ], [ 157567.796784014382865, 2545343.115477392449975 ], [ 157533.938617342966609, 2545355.8279675161466 ], [ 157512.951470258180052, 2545363.654563434422016 ], [ 157506.229140381328762, 2545366.161472198553383 ], [ 157473.786403826437891, 2545386.858341593295336 ], [ 157434.233139344025403, 2545414.962727332487702 ], [ 157393.172130906546954, 2545459.625051868613809 ], [ 157360.979656212904956, 2545507.834156068973243 ], [ 157355.027007003838662, 2545516.748503271490335 ], [ 157278.083118357113563, 2545548.623409625142813 ], [ 157166.970501715142746, 2545583.225732432212681 ], [ 156987.174835285171866, 2545639.217154482845217 ], [ 156870.512398784048855, 2545593.27588122151792 ], [ 156746.368326321942732, 2545544.232045102864504 ], [ 156473.292588669573888, 2545192.482054746244103 ], [ 156469.502594294259325, 2545187.638399255927652 ], [ 156506.34774991706945, 2545109.920663191005588 ], [ 156537.916796995792538, 2545099.215558496303856 ], [ 156542.377801751892548, 2545097.702778002712876 ], [ 156651.736376082932111, 2545060.618633466307074 ], [ 156651.549147973128129, 2545051.468748126644641 ], [ 156649.057379967707675, 2544929.707853154744953 ], [ 156639.878471699426882, 2544889.578959745820612 ], [ 156635.638167345954571, 2544871.01208697957918 ], [ 156610.637105995963793, 2544761.539912072941661 ], [ 156607.60822521004593, 2544748.277165633160621 ], [ 156547.493182456877548, 2544485.049610340036452 ], [ 156413.722233314416371, 2544212.974521385505795 ], [ 156378.669693631003611, 2544141.681229341309518 ], [ 156147.004806283104699, 2544115.620121744461358 ], [ 156048.481897176592611, 2543998.61305726878345 ], [ 155981.177376741135959, 2543918.681356077082455 ], [ 155851.937881454068702, 2543979.698162343353033 ], [ 155691.212330282723997, 2544055.580274964682758 ], [ 155301.25622372829821, 2543824.661982197780162 ], [ 155214.038201835763175, 2543703.241748283617198 ], [ 155207.279849874495994, 2543698.061371909454465 ], [ 155203.705740199249703, 2543695.32179189985618 ], [ 155057.48405878758058, 2543583.239268012810498 ], [ 155025.635357271356042, 2543588.648943330626935 ], [ 154850.167704492341727, 2543618.281276025343686 ], [ 154651.838994106918108, 2543714.741740913130343 ], [ 154524.84425274055684, 2543532.531853645574301 ], [ 154408.335352802067064, 2543354.189818934071809 ], [ 154405.541863462131005, 2543349.913797126617283 ], [ 154227.123707156919409, 2543291.960380846634507 ], [ 153920.60985778743634, 2543331.67082176823169 ], [ 153910.794536912580952, 2543332.94245504681021 ], [ 153873.656493233400397, 2543337.753981232643127 ], [ 153876.493065430375282, 2543476.427731895353645 ], [ 153884.261995081382338, 2543796.55330973630771 ], [ 153829.528785628150217, 2544390.913418961688876 ], [ 153814.057699780270923, 2544457.057248477824032 ], [ 153808.458629632019438, 2544480.994381804019213 ], [ 153783.094774153083563, 2544486.445691074710339 ], [ 153602.506807828496676, 2544522.199058539234102 ], [ 153459.776067092025187, 2544541.021256636362523 ], [ 153329.070647265471052, 2544527.885382524691522 ], [ 153251.35076054057572, 2544457.826305663213134 ], [ 153217.609087538847234, 2544363.105870248284191 ], [ 153154.262393062119372, 2544181.531360670924187 ], [ 153056.767947173444554, 2543885.367097996175289 ], [ 152975.231819045962766, 2543698.801715451292694 ], [ 152850.006648990674876, 2543453.197028385475278 ], [ 152862.723342911573127, 2543321.96705328905955 ], [ 152707.122709892049897, 2542870.637039770372212 ], [ 152713.243461524369195, 2542793.382628108374774 ], [ 152713.161590640142094, 2542789.377041909843683 ], [ 152709.210165887023322, 2542596.133558596950024 ], [ 152710.390813443867955, 2542566.165913199540228 ], [ 152682.669720965379383, 2542567.741955115925521 ], [ 152610.114602388523053, 2542583.802257467061281 ], [ 152545.649828551569954, 2542607.143722163978964 ], [ 152286.521669999405276, 2542676.848764452617615 ], [ 152223.26316304464126, 2542694.220382657833397 ], [ 152195.605841693875846, 2542701.815559099894017 ], [ 152142.622319844143931, 2542716.365557144396007 ], [ 152017.829620498756412, 2542757.082098994404078 ], [ 151893.62200956052402, 2542826.410020536743104 ], [ 151861.596713690843899, 2542873.549818313214928 ], [ 151791.735966720269062, 2542976.381755780428648 ], [ 151764.108754195971414, 2543040.469044024124742 ], [ 151742.634410018334165, 2543068.791371120605618 ], [ 151731.231838218867779, 2543089.809831591788679 ], [ 151737.462850876152515, 2543096.819643684662879 ], [ 151694.531586302968208, 2543175.474805662874132 ], [ 151655.856578481907491, 2543246.634477794636041 ], [ 151628.799506010778714, 2543307.289441281463951 ], [ 151593.015816017810721, 2543386.653534847777337 ], [ 151577.295320118253585, 2543421.53349325619638 ], [ 151575.240680878749117, 2543429.536360241938382 ], [ 151548.792471287189983, 2543493.927396208979189 ], [ 151543.382953437743708, 2543503.6144122579135 ], [ 151535.651015174458735, 2543526.561174656264484 ], [ 151534.954591288871597, 2543538.588578800670803 ], [ 151527.139813185087405, 2543555.032162505667657 ], [ 151516.334578645648435, 2543565.020296145230532 ], [ 151506.468637831741944, 2543574.537442143540829 ], [ 151496.35606529947836, 2543585.478105366230011 ], [ 151486.989589560485911, 2543594.018242958933115 ], [ 151476.844529156805947, 2543603.369439403992146 ], [ 151473.513281630643178, 2543605.976033516228199 ], [ 151465.888575650693383, 2543611.942208226770163 ], [ 151450.163918672769796, 2543620.612290336284786 ], [ 151432.014325687545352, 2543627.344356212764978 ], [ 151423.408898111782037, 2543628.646295606158674 ], [ 151402.945744941476732, 2543637.905089813750237 ], [ 151370.893186818051618, 2543646.040124043356627 ], [ 151366.446794728050008, 2543648.165579139254987 ], [ 151349.668459524633363, 2543656.988176018930972 ], [ 151329.474824706150685, 2543667.606622835155576 ], [ 151304.724089308641851, 2543682.027220455929637 ], [ 151278.862467081984505, 2543700.446006017271429 ], [ 151216.434522810741328, 2543747.237428050022572 ], [ 151196.839232586033177, 2543761.924718883819878 ], [ 151174.096800407045521, 2543784.880321501288563 ], [ 151151.085798616171815, 2543819.909301681444049 ], [ 151127.208278295700438, 2543856.959545909892768 ], [ 151109.770223067956977, 2543896.6328583965078 ], [ 151048.996330168098211, 2544047.378841150086373 ], [ 151021.924026632506866, 2544107.283252401277423 ], [ 151005.408699899504427, 2544147.688576975371689 ], [ 150973.594531702168752, 2544197.673321112524718 ], [ 150936.089136090187822, 2544238.75880235247314 ], [ 150896.759268760913983, 2544277.878218737896532 ], [ 150853.603781762649305, 2544310.56480276491493 ], [ 150818.701933043659665, 2544333.566844191402197 ], [ 150804.988509360991884, 2544342.612035577185452 ], [ 150798.547723653318826, 2544345.719314972870052 ], [ 150761.623797577049118, 2544363.533400718588382 ], [ 150748.906983891385607, 2544370.805343538988382 ], [ 150740.395188035792671, 2544375.717902564443648 ], [ 150708.041638420603704, 2544385.602815879043192 ], [ 150696.623209779441822, 2544391.004549037665129 ], [ 150678.595491920597851, 2544403.697555178776383 ], [ 150663.398281270754524, 2544418.717968606390059 ], [ 150653.666966688295361, 2544428.8558478676714 ], [ 150641.275870153913274, 2544445.011437783483416 ], [ 150615.018778004625347, 2544482.143326945137233 ], [ 150612.618810596701223, 2544484.281614766921848 ], [ 150574.10427476366749, 2544518.877002213150263 ], [ 150555.445994372188579, 2544544.802033540792763 ], [ 150530.773858277651016, 2544587.378129479009658 ], [ 150498.84718674555188, 2544631.855790378060192 ], [ 150461.45837682695128, 2544695.477287308778614 ], [ 150423.392723501950968, 2544756.608406409155577 ], [ 150421.090781635895837, 2544760.300890056416392 ], [ 150402.022162632376421, 2544765.48466911399737 ], [ 150394.115011879592203, 2544767.634290894493461 ], [ 150384.691571506147739, 2544773.392931097187102 ], [ 150371.43254605086986, 2544785.988390917424113 ], [ 150364.681140299129765, 2544791.022632813081145 ], [ 150358.700158633233514, 2544795.482370987534523 ], [ 150305.44407403387595, 2544825.106349306646734 ], [ 150273.605482310696971, 2544842.852748191915452 ], [ 150248.019118919444736, 2544855.302948466967791 ], [ 150222.0680632343865, 2544869.350834714248776 ], [ 150201.566686902602669, 2544877.721473989542574 ], [ 150100.899691217346117, 2544912.381129350978881 ], [ 150060.666975147963967, 2544927.913960169069469 ], [ 150038.113468142459169, 2544933.14621295966208 ], [ 150030.448591843422037, 2544934.790261359419674 ], [ 149982.0577347651124, 2544957.431890843436122 ], [ 149958.626754189492203, 2544970.262302574701607 ], [ 149908.14580339071108, 2544997.904873572755605 ], [ 149854.135703939304221, 2545039.560864695813507 ], [ 149845.042437634721864, 2545048.357892287895083 ], [ 149839.444468587462325, 2545053.773428440093994 ], [ 149835.176707775099203, 2545060.143747235648334 ], [ 149826.917574783496093, 2545090.042741700541228 ], [ 149824.99543789785821, 2545097.001296904869378 ], [ 149824.035850112966727, 2545101.6284378929995 ], [ 149821.316667622770183, 2545115.281022989191115 ], [ 149813.724570895428769, 2545153.80328482016921 ], [ 149804.574047850852367, 2545200.233023715205491 ], [ 149808.432160956785083, 2545260.256247047334909 ], [ 149821.070547649229411, 2545366.929469068069011 ], [ 149836.818458541878499, 2545471.034721619915217 ], [ 149838.635115442622919, 2545489.794260597322136 ], [ 149856.810566862754058, 2545558.712904806248844 ], [ 149874.164951929706149, 2545589.7880156384781 ], [ 149877.444647233991418, 2545595.66069489531219 ], [ 149916.257340090873186, 2545656.625231539364904 ], [ 149925.914531970571261, 2545671.794142582919449 ], [ 149946.364561395719647, 2545705.097862328402698 ], [ 149960.093140973418485, 2545728.24903930677101 ], [ 149966.910203574225307, 2545742.712828269228339 ], [ 150013.828597626532428, 2545819.625470454804599 ], [ 150031.276092923304532, 2545844.428050996735692 ], [ 150045.666013462410774, 2545867.655469736550003 ], [ 150050.269280843436718, 2545882.138228726573288 ], [ 150050.448236894560978, 2545890.880851081572473 ], [ 150050.642099634394981, 2545900.351720542181283 ], [ 150049.815863859665114, 2545912.859754448756576 ], [ 150047.589296643564012, 2545929.236998164560646 ], [ 150030.770172674325295, 2545965.361211323179305 ], [ 150021.715853213565424, 2545992.381595198530704 ], [ 150002.751437571481802, 2546021.212881909217685 ], [ 149998.515465461008716, 2546027.652984625659883 ], [ 149982.839201438531745, 2546051.485435302369297 ], [ 149880.413406874227803, 2546142.63484469614923 ], [ 149798.876899878378026, 2546197.391859297640622 ], [ 149738.44747760205064, 2546224.25810207799077 ], [ 149624.68299946654588, 2546259.982090975623578 ], [ 149564.053215743100736, 2546277.644288887735456 ], [ 149439.729939023614861, 2546313.861167092807591 ], [ 149389.523049434879795, 2546332.132634323555976 ], [ 149335.551358396653086, 2546351.774361228104681 ], [ 149301.668728045246098, 2546366.780251641292125 ], [ 149213.011372739158105, 2546386.088020221795887 ], [ 149168.115721596055664, 2546406.885208032559603 ], [ 149118.842195772274863, 2546420.996823119930923 ], [ 149112.801857765822206, 2546422.726849004160613 ], [ 149099.344091236474924, 2546426.581044915132225 ], [ 149045.446693688514642, 2546440.347345067653805 ], [ 148987.152349641837645, 2546461.477991376072168 ], [ 148923.23067176155746, 2546485.050075311213732 ], [ 148911.703455369162839, 2546489.937051493674517 ], [ 148875.934282643953338, 2546505.101438925135881 ], [ 148811.006205709883943, 2546518.357609762810171 ], [ 148767.455817438836675, 2546527.200641303323209 ], [ 148723.95433139486704, 2546538.427983765490353 ], [ 148653.706875625648536, 2546563.72001207433641 ], [ 148594.659108455234673, 2546587.125527692493051 ], [ 148560.638420698523987, 2546600.610872395802289 ], [ 148524.760453678434715, 2546615.260280787013471 ], [ 148417.126778819889296, 2546659.207969059236348 ], [ 148321.901744259288535, 2546707.275037578307092 ], [ 148313.845552595274057, 2546709.740516943857074 ], [ 148263.429442726832349, 2546725.169937516562641 ], [ 148224.696552704146598, 2546736.299740108195692 ], [ 148181.504017675877549, 2546762.628059669863433 ], [ 148149.894878083257936, 2546787.688435022253543 ], [ 148142.383131922862958, 2546793.643800968769938 ], [ 148018.464251803001389, 2546838.322972905822098 ], [ 147952.077745610440616, 2546853.31345298839733 ], [ 147925.435903309378773, 2546859.329277294222265 ], [ 147903.905186197836883, 2546832.366757326759398 ], [ 147859.705431729322299, 2546763.652477491181344 ], [ 147792.229467726079747, 2546686.399303142912686 ], [ 147749.042816697445232, 2546644.2098902547732 ], [ 147738.185124764393549, 2546633.612053095363081 ], [ 147692.249522179539781, 2546588.775716108269989 ], [ 147635.836881547700614, 2546533.584288137964904 ], [ 147495.376293704146519, 2546279.76931060757488 ], [ 147313.241632904566359, 2546027.05773374857381 ], [ 147308.117855591117404, 2546019.900166500359774 ], [ 147239.782176829641685, 2545954.183769517578185 ], [ 147178.49046986043686, 2545895.378431117162108 ], [ 147192.333032632945105, 2545882.893204605672508 ], [ 147196.695214256469626, 2545878.958850555121899 ], [ 147245.696513774397317, 2545827.938855707645416 ], [ 147265.819750609225594, 2545774.185242559760809 ], [ 147277.336087954929098, 2545743.339626928325742 ], [ 147292.766445491637569, 2545702.010484418366104 ], [ 147322.312789833580609, 2545606.993257338181138 ], [ 147363.393163032189477, 2545480.054974472150207 ], [ 147388.968641737126745, 2545401.027177453972399 ], [ 147424.141174435149878, 2545195.455139893572778 ], [ 147445.803053401585203, 2545100.599585006479174 ], [ 147450.094035299145617, 2545046.538802738767117 ], [ 147452.074326567351818, 2545021.585896692704409 ], [ 147464.914002919453196, 2544879.579425497446209 ], [ 147464.052819662552793, 2544837.502681195735931 ], [ 147462.178556402272079, 2544745.905721036251634 ], [ 147458.956538515572902, 2544588.451095296535641 ], [ 147457.184143095393665, 2544501.83827041182667 ], [ 147453.776392007479444, 2544466.934586495626718 ], [ 147447.20398745679995, 2544399.61654402082786 ], [ 147430.660738869919442, 2544360.637516940478235 ], [ 147398.214280175161548, 2544313.970074760261923 ], [ 147287.204269772570115, 2544276.923918747808784 ], [ 147167.853781425219495, 2544216.257044741418213 ], [ 147118.548265008896124, 2544165.677008543163538 ], [ 147055.235444155812729, 2544100.608096847776324 ], [ 147050.836698406783398, 2544096.379454800393432 ], [ 146990.956427726894617, 2544038.814534767065197 ], [ 146934.599354042031337, 2543977.109454233199358 ], [ 146885.414365998003632, 2543883.452736379113048 ], [ 146879.144657609169371, 2543856.851530793122947 ], [ 146859.567965104884934, 2543773.791601019445807 ], [ 146834.171525391167961, 2543687.661627346184105 ], [ 146816.660579930117819, 2543601.370579335838556 ], [ 146807.812646824226249, 2543554.470473269466311 ], [ 146801.041830982838292, 2543507.881469372659922 ], [ 146798.668201397929806, 2543491.548886305186898 ], [ 146795.253716689592693, 2543488.363148999866098 ], [ 146750.542827684024815, 2543445.291573665104806 ], [ 146574.553616439108737, 2543315.070780626032501 ], [ 146347.51441104587866, 2543116.369228308089077 ], [ 146301.930645264859777, 2543076.474835879635066 ], [ 146173.245707818539813, 2542945.125211723614484 ], [ 146162.466288134572096, 2542930.820376768708229 ], [ 146108.48554333957145, 2542859.799957874696702 ], [ 146068.026635040121619, 2542805.531743545085192 ], [ 146035.390435923240148, 2542751.103984101675451 ], [ 145970.502965419669636, 2542658.017668449319899 ], [ 145922.481332293595187, 2542619.681588959414512 ], [ 145913.981453059997875, 2542603.577089574653655 ], [ 145906.065714049967937, 2542588.462505148723722 ], [ 145866.91228883707663, 2542574.734178663231432 ], [ 145856.334960623004008, 2542571.025458036456257 ], [ 145842.626954277220648, 2542566.218967192806304 ], [ 145763.412272796500474, 2542544.047562070190907 ], [ 145731.774792311829515, 2542536.93114262400195 ], [ 145683.911370211222675, 2542506.355169214773923 ], [ 145659.641704784356989, 2542475.296771894209087 ], [ 145570.965728695853613, 2542374.682353453710675 ], [ 145514.096428757999092, 2542289.445472513791174 ], [ 145454.47300861729309, 2542245.409835586324334 ], [ 145410.162089223915245, 2542212.683397278189659 ], [ 145274.400259252463002, 2542121.045263680163771 ], [ 145154.890230622258969, 2542052.615748847369105 ], [ 145075.035521133104339, 2541999.152456435840577 ], [ 145035.348924121411983, 2541984.186644019093364 ], [ 145003.869897608587053, 2541984.8298290357925 ], [ 144909.237685734522529, 2541978.75079841632396 ], [ 144829.736560746678151, 2541941.057585205882788 ], [ 144757.925736667530145, 2541895.193276525940746 ], [ 144663.113140003522858, 2541853.314910834655166 ], [ 144638.706601801735815, 2541842.534813057631254 ], [ 144543.787800863909069, 2541820.93384737893939 ], [ 144453.157709200924728, 2541796.240208658855408 ], [ 144409.151260517712217, 2541784.367385565303266 ], [ 144298.77921253797831, 2541778.609936755150557 ], [ 144289.459327922551893, 2541777.654017766937613 ], [ 144235.662097387481481, 2541772.136192543897778 ], [ 144172.672346238279715, 2541773.423692035488784 ], [ 144133.819943212729413, 2541797.759043504018337 ], [ 144079.038096577627584, 2541814.65642764698714 ], [ 144031.787967755983118, 2541815.622446121182293 ], [ 143904.713819211930968, 2541763.123845356982201 ], [ 143833.16591446811799, 2541729.138133650179952 ], [ 143697.973856327065732, 2541664.920712925028056 ], [ 143539.097842505783774, 2541597.294577025342733 ], [ 143459.242387521429919, 2541543.830272911116481 ], [ 143308.220290967961773, 2541476.043404918164015 ], [ 143260.034040163445752, 2541429.695619330275804 ], [ 143227.270291302760597, 2541367.504939979407936 ], [ 143202.519784122589044, 2541312.914108328986913 ], [ 143186.135186109284405, 2541281.694201476871967 ], [ 143172.025228411424905, 2541251.165789061225951 ], [ 143128.457134318479802, 2541156.902311627287418 ], [ 143095.852089206047822, 2541102.472080328501761 ], [ 143071.101533657580148, 2541047.881453276146203 ], [ 143062.280344744387548, 2541000.729050183203071 ], [ 143066.320688056992367, 2540943.102221404202282 ], [ 143068.364511680323631, 2540913.952931175008416 ], [ 143098.237891736731399, 2540834.704545937478542 ], [ 143101.404477187199518, 2540789.656717483419925 ], [ 143110.437773843877949, 2540661.152181937824935 ], [ 143091.480903070652857, 2540504.013647709041834 ], [ 143089.1339152965229, 2540481.408861500676721 ], [ 143081.698428948817309, 2540409.798282777890563 ], [ 143024.660311267420184, 2540316.297734767198563 ], [ 142984.020924304670189, 2540239.126608132384717 ], [ 142952.034489323559683, 2540183.04542143130675 ], [ 142934.700735486345366, 2540152.845752936787903 ], [ 142846.024843835853972, 2540052.227903781924397 ], [ 142773.379316927457694, 2539967.060387931764126 ], [ 142705.454076001711655, 2539919.862585250288248 ], [ 142685.511400045477785, 2539905.994882442988455 ], [ 142644.957745728548616, 2539888.461537958588451 ], [ 142598.118948075280059, 2539868.2107073077932 ], [ 142492.854029563488439, 2539842.600051503628492 ], [ 142479.415554808627348, 2539839.330586362630129 ], [ 142408.570508040604182, 2539840.777412580791861 ], [ 142405.88690252462402, 2539841.908006976824254 ], [ 142330.479418591945432, 2539873.677776208613068 ], [ 142313.938240950170439, 2539886.444226264487952 ], [ 142152.159878184029367, 2540011.305608916562051 ], [ 142013.280731750943232, 2540112.757427781820297 ], [ 141796.768556638562586, 2540270.920659781899303 ], [ 141764.19462101260433, 2540294.716147313825786 ], [ 141652.35140314308228, 2540386.388461638707668 ], [ 141544.583712514606304, 2540474.720287481322885 ], [ 141531.738692103885114, 2540485.24872094579041 ], [ 141515.076181776530575, 2540498.906178808771074 ], [ 141411.392270067241043, 2540583.869739559479058 ], [ 141330.461198626901023, 2540650.188594338018447 ], [ 141172.438709055830259, 2540787.475510876625776 ], [ 141149.812779293453787, 2540807.132529071997851 ], [ 141106.831475669925567, 2540844.473906703293324 ], [ 140998.93851727375295, 2540938.209503139834851 ], [ 140988.349594720173627, 2540947.407100787386298 ], [ 140979.385565814911388, 2540955.193279599305242 ], [ 140893.539335122623015, 2541029.759765097871423 ], [ 140799.356613244453911, 2541111.567425827495754 ], [ 140794.857533841975965, 2541115.475411456543952 ], [ 140773.349492210953031, 2541134.157570253591985 ], [ 140708.927299241477158, 2541190.325956071726978 ], [ 140664.422276594967116, 2541229.129022278822958 ], [ 140530.84119536972139, 2541345.595709080807865 ], [ 140394.203759192081634, 2541464.727599740494043 ], [ 140317.390620893100277, 2541540.968445123638958 ], [ 140118.026186670642346, 2541738.848295733798295 ], [ 140070.036513673665468, 2541786.412259188946337 ], [ 140019.2958227332565, 2541837.770489394199103 ], [ 139938.8237536449451, 2541919.221680222544819 ], [ 139848.094034956360701, 2542011.05553050339222 ], [ 139841.714016731246375, 2542017.513083186000586 ], [ 139792.249676708772313, 2542067.579661578405648 ], [ 139777.846981023380067, 2542084.514641670510173 ], [ 139584.154794310336001, 2542312.261278942227364 ], [ 139500.116650169482455, 2542411.188615137245506 ], [ 139492.35354045056738, 2542420.327219884376973 ], [ 139469.810706580756232, 2542453.970011500641704 ], [ 139449.103155563178007, 2542484.873804927337915 ], [ 139406.260030467179604, 2542548.812577775213867 ], [ 139385.360546734184027, 2542580.044845175929368 ], [ 139311.796333446050994, 2542708.54347553756088 ], [ 139294.107716473517939, 2542739.441009365022182 ], [ 139271.475124076940119, 2542799.483967936132103 ], [ 139249.298544280638453, 2542858.317467682994902 ], [ 139235.007007329550106, 2542929.485836275387555 ], [ 139236.778471887228079, 2543016.103823992889374 ], [ 139237.39800060656853, 2543022.469125237781554 ], [ 139238.022341875883285, 2543028.885218373965472 ], [ 139246.726948595140129, 2543118.332967460155487 ], [ 139275.909258279891219, 2543191.561396361794323 ], [ 139284.467581382137723, 2543213.037265054415911 ], [ 139296.522899349627551, 2543243.288377803750336 ], [ 139316.788098167278804, 2543396.913847842719406 ], [ 139324.495832070009783, 2543455.344925059471279 ], [ 139325.438093713950366, 2543501.411028217058629 ], [ 139327.558181097672787, 2543605.049176159780473 ], [ 139320.669367547146976, 2543674.373024201951921 ], [ 139307.957228180195671, 2543802.300042633432895 ], [ 139267.657872430747375, 2544013.665807893965393 ], [ 139263.197557605686598, 2544037.05961331538856 ], [ 139258.198216874559876, 2544063.280894687864929 ], [ 139165.687794799392577, 2544387.350558885373175 ], [ 139158.463402881694492, 2544412.658303313888609 ], [ 139140.619863351806998, 2544475.165580831468105 ], [ 139068.235732262546662, 2544697.360735644120723 ], [ 139029.888652905472554, 2544815.073851878289133 ], [ 139016.368396604666486, 2544856.576423553749919 ], [ 138970.190368892916013, 2544998.329115171451122 ], [ 138968.5875489457394, 2545003.129513461142778 ], [ 138961.518008895043749, 2545024.30270020198077 ], [ 138933.549440945032984, 2545108.398042143322527 ], [ 138892.570731997780968, 2545231.611803027335554 ], [ 138851.487458381219767, 2545355.140525473747402 ], [ 138845.147760048799682, 2545371.975577206350863 ], [ 138803.630900864256546, 2545482.224876112770289 ], [ 138776.782739649759606, 2545553.520849500782788 ], [ 138759.508999011130072, 2545582.926216414663941 ], [ 138701.367909497872461, 2545682.041398114524782 ], [ 138655.021116952353623, 2545760.879024920985103 ], [ 138651.224022913374938, 2545767.794068864546716 ], [ 138579.628777259087656, 2545898.177666128147393 ], [ 138510.787912575644441, 2546023.54563275212422 ], [ 138424.371081222197972, 2546175.951004988513887 ], [ 138389.031116551137529, 2546238.276933019049466 ], [ 138343.548488955944777, 2546318.490673208143562 ], [ 138302.567994597193319, 2546379.991431000176817 ], [ 138288.391793241142295, 2546401.266100997105241 ], [ 138167.808841043966822, 2546582.053923309780657 ], [ 138158.672714181535412, 2546593.844519399106503 ], [ 138030.955542428593617, 2546758.667704669758677 ], [ 138016.264556254434865, 2546777.633017256855965 ], [ 138006.708397822978441, 2546789.969456945545971 ], [ 137987.505526815424673, 2546809.0249008606188 ], [ 137844.612609885458369, 2546950.821306108031422 ], [ 137803.009473299665842, 2546982.200805816333741 ], [ 137705.015234640450217, 2547056.113924626260996 ], [ 137580.961408939852845, 2547178.068785329349339 ], [ 137551.524201371939853, 2547243.577940902207047 ], [ 137513.694870603270829, 2547327.762650859542191 ], [ 137479.063985591230448, 2547439.232929834164679 ], [ 137454.573809365741909, 2547518.062881606630981 ], [ 137373.304218151664827, 2547779.443926784209907 ], [ 137343.182728582702111, 2547911.414130559191108 ], [ 137324.27769191848347, 2547994.24237123504281 ], [ 137301.054589052975643, 2548095.989788887556642 ], [ 137270.65820288809482, 2548266.026102748699486 ], [ 137236.070139687450137, 2548459.511612846050411 ], [ 137216.260774523136206, 2548570.325977576896548 ], [ 137172.558521775470581, 2548744.533178264275193 ], [ 137159.147910915955435, 2548811.177308288868517 ], [ 137158.270127927535214, 2548815.703013269230723 ], [ 137096.919283777067903, 2548895.602076412644237 ], [ 137019.637933503719978, 2548968.063237173482776 ], [ 136957.575313711015042, 2549032.852050459943712 ], [ 136942.552138299623039, 2549048.535181192681193 ], [ 136933.826685487176292, 2549052.852145559154451 ], [ 136913.590965282579418, 2549078.800615237560123 ], [ 136736.303329687798396, 2549146.991803676821291 ], [ 136669.010558278590906, 2549172.875122567173094 ] ] ] } }
]
}
