{
"type": "FeatureCollection",
"name": "khulna_boundary_wgs84",
"crs": { "type": "name", "properties": { "name": "urn:ogc:def:crs:OGC:1.3:CRS84" } },
"features": [
{ "type": "Feature", "properties": { "adm2_name": "Khulna", "adm2_name1": null, "adm2_name2": null, "adm2_name3": null, "adm2_pcode": "BD4047", "adm1_name": "Khulna", "adm1_name1": null, "adm1_name2": null, "adm1_name3": null, "adm1_pcode": "BD40", "adm0_name": "Bangladesh", "adm0_name1": null, "adm0_name2": null, "adm0_name3": null, "adm0_pcode": "BD", "valid_on": "2023-05-21T00:00:00", "valid_to": null, "area_sqkm": 4457.2650101600002, "version": "v03", "lang": "en", "lang1": null, "lang2": null, "lang3": null, "adm2_ref_name": null, "center_lat": 22.36573943, "center_lon": 89.45281579 }, "geometry": { "type": "Polygon", "coordinates": [ [ [ 89.455952658000172, 23.011351438000077 ], [ 89.454835841000033, 23.011706103000051 ], [ 89.454014682000036, 23.01173195400014 ], [ 89.453327701000148, 23.011646213000063 ], [ 89.451774205000049, 23.011452314999985 ], [ 89.450805444000082, 23.011139354000136 ], [ 89.450783772000079, 23.011169070000108 ], [ 89.450076818000184, 23.010701937000078 ], [ 89.450009289000036, 23.010686210000131 ], [ 89.449736785000027, 23.010552689000178 ], [ 89.449156269000127, 23.01026675900016 ], [ 89.44906366400005, 23.010198452999987 ], [ 89.447888207000062, 23.009717412999976 ], [ 89.44723771300005, 23.009366981000142 ], [ 89.447084420000067, 23.009284400000126 ], [ 89.446341726000071, 23.009066702000041 ], [ 89.446025371000076, 23.009015645000034 ], [ 89.444979392000164, 23.008846828000173 ], [ 89.444513761000053, 23.008674319000022 ], [ 89.443364965000058, 23.008531881000124 ], [ 89.443075408000198, 23.008495978000099 ], [ 89.442490452000072, 23.008545696000112 ], [ 89.441484781000099, 23.008502675000045 ], [ 89.441238312000053, 23.00849213000015 ], [ 89.439857554000184, 23.008487248000051 ], [ 89.439377634000095, 23.008546526000032 ], [ 89.43907468000009, 23.008389565000073 ], [ 89.438807093000037, 23.008250927000176 ], [ 89.438083729000084, 23.007819287000132 ], [ 89.43769050100002, 23.007269129000122 ], [ 89.437170855000033, 23.005438073000107 ], [ 89.436984657000096, 23.004824968000094 ], [ 89.436910642999976, 23.004581259000076 ], [ 89.436629147000133, 23.004253134000066 ], [ 89.436385953000126, 23.003969654000059 ], [ 89.43599249000016, 23.003480466000042 ], [ 89.435334560000058, 23.003234226000131 ], [ 89.434808055000133, 23.002988452000011 ], [ 89.434493308000071, 23.00277491200012 ], [ 89.434085282000069, 23.002498083000035 ], [ 89.434013068000127, 23.00234911300015 ], [ 89.433835257000112, 23.001982302000101 ], [ 89.433758467000132, 23.001823946000115 ], [ 89.43356413500004, 23.000969619000045 ], [ 89.433533038000064, 23.000894986 ], [ 89.433238131000053, 23.000175796000178 ], [ 89.432780559000037, 22.999198579000051 ], [ 89.432585532000189, 22.998585886000114 ], [ 89.432455339000114, 22.998219578000146 ], [ 89.431534711000154, 22.997728488 ], [ 89.43117732800016, 22.997576672999969 ], [ 89.430911623000156, 22.997463803000073 ], [ 89.430814170000133, 22.997422405000179 ], [ 89.429493540000124, 22.997233359000177 ], [ 89.429033748999984, 22.996865861000174 ], [ 89.428904543000158, 22.996194682000123 ], [ 89.428905556000132, 22.995953893000035 ], [ 89.428908315000115, 22.995511721000184 ], [ 89.428976309000063, 22.994790290000083 ], [ 89.429242875000057, 22.994120542000132 ], [ 89.429374966000069, 22.993669356000055 ], [ 89.429392032000067, 22.993611108000039 ], [ 89.429510459000198, 22.993206897000107 ], [ 89.429549679000047, 22.992958963000035 ], [ 89.429615954000155, 22.992539992000047 ], [ 89.429645772000129, 22.992351493 ], [ 89.429441576999977, 22.990990120999982 ], [ 89.429473622000103, 22.990709516000152 ], [ 89.429506413000013, 22.990422378000176 ], [ 89.429567709000139, 22.989657783999974 ], [ 89.429563199000143, 22.989617698000018 ], [ 89.429517936000195, 22.989215446000173 ], [ 89.429522877000181, 22.989167912000141 ], [ 89.429536067000186, 22.989041021000048 ], [ 89.429551126000092, 22.988896137000097 ], [ 89.429598642000144, 22.988438973000143 ], [ 89.429602323000154, 22.988393555000073 ], [ 89.429714349, 22.987011337000126 ], [ 89.429709376000062, 22.986658787000067 ], [ 89.429685066000161, 22.986300193000091 ], [ 89.429475514000046, 22.985486823000087 ], [ 89.429381397000157, 22.984847147000096 ], [ 89.429273998000099, 22.984297049000077 ], [ 89.429064576000144, 22.983453804000021 ], [ 89.429020583000181, 22.98317281500016 ], [ 89.42902791400013, 22.982963712000185 ], [ 89.42906116000006, 22.982730803000152 ], [ 89.429139529000054, 22.982510006000098 ], [ 89.429204615000117, 22.982378788000062 ], [ 89.429270654000163, 22.982020518000127 ], [ 89.429291143000171, 22.981751712000062 ], [ 89.429298601000085, 22.981512734000034 ], [ 89.429390226000123, 22.981208333000154 ], [ 89.429513540000187, 22.981041473000175 ], [ 89.429682705000062, 22.98071345000011 ], [ 89.429805798000189, 22.980393744000139 ], [ 89.429664296000055, 22.979649297000094 ], [ 89.429657382000187, 22.979602241000123 ], [ 89.4296133040001, 22.979302234000102 ], [ 89.429601124000158, 22.979219339000053 ], [ 89.429536228000131, 22.978777644 ], [ 89.429388510000138, 22.977772238000114 ], [ 89.429334071000142, 22.977676835000125 ], [ 89.429154965000066, 22.977299758000129 ], [ 89.429053698000132, 22.976827358000094 ], [ 89.428883186000064, 22.976283724000098 ], [ 89.428814074000059, 22.975548456000183 ], [ 89.428857292000089, 22.975014744000077 ], [ 89.428873737000117, 22.974811660000114 ], [ 89.428817996000191, 22.974255773000039 ], [ 89.428680301000099, 22.973239506000084 ], [ 89.428578812000126, 22.972820881000189 ], [ 89.428515439000137, 22.972545798000056 ], [ 89.428349424000146, 22.972126940000066 ], [ 89.428125158000057, 22.97174969800011 ], [ 89.427888064000172, 22.971354485000177 ], [ 89.427741208999976, 22.97098349700002 ], [ 89.427569550000101, 22.970373414999983 ], [ 89.427610731000016, 22.969788002000143 ], [ 89.427754602000107, 22.969244257000184 ], [ 89.427827117000163, 22.968970190000164 ], [ 89.428063109000163, 22.968092698000021 ], [ 89.428255943000124, 22.967108555000038 ], [ 89.428280718000167, 22.966982109000071 ], [ 89.428405026000121, 22.96657624900007 ], [ 89.428561570000113, 22.966176480000115 ], [ 89.428634832000114, 22.965633007000179 ], [ 89.428529207000167, 22.964664654999979 ], [ 89.428347225000039, 22.964386472000172 ], [ 89.428317633000063, 22.964341236000166 ], [ 89.42828914100005, 22.964345679000076 ], [ 89.426632826000059, 22.958374759000037 ], [ 89.426145281000117, 22.958201766 ], [ 89.424949213000104, 22.957894823000117 ], [ 89.424188006000065, 22.957691073000149 ], [ 89.423426802000165, 22.957487320000041 ], [ 89.4225584940001, 22.956878938000159 ], [ 89.420602108000196, 22.956167216999972 ], [ 89.419430293000175, 22.955729468000072 ], [ 89.418972073000077, 22.95555829000017 ], [ 89.416687544000126, 22.955247295000106 ], [ 89.415603845000078, 22.95490842800001 ], [ 89.414660437, 22.954613422000136 ], [ 89.414626675000079, 22.954602865000027 ], [ 89.414404451000166, 22.954534296000134 ], [ 89.41135966600001, 22.953816182000082 ], [ 89.411052152000195, 22.953705423000031 ], [ 89.409946907000119, 22.953307334000044 ], [ 89.408752668000147, 22.95259830100008 ], [ 89.40799326500013, 22.951992505000078 ], [ 89.407669449000139, 22.951386075000187 ], [ 89.406911820000062, 22.950376045999974 ], [ 89.405826437000087, 22.949667399000077 ], [ 89.405547631000104, 22.949506393000092 ], [ 89.405349823000051, 22.949392161000048 ], [ 89.404224451000061, 22.948742267000114 ], [ 89.403799554000159, 22.946306234000076 ], [ 89.403422882000086, 22.94494892 ], [ 89.400336102000097, 22.94298804500005 ], [ 89.399686621000114, 22.942799166000157 ], [ 89.398742261000109, 22.942766911000035 ], [ 89.397549788000106, 22.942819750000069 ], [ 89.396445273000154, 22.942806821000147 ], [ 89.39638776400011, 22.94280641 ], [ 89.396160138000084, 22.942868174000182 ], [ 89.39602031000004, 22.94289073200008 ], [ 89.39469062600017, 22.943105235000132 ], [ 89.394679822000171, 22.942633101000183 ], [ 89.394631433000143, 22.941327950000073 ], [ 89.394659058000059, 22.940338574000123 ], [ 89.394598304000169, 22.940073047000112 ], [ 89.394443650000142, 22.939962469000022 ], [ 89.394140906000189, 22.939958216000093 ], [ 89.393584155000042, 22.939812687000028 ], [ 89.393229195000117, 22.939553205000038 ], [ 89.392982682000081, 22.939279796999983 ], [ 89.392990996000037, 22.938853644000176 ], [ 89.392993025000123, 22.938749615000177 ], [ 89.393015116000072, 22.938371702000097 ], [ 89.393270029000121, 22.937348565000093 ], [ 89.393330417000186, 22.937106182000036 ], [ 89.393521465000163, 22.936856922000175 ], [ 89.393823576000045, 22.936462752000068 ], [ 89.394005090000121, 22.936358640000151 ], [ 89.39454379700004, 22.936049646000185 ], [ 89.394651442000111, 22.935987902000022 ], [ 89.395401572000196, 22.935584452000057 ], [ 89.395661526000197, 22.935209510000107 ], [ 89.395765165000171, 22.935060025999974 ], [ 89.395792588000063, 22.934863402000076 ], [ 89.395818470000052, 22.934677820000161 ], [ 89.395720709000045, 22.93395802800012 ], [ 89.395463768000184, 22.933837654000115 ], [ 89.3940702820002, 22.933509406000155 ], [ 89.393791269000076, 22.933456808000017 ], [ 89.393702133000033, 22.933440004999966 ], [ 89.393120424000131, 22.933330343000137 ], [ 89.39174713500006, 22.933071446000156 ], [ 89.389820794000116, 22.932958375000112 ], [ 89.389771217000032, 22.93295546500002 ], [ 89.388541489000033, 22.932950732999984 ], [ 89.387794810000173, 22.93294785400002 ], [ 89.387037856000063, 22.93295338300004 ], [ 89.386951994000071, 22.932941067000115 ], [ 89.385946664000187, 22.932796855000049 ], [ 89.385304410000174, 22.932794370000124 ], [ 89.384656480000046, 22.932791860000066 ], [ 89.383509211000046, 22.932908796000163 ], [ 89.382397575000084, 22.933022093000034 ], [ 89.380925514000069, 22.933291214 ], [ 89.379805182000098, 22.933576091000077 ], [ 89.379259212000022, 22.933714916000099 ], [ 89.377914629000088, 22.934319114000175 ], [ 89.376675602000148, 22.93487989800019 ], [ 89.376502304000041, 22.934924589000047 ], [ 89.376184880000039, 22.934930511 ], [ 89.375795857000071, 22.934944312000027 ], [ 89.375457075000156, 22.934956330000148 ], [ 89.374806419000095, 22.935039810000092 ], [ 89.374178237000194, 22.935037335000175 ], [ 89.373614271000065, 22.935035111000161 ], [ 89.372500066000157, 22.934915988000171 ], [ 89.372245060000182, 22.934878619000187 ], [ 89.370890955000164, 22.934680176000029 ], [ 89.369979874000194, 22.934670623000045 ], [ 89.369676359000039, 22.934566146000179 ], [ 89.369254989000183, 22.934474193000085 ], [ 89.368856111000184, 22.934387148000098 ], [ 89.368605539000043, 22.934332465000125 ], [ 89.368270421000034, 22.9342594310001 ], [ 89.368196204000014, 22.934169268 ], [ 89.368142122000165, 22.934103567000022 ], [ 89.368102351000175, 22.934016584000176 ], [ 89.36799457900014, 22.933646482000086 ], [ 89.367856304000156, 22.933416487000159 ], [ 89.367392903000109, 22.933185197000057 ], [ 89.36711466700018, 22.933088486000145 ], [ 89.366743850000148, 22.932924484000068 ], [ 89.366362780000031, 22.932746101000134 ], [ 89.365976816000057, 22.932510336000064 ], [ 89.365806081000073, 22.932395485000086 ], [ 89.365781045000119, 22.932378643000106 ], [ 89.365776686000061, 22.932349815 ], [ 89.365614260000086, 22.932097467000119 ], [ 89.365585747000125, 22.932054207000078 ], [ 89.365540804000091, 22.932028080000123 ], [ 89.365036188000033, 22.931306464000102 ], [ 89.364996102000134, 22.931249139000101 ], [ 89.364813468000079, 22.930787159000033 ], [ 89.364434749000111, 22.929989990000081 ], [ 89.364348862000043, 22.929829150000103 ], [ 89.364249295000036, 22.929642691000026 ], [ 89.364051833000076, 22.929104141000039 ], [ 89.364074169000105, 22.928464894 ], [ 89.364207979000184, 22.927437712000085 ], [ 89.364313532000153, 22.926936225000077 ], [ 89.364330962000167, 22.926877150999985 ], [ 89.364539831000116, 22.926169235000032 ], [ 89.364549488000137, 22.926136504999988 ], [ 89.364568251000151, 22.925846309000178 ], [ 89.364591201999986, 22.925491360000024 ], [ 89.364412426000115, 22.925096287000088 ], [ 89.363717945000133, 22.924627447000034 ], [ 89.362658342000145, 22.924350886000127 ], [ 89.362823394000088, 22.924168564000183 ], [ 89.360999374000187, 22.923764222000102 ], [ 89.359908926, 22.923602986000105 ], [ 89.359130005000168, 22.923487809000051 ], [ 89.357269004000102, 22.923242371000185 ], [ 89.357234327000128, 22.923438260000125 ], [ 89.357038210000155, 22.923417271000062 ], [ 89.353747510000062, 22.923302292000074 ], [ 89.353168514000117, 22.923282053999969 ], [ 89.352136071000189, 22.923170831000107 ], [ 89.349248595, 22.922859733000109 ], [ 89.347225090000052, 22.922718365000151 ], [ 89.346651462000182, 22.922678284000142 ], [ 89.345900786000072, 22.922625830000072 ], [ 89.345250610000107, 22.922580396 ], [ 89.342805957000053, 22.922315989000083 ], [ 89.342723327000158, 22.922307051000075 ], [ 89.340577774000167, 22.921964872000103 ], [ 89.340850072000137, 22.921657260000018 ], [ 89.34089472300019, 22.921524950999981 ], [ 89.341059487000166, 22.921036720000188 ], [ 89.340985089000185, 22.920415000999981 ], [ 89.340652565000028, 22.919816113000024 ], [ 89.340611462000084, 22.919627837000064 ], [ 89.340501112000197, 22.919122372000061 ], [ 89.340347927000039, 22.918787131000158 ], [ 89.340247384000179, 22.918237005000094 ], [ 89.340248773000042, 22.917950206000057 ], [ 89.34030234100004, 22.917544122000038 ], [ 89.340691893000098, 22.917019931000141 ], [ 89.340771028000177, 22.916661754000074 ], [ 89.3407327, 22.915684452 ], [ 89.340725091000195, 22.915490444000113 ], [ 89.340525859000024, 22.91400779300011 ], [ 89.340625050000142, 22.914019241000176 ], [ 89.340598581, 22.913941417000103 ], [ 89.340216644000122, 22.912894189000156 ], [ 89.340086928000062, 22.912253866000015 ], [ 89.339816284000051, 22.911578210000073 ], [ 89.340049362000116, 22.911508820000051 ], [ 89.340527113000121, 22.911415202000114 ], [ 89.34115355800003, 22.911250499000062 ], [ 89.34128290100017, 22.911179335000043 ], [ 89.342096906999984, 22.910907852000037 ], [ 89.342858735000164, 22.910755653000137 ], [ 89.343117419000066, 22.910613319999982 ], [ 89.343247807000182, 22.910560932000124 ], [ 89.343647340000132, 22.910400407000054 ], [ 89.344116785000153, 22.910308101000055 ], [ 89.344673610000143, 22.910169956000118 ], [ 89.345281004000128, 22.910019263000152 ], [ 89.345345904000169, 22.909935878999988 ], [ 89.345277439000085, 22.909552974 ], [ 89.346224622000193, 22.907840946000135 ], [ 89.346543645000054, 22.906978901000116 ], [ 89.347052648000158, 22.906379691000097 ], [ 89.347711165000192, 22.905434939000088 ], [ 89.347657325000171, 22.905367959000046 ], [ 89.347995270000183, 22.90483003300011 ], [ 89.347997698000199, 22.90432215900006 ], [ 89.347972097000081, 22.904142283000056 ], [ 89.347904097000139, 22.903664512999967 ], [ 89.347905525000101, 22.903365763000124 ], [ 89.347971306000147, 22.90309715300009 ], [ 89.348511723000172, 22.90268709500009 ], [ 89.348910352000189, 22.902384621000124 ], [ 89.349159468000039, 22.902157450000061 ], [ 89.349629031000063, 22.901834179000048 ], [ 89.350044959, 22.90104423300005 ], [ 89.350220980000131, 22.900576559000115 ], [ 89.35040422700007, 22.900089683000147 ], [ 89.350439603000154, 22.899432565000097 ], [ 89.350668315000064, 22.898806112000045 ], [ 89.350961943000016, 22.898090297000067 ], [ 89.350995753000177, 22.89776180399997 ], [ 89.351354153000159, 22.896986502000175 ], [ 89.351775762000159, 22.896480336000025 ], [ 89.352132594000182, 22.896033657000089 ], [ 89.352297085000032, 22.895347188000073 ], [ 89.352345765000166, 22.894499260000032 ], [ 89.351821775000133, 22.893582590000051 ], [ 89.351276449000125, 22.892982853000092 ], [ 89.350860249000164, 22.892353765999985 ], [ 89.350879095000096, 22.892023093999967 ], [ 89.350832267000158, 22.891457383000159 ], [ 89.350868491000142, 22.890621014000146 ], [ 89.351290650000124, 22.889995349000174 ], [ 89.352136055000187, 22.889272350000113 ], [ 89.353365294000014, 22.888440836000086 ], [ 89.354208441000083, 22.88742849200014 ], [ 89.35485853900002, 22.886325732000046 ], [ 89.355057222000028, 22.885221138000134 ], [ 89.355061033000084, 22.884414511000102 ], [ 89.355086721000077, 22.883279127000094 ], [ 89.355157522000184, 22.883190723000098 ], [ 89.355307773000106, 22.882954446000156 ], [ 89.355594113000166, 22.882504157000142 ], [ 89.35572017200019, 22.882395184000075 ], [ 89.356021653000198, 22.882044139000072 ], [ 89.356559880000191, 22.881683030000147 ], [ 89.356974562000062, 22.88126405700018 ], [ 89.357223712000064, 22.880940017 ], [ 89.357123509000019, 22.880308638000088 ], [ 89.35709071500014, 22.880159531000118 ], [ 89.356921482000132, 22.879390040000089 ], [ 89.356262199000184, 22.877931269000101 ], [ 89.356125021000196, 22.877627736000136 ], [ 89.355593487000078, 22.876573959999973 ], [ 89.355245863000107, 22.875903335000032 ], [ 89.354313484000158, 22.875324897000098 ], [ 89.353000447000113, 22.875110279000126 ], [ 89.349636001000135, 22.875326004000101 ], [ 89.346558744000163, 22.876493103000143 ], [ 89.346421218000103, 22.876005185999986 ], [ 89.345901364000099, 22.87468374000008 ], [ 89.345585385000163, 22.873879383000087 ], [ 89.345379951000041, 22.873214542000028 ], [ 89.345333046000178, 22.873036290000016 ], [ 89.344868053000141, 22.871269168000026 ], [ 89.344797176000043, 22.871025081000141 ], [ 89.345014987000013, 22.87097908700008 ], [ 89.345471708000105, 22.87093794600014 ], [ 89.345843625000043, 22.870831922999969 ], [ 89.346007863000125, 22.870466920000069 ], [ 89.346102876000089, 22.870015590000037 ], [ 89.346236746000159, 22.869528570000057 ], [ 89.346231719000173, 22.868962107000186 ], [ 89.346188676000054, 22.868431850999968 ], [ 89.346429305000186, 22.868095328000152 ], [ 89.346947110000144, 22.867771323000056 ], [ 89.347041403, 22.867650218000051 ], [ 89.347846218000086, 22.866616547999968 ], [ 89.348115406000147, 22.866177628000059 ], [ 89.348314102000074, 22.865853647 ], [ 89.348626555000067, 22.865233511000042 ], [ 89.349959947000116, 22.865592458000151 ], [ 89.350069017000067, 22.865621819000182 ], [ 89.352077979000171, 22.866203626000129 ], [ 89.353988540999978, 22.86578118500006 ], [ 89.355538114000069, 22.865160416000094 ], [ 89.356469192000191, 22.864787411000066 ], [ 89.356729123000093, 22.864358251999988 ], [ 89.356743245000189, 22.863679779000108 ], [ 89.357780905000084, 22.863588149000122 ], [ 89.357973818000119, 22.862680234999971 ], [ 89.357981003000134, 22.861150625000107 ], [ 89.357985270000199, 22.860242419000087 ], [ 89.35785957700017, 22.859548794000148 ], [ 89.357846274000053, 22.859419847000026 ], [ 89.357785577000129, 22.858831478000127 ], [ 89.357788608000078, 22.858186173000092 ], [ 89.357862149000027, 22.85751252100016 ], [ 89.357869457000106, 22.857445580000046 ], [ 89.358001771000033, 22.856729095000162 ], [ 89.358058736000032, 22.855582095000102 ], [ 89.357984825000074, 22.855288745 ], [ 89.357932148000089, 22.855079671000112 ], [ 89.357521324000174, 22.854695604000028 ], [ 89.356382980000149, 22.854365954000116 ], [ 89.355239312000037, 22.85523998900004 ], [ 89.354941617000179, 22.855107458000191 ], [ 89.353814344000057, 22.854893756000081 ], [ 89.352900374000114, 22.855111123000086 ], [ 89.351848825000047, 22.854973001000189 ], [ 89.351004857000021, 22.854568032000145 ], [ 89.35069621100007, 22.854394689000117 ], [ 89.350593964000041, 22.854203068000174 ], [ 89.350541373000056, 22.853974607000168 ], [ 89.35052416200017, 22.853899842000089 ], [ 89.35043515100017, 22.853636572000028 ], [ 89.350436230000128, 22.853409521000117 ], [ 89.350450089000162, 22.853206422000142 ], [ 89.350463891000061, 22.853015274000086 ], [ 89.350552276000144, 22.852655401999982 ], [ 89.350635558000135, 22.852508136999973 ], [ 89.350753763000057, 22.852246653 ], [ 89.350803297000084, 22.852081194999982 ], [ 89.351331376000132, 22.851187905000188 ], [ 89.351446572999976, 22.850993040000105 ], [ 89.352032467000129, 22.849800394000056 ], [ 89.352519524000058, 22.84905548200004 ], [ 89.352460398000119, 22.848462077000079 ], [ 89.352427206000016, 22.848128956000096 ], [ 89.352133300000048, 22.847587074000046 ], [ 89.351436582000133, 22.846302501000082 ], [ 89.351152004000028, 22.845136186000104 ], [ 89.351005791000091, 22.84515319400009 ], [ 89.350934449000079, 22.843432379000092 ], [ 89.350926193000078, 22.84250596600009 ], [ 89.350913414000047, 22.841072105000023 ], [ 89.3507586300002, 22.839727063000112 ], [ 89.350800846000141, 22.839002132000076 ], [ 89.351183319000086, 22.838533761000122 ], [ 89.35166864100006, 22.838147352000078 ], [ 89.352123426000105, 22.837402308000037 ], [ 89.351901907000183, 22.836535007000123 ], [ 89.35110263200005, 22.835157465 ], [ 89.35017643600014, 22.83336113900009 ], [ 89.348635751000131, 22.832010435000086 ], [ 89.347695952000095, 22.831159932000105 ], [ 89.347640875000081, 22.831110088000059 ], [ 89.347105346000092, 22.830888463000122 ], [ 89.346608286000162, 22.830682755000169 ], [ 89.346547183000155, 22.83065746800014 ], [ 89.345451497999989, 22.830623094000089 ], [ 89.344805320000034, 22.830949072000067 ], [ 89.344708869000101, 22.830925622999985 ], [ 89.344373645000076, 22.830930219000038 ], [ 89.344109299000081, 22.830941081000049 ], [ 89.343884403000118, 22.830790776000129 ], [ 89.343299447000049, 22.830447782000192 ], [ 89.342474786000082, 22.830354753000051 ], [ 89.342066620000082, 22.830337808000138 ], [ 89.341675622000025, 22.830321576000017 ], [ 89.339525869000056, 22.829996318000099 ], [ 89.339266521000127, 22.829957076000085 ], [ 89.33741146, 22.829662564000046 ], [ 89.335247929000161, 22.829175539000175 ], [ 89.334844554000085, 22.829082353000103 ], [ 89.334780632000104, 22.829067586 ], [ 89.332929946000093, 22.828640035999967 ], [ 89.332612270000141, 22.828511723000133 ], [ 89.332349311000144, 22.828405510000152 ], [ 89.330957832000195, 22.8278434610001 ], [ 89.330897002000142, 22.82781889000006 ], [ 89.329223764000062, 22.827262140000016 ], [ 89.327987684000107, 22.826946223000107 ], [ 89.326543814, 22.826940126000011 ], [ 89.326057277000189, 22.826993039000058 ], [ 89.325486106000085, 22.827055155000039 ], [ 89.32442662800014, 22.827528678000078 ], [ 89.323796069000139, 22.828178413000103 ], [ 89.32350233700015, 22.828457193000077 ], [ 89.323290462000102, 22.828728483000134 ], [ 89.323223980000137, 22.829262850000191 ], [ 89.323205469000129, 22.829411641000149 ], [ 89.323408550000124, 22.830057820000036 ], [ 89.323938921000035, 22.830592143000104 ], [ 89.32407562800006, 22.830729869000152 ], [ 89.3252246240001, 22.831236073000127 ], [ 89.325773729000161, 22.83147798300007 ], [ 89.327159499000061, 22.832822274000023 ], [ 89.327318088000141, 22.833185287000106 ], [ 89.327459165000164, 22.833508212000083 ], [ 89.327975448000188, 22.834689965000052 ], [ 89.328365950000148, 22.835388692000095 ], [ 89.328537789000052, 22.835696161000044 ], [ 89.329127213000163, 22.836439563000056 ], [ 89.329180662000056, 22.836526040000024 ], [ 89.329690038000081, 22.837350155000081 ], [ 89.3298650750001, 22.837892044000057 ], [ 89.329917424000087, 22.838307135000036 ], [ 89.329606359000195, 22.838640434000183 ], [ 89.32885728600013, 22.838900185000114 ], [ 89.328189036000083, 22.839140937000138 ], [ 89.328145072000154, 22.839129981000099 ], [ 89.328069250000112, 22.839110346000155 ], [ 89.327407832000119, 22.839069226000106 ], [ 89.327244343000132, 22.839059062 ], [ 89.324432762000129, 22.839238364000096 ], [ 89.323815579000154, 22.839287063000143 ], [ 89.322420649000037, 22.839397120000058 ], [ 89.321079437000037, 22.839463110000054 ], [ 89.320295357000191, 22.839541997000083 ], [ 89.317714068000043, 22.839846939000097 ], [ 89.317647912000098, 22.8398547540001 ], [ 89.316544627000042, 22.840000798000119 ], [ 89.316073905000167, 22.840063106000116 ], [ 89.314911989000109, 22.840368819000105 ], [ 89.314034311000171, 22.840556244000084 ], [ 89.313953941000079, 22.840567714000144 ], [ 89.312957193000045, 22.840766611000163 ], [ 89.312253283000018, 22.840907071000061 ], [ 89.311747500000195, 22.841079507000131 ], [ 89.310522614000092, 22.841497100000083 ], [ 89.309998246000077, 22.841590039999971 ], [ 89.309206320000101, 22.841730400000074 ], [ 89.308240709000017, 22.841802348000158 ], [ 89.307993891000024, 22.841820738000081 ], [ 89.306867110000155, 22.841935442000135 ], [ 89.306491381000058, 22.841973689000042 ], [ 89.305517092, 22.842072861000077 ], [ 89.304704282999978, 22.842294143000061 ], [ 89.3045737220001, 22.842329687000188 ], [ 89.30375153500006, 22.842553516000123 ], [ 89.303270535000195, 22.842684459000054 ], [ 89.302211837000186, 22.842966630000035 ], [ 89.301051333000089, 22.842985440000177 ], [ 89.300880330000041, 22.842992357000128 ], [ 89.300044405000108, 22.843026166000129 ], [ 89.299452218000056, 22.843050115000096 ], [ 89.298344021000105, 22.842925734000175 ], [ 89.297622865000108, 22.842755251000028 ], [ 89.296849402000134, 22.842727936000188 ], [ 89.296686473000079, 22.842821320000098 ], [ 89.296435594000172, 22.842965113000162 ], [ 89.296174903, 22.843513671000096 ], [ 89.295774968000046, 22.845041938000122 ], [ 89.295579749000183, 22.845915424000111 ], [ 89.295832818000065, 22.846848661000138 ], [ 89.296079368000051, 22.847094744000174 ], [ 89.296217655000191, 22.847232769000129 ], [ 89.296390091000092, 22.847251983000092 ], [ 89.298512089000155, 22.84736239700004 ], [ 89.29883652400008, 22.847373687000072 ], [ 89.300084857000058, 22.847417119999989 ], [ 89.301109394000036, 22.847310898000103 ], [ 89.301632938000182, 22.847256615000163 ], [ 89.301909748000128, 22.847183446000031 ], [ 89.302433434000136, 22.84704502000011 ], [ 89.303438399000072, 22.847192823 ], [ 89.303820769000083, 22.847319784000149 ], [ 89.304751353000142, 22.847628770000142 ], [ 89.305625811000027, 22.848086695000063 ], [ 89.305934994000154, 22.84849858900003 ], [ 89.306291794000174, 22.848973916000034 ], [ 89.30721445100005, 22.850101255000141 ], [ 89.308214849000194, 22.851157226000055 ], [ 89.308856887000047, 22.851685825000175 ], [ 89.309422532000042, 22.852022887000146 ], [ 89.309962272000121, 22.852383734000057 ], [ 89.310075994000101, 22.852664333000121 ], [ 89.310204735000184, 22.852982601000178 ], [ 89.310234415000139, 22.853233684000088 ], [ 89.310171691000107, 22.853398326 ], [ 89.309954382000171, 22.853533617000096 ], [ 89.309683026000073, 22.853647162000186 ], [ 89.309427577000179, 22.853674735000027 ], [ 89.30850344300012, 22.853594979000036 ], [ 89.308275532000152, 22.853575309000178 ], [ 89.306861523000123, 22.853589186000193 ], [ 89.305389769000044, 22.853941277000104 ], [ 89.303712430000076, 22.854149053000015 ], [ 89.303351402000089, 22.854169772000091 ], [ 89.302551586000163, 22.854215673000056 ], [ 89.30201729800018, 22.854204326000058 ], [ 89.301133347000132, 22.854185551000057 ], [ 89.300334275000068, 22.854110340000148 ], [ 89.299690545000146, 22.853916305000155 ], [ 89.298710834000133, 22.853864191000071 ], [ 89.298479798000017, 22.853896091000081 ], [ 89.297704354000189, 22.854003156000147 ], [ 89.296722799000065, 22.854309528000101 ], [ 89.295662274000165, 22.854926250000119 ], [ 89.295298841000033, 22.855561859000034 ], [ 89.294803486000148, 22.856428173000154 ], [ 89.294568181000159, 22.857048540000051 ], [ 89.294538289000172, 22.857188089000147 ], [ 89.294409624000082, 22.85778875 ], [ 89.294250077000129, 22.858720158000153 ], [ 89.293859040000143, 22.859531037000181 ], [ 89.293365583000082, 22.860198057000161 ], [ 89.292070416000172, 22.861291719 ], [ 89.291113221999979, 22.861861067000063 ], [ 89.290770654000085, 22.86196142700004 ], [ 89.2903899920002, 22.862072946000126 ], [ 89.289614807000078, 22.862356293000175 ], [ 89.288996716000042, 22.862584169000058 ], [ 89.288683394000032, 22.862575799000069 ], [ 89.28819536900005, 22.862541152000119 ], [ 89.288041501000123, 22.862373161000164 ], [ 89.288043617000142, 22.861966865000113 ], [ 89.28825367100012, 22.861250793000011 ], [ 89.288210156000162, 22.860455661000117 ], [ 89.288206572000036, 22.860390169000027 ], [ 89.287799171000131, 22.859384532000036 ], [ 89.287760700000092, 22.859097303 ], [ 89.287600580000174, 22.857901820000109 ], [ 89.287503901000036, 22.856658567000011 ], [ 89.287446067000076, 22.856202600000017 ], [ 89.287355274000106, 22.85548678300006 ], [ 89.287156318000143, 22.854075770000122 ], [ 89.287080946000117, 22.85369302600003 ], [ 89.286732130000075, 22.851349226000082 ], [ 89.286674271000152, 22.850989096000148 ], [ 89.286455948000139, 22.849913965000098 ], [ 89.286022177, 22.849027706000072 ], [ 89.285895782000125, 22.848988027000075 ], [ 89.285558755000068, 22.848882225000182 ], [ 89.28501207000005, 22.849016007000046 ], [ 89.284887410000181, 22.849046513000076 ], [ 89.281602000000134, 22.851015452000013 ], [ 89.280697295000152, 22.851417674000061 ], [ 89.280265207000127, 22.851645644000143 ], [ 89.279843908000146, 22.851867922000054 ], [ 89.278601930000093, 22.852651011000091 ], [ 89.278369291000104, 22.852840780000065 ], [ 89.278302298000142, 22.852895428000124 ], [ 89.277203316000168, 22.853791883000156 ], [ 89.276529661000097, 22.854386331000114 ], [ 89.276316503000089, 22.854584746000114 ], [ 89.276243065000187, 22.854653105000182 ], [ 89.27598617200016, 22.854636305000042 ], [ 89.275609916000121, 22.854652656000042 ], [ 89.275233847000038, 22.854576423000026 ], [ 89.27501675100018, 22.854446711000151 ], [ 89.274918542000137, 22.854299476000165 ], [ 89.274820616, 22.854098043000079 ], [ 89.274703879000015, 22.853711345000079 ], [ 89.27469263800009, 22.853666114000134 ], [ 89.274626341000044, 22.853399351000178 ], [ 89.274529293000171, 22.853033067000069 ], [ 89.274412749000135, 22.852610239000057 ], [ 89.27431541600015, 22.852298156000131 ], [ 89.274274372000093, 22.85225980600012 ], [ 89.27413811200006, 22.852132491000191 ], [ 89.273920434000161, 22.852113430000088 ], [ 89.273654635000071, 22.852144538000175 ], [ 89.273623279000162, 22.852148208000131 ], [ 89.273286721000034, 22.852146673000107 ], [ 89.272369304000051, 22.852215598000043 ], [ 89.271820921000085, 22.852286760000027 ], [ 89.270948837000049, 22.85241149400008 ], [ 89.270393819000105, 22.852537671000107 ], [ 89.269917603000124, 22.852736474000153 ], [ 89.269500780000044, 22.852935546000083 ], [ 89.269004174000145, 22.853244911 ], [ 89.268785407000109, 22.853429082000048 ], [ 89.268507660000125, 22.853536204000022 ], [ 89.268309573000124, 22.85355561800003 ], [ 89.268072303000054, 22.853498069000182 ], [ 89.267914116000043, 22.853461209000159 ], [ 89.267676640000104, 22.853442052000048 ], [ 89.267419173000178, 22.853458932000024 ], [ 89.267171615000166, 22.853615872999967 ], [ 89.266982545000133, 22.853657908000173 ], [ 89.266916670000114, 22.853640444000121 ], [ 89.266843849, 22.853621138000165 ], [ 89.266745551000042, 22.85349196300001 ], [ 89.266667536000114, 22.853272550999975 ], [ 89.266629699000077, 22.853017479000016 ], [ 89.266669899000192, 22.85283220000008 ], [ 89.266769577000105, 22.852703938000104 ], [ 89.266988152000124, 22.852612355000076 ], [ 89.267087924000066, 22.852466026000116 ], [ 89.267088518000094, 22.852355372000034 ], [ 89.26702980400006, 22.852228639000145 ], [ 89.266673349000143, 22.85218860800012 ], [ 89.266509808000194, 22.852187854000022 ], [ 89.266396186000179, 22.852187331000096 ], [ 89.266277691000084, 22.85213258400006 ], [ 89.266278478000061, 22.851985802 ], [ 89.266319054, 22.851803067999981 ], [ 89.266379531000155, 22.851600119000182 ], [ 89.266638176000129, 22.851364175000185 ], [ 89.266738155000155, 22.851179458000104 ], [ 89.266758934, 22.850996632999966 ], [ 89.266760413000043, 22.850721130000181 ], [ 89.266631635000067, 22.850402558000098 ], [ 89.266556136000133, 22.850215787000025 ], [ 89.26654548700003, 22.850189446000059 ], [ 89.266549366000106, 22.850115230000142 ], [ 89.266341656000122, 22.849601390000089 ], [ 89.266363719000083, 22.849179195000033 ], [ 89.266424490000077, 22.848922032000189 ], [ 89.266585327000143, 22.848464345000082 ], [ 89.266766564000136, 22.847950291000188 ], [ 89.266908193000177, 22.847381858000119 ], [ 89.267009236000092, 22.84699841600019 ], [ 89.26716927800004, 22.846687511000141 ], [ 89.267308351000111, 22.846595563000164 ], [ 89.267427327000178, 22.846559977000084 ], [ 89.267783570000063, 22.846579681000094 ], [ 89.268219001000091, 22.846599749000177 ], [ 89.268456658000161, 22.846582776999981 ], [ 89.268516338000097, 22.846528850000084 ], [ 89.268577496000034, 22.846442557000103 ], [ 89.268446751000113, 22.846417842000108 ], [ 89.267912543000136, 22.846358929000132 ], [ 89.267378227000165, 22.846320338000055 ], [ 89.267280030000165, 22.846173102000137 ], [ 89.26728131200008, 22.845933727000101 ], [ 89.267282369000043, 22.845736414000044 ], [ 89.267481238000073, 22.845568805000141 ], [ 89.267759177000073, 22.845423296999968 ], [ 89.267824432000054, 22.845294876000082 ], [ 89.267899228000033, 22.845148432000087 ], [ 89.267881000000102, 22.844854773000179 ], [ 89.267747141000143, 22.843973429000073 ], [ 89.267670508000094, 22.843496582000171 ], [ 89.267572807000136, 22.843256756000017 ], [ 89.267516477000072, 22.84321838700015 ], [ 89.267355836000036, 22.843108968000081 ], [ 89.26705927900008, 22.843035338 ], [ 89.26700354500008, 22.843035083000075 ], [ 89.266880809000043, 22.843034514000124 ], [ 89.266778564000049, 22.843042926000123 ], [ 89.266464895000126, 22.843068733000052 ], [ 89.266009388000157, 22.843102768000108 ], [ 89.265434802000073, 22.843192704000046 ], [ 89.264899709000076, 22.843300894000151 ], [ 89.264483101999986, 22.843463822000103 ], [ 89.264411457000051, 22.843496509999966 ], [ 89.264086192000036, 22.843644910000023 ], [ 89.263112514000113, 22.84432014700019 ], [ 89.26245058700016, 22.844727584000054 ], [ 89.262198517000058, 22.844882740000116 ], [ 89.261981831000071, 22.845001110000112 ], [ 89.261563142000171, 22.845229829000118 ], [ 89.261146623000059, 22.845374684000149 ], [ 89.260611629000039, 22.84546253100001 ], [ 89.25968129000006, 22.845440142000029 ], [ 89.258965874000012, 22.845436811000013 ], [ 89.258909225000025, 22.845436549 ], [ 89.258394212000155, 22.845434152000053 ], [ 89.258017773000176, 22.845488852000187 ], [ 89.257898295000075, 22.845617019000031 ], [ 89.257877116000031, 22.845872107000162 ], [ 89.257935107000094, 22.84612981700019 ], [ 89.258005446000141, 22.846317359000068 ], [ 89.258052196000108, 22.846442006000132 ], [ 89.258090491000189, 22.846681560000093 ], [ 89.258069103000196, 22.846975039000142 ], [ 89.258067214000107, 22.847322801000132 ], [ 89.257946842000081, 22.847615816000086 ], [ 89.257806671000139, 22.847908738 ], [ 89.257725790000109, 22.848220001000072 ], [ 89.257644703000039, 22.848569657000098 ], [ 89.257544726000049, 22.848752111000067 ], [ 89.257344757000112, 22.849119276000181 ], [ 89.257288486000164, 22.84928481500009 ], [ 89.257264282000108, 22.849356018000037 ], [ 89.257197857000051, 22.84941668099998 ], [ 89.257105107000143, 22.849502064000035 ], [ 89.256926627000155, 22.849557686000026 ], [ 89.256312227000137, 22.849681281000016 ], [ 89.255658321000169, 22.849788881000052 ], [ 89.255262182000195, 22.849823159000039 ], [ 89.255024911000191, 22.849767853000117 ], [ 89.254887328000052, 22.849584286000095 ], [ 89.254722359000198, 22.849172511000063 ], [ 89.254497559000072, 22.848613420000049 ], [ 89.254222926000182, 22.84793038100014 ], [ 89.25394848000019, 22.847432274000028 ], [ 89.253751118000196, 22.8473206970001 ], [ 89.253493955000181, 22.84728336000012 ], [ 89.253117817000145, 22.847281592000172 ], [ 89.252761576000069, 22.847261858000138 ], [ 89.252147578000063, 22.847313172000099 ], [ 89.251652660000161, 22.847310846000084 ], [ 89.251256922000096, 22.847272851000071 ], [ 89.251098845000058, 22.847217911000143 ], [ 89.250980867000067, 22.847070567 ], [ 89.250913854000089, 22.846738289000086 ], [ 89.250891015000093, 22.846624755000107 ], [ 89.25071105, 22.845730146000051 ], [ 89.25065338100012, 22.845415974000161 ], [ 89.250551919000088, 22.845363912000153 ], [ 89.250504786000192, 22.84533972700018 ], [ 89.250475707000192, 22.845324806000065 ], [ 89.250238152000179, 22.845323685999972 ], [ 89.250080287000173, 22.845230355000183 ], [ 89.250021696000033, 22.845029094000154 ], [ 89.249963817000094, 22.84475331200008 ], [ 89.249932850000107, 22.844675574 ], [ 89.249791052000091, 22.84431962300016 ], [ 89.24970875200006, 22.844036426000059 ], [ 89.249584313000128, 22.84372404700008 ], [ 89.249411272000145, 22.843122531000063 ], [ 89.249354108000034, 22.842383805 ], [ 89.249311944000112, 22.842215510000017 ], [ 89.24928473500006, 22.84219355800019 ], [ 89.249245557, 22.842161951000151 ], [ 89.24906809800018, 22.842032392000192 ], [ 89.248921230000064, 22.841983744000061 ], [ 89.24888138200015, 22.841970544000048 ], [ 89.248791450000169, 22.841940756000042 ], [ 89.248594000000196, 22.841847236000149 ], [ 89.248436142000116, 22.841753900000015 ], [ 89.248219291000169, 22.841588023999975 ], [ 89.248081827000192, 22.841386391000071 ], [ 89.248004157000139, 22.841110515000025 ], [ 89.247987165000154, 22.840958310000133 ], [ 89.247909818000096, 22.840265473999978 ], [ 89.247778203000109, 22.839000221 ], [ 89.247388964000152, 22.837785691000079 ], [ 89.247316894000051, 22.837608439000121 ], [ 89.247185232000163, 22.837197612000182 ], [ 89.247090981000099, 22.836965803999988 ], [ 89.246931323000183, 22.836573128 ], [ 89.246830111000179, 22.836425865000024 ], [ 89.246793864000097, 22.836371493000115 ], [ 89.246626809000077, 22.836008207000077 ], [ 89.246806531000175, 22.83585679700019 ], [ 89.247636278000186, 22.835479178000071 ], [ 89.248360293000133, 22.835109751000175 ], [ 89.248833992000129, 22.834819946000096 ], [ 89.249201240000161, 22.834992848000184 ], [ 89.24935905100017, 22.835140448000118 ], [ 89.249410885000032, 22.835188927000161 ], [ 89.249722992000159, 22.83548083800008 ], [ 89.249785471999985, 22.836027633000072 ], [ 89.249882176000199, 22.836254742000165 ], [ 89.250130044000116, 22.836486567000065 ], [ 89.250147212000115, 22.83663681000013 ], [ 89.250192526000092, 22.837033362000057 ], [ 89.250451715000167, 22.837642056000163 ], [ 89.250845185, 22.837643906000153 ], [ 89.251631488000157, 22.837708578000161 ], [ 89.252156219000142, 22.837711041000091 ], [ 89.252748079000071, 22.837411211000187 ], [ 89.253602489000059, 22.837049377000085 ], [ 89.253865367000174, 22.836928663000037 ], [ 89.254130889000123, 22.836322432000031 ], [ 89.254855323000186, 22.835779320000086 ], [ 89.255055030000108, 22.835233754000058 ], [ 89.255386019000014, 22.834627825999974 ], [ 89.255914371000074, 22.833961844000157 ], [ 89.256180211000185, 22.833294636000176 ], [ 89.256772716000114, 22.832870587000173 ], [ 89.256945806000033, 22.832738156000119 ], [ 89.257167816000106, 22.832569821000163 ], [ 89.257104022000192, 22.83220368200017 ], [ 89.256733254000039, 22.831406450000088 ], [ 89.256720014, 22.831330463000086 ], [ 89.256696930000032, 22.831197969000186 ], [ 89.256243292000192, 22.830222534000029 ], [ 89.25565707200019, 22.829492633000086 ], [ 89.25461328200015, 22.828514436999967 ], [ 89.253917738000155, 22.82769597600003 ], [ 89.25376757500004, 22.827271822000114 ], [ 89.253721989000042, 22.827142889000186 ], [ 89.253607916000078, 22.826541457000189 ], [ 89.253558957000052, 22.82606322200013 ], [ 89.253521887000147, 22.825758292000103 ], [ 89.253493170000183, 22.825581050000039 ], [ 89.253473083000017, 22.82545707100013 ], [ 89.253369785000189, 22.824819518000083 ], [ 89.253345446000026, 22.824042768000083 ], [ 89.253533628000184, 22.823654230000102 ], [ 89.253610626000125, 22.823495249000189 ], [ 89.253612606000104, 22.82313167600006 ], [ 89.253550656000129, 22.823073397000087 ], [ 89.253482330000168, 22.823009119000119 ], [ 89.253172773000074, 22.822553142000118 ], [ 89.253203584, 22.822489528 ], [ 89.253205565000087, 22.822125954000114 ], [ 89.253075290000083, 22.82200339700006 ], [ 89.252620045000128, 22.821332811000161 ], [ 89.252211743000146, 22.820896675000142 ], [ 89.252163497000197, 22.820845140000017 ], [ 89.252170610000178, 22.820800593000172 ], [ 89.252231600000073, 22.820418646000121 ], [ 89.251969452000083, 22.820356440000126 ], [ 89.251775727000108, 22.819809028000122 ], [ 89.251515201000018, 22.819505198 ], [ 89.251322481999978, 22.818774867000059 ], [ 89.25106163900017, 22.818529747000014 ], [ 89.250537954000094, 22.818405338000161 ], [ 89.249624882000035, 22.817488700000126 ], [ 89.248511742000119, 22.817241817000081 ], [ 89.247529554000039, 22.816993290000028 ], [ 89.246489777000079, 22.816262588000143 ], [ 89.24602770100006, 22.815893184000117 ], [ 89.246035125000105, 22.815816439000059 ], [ 89.246097181000096, 22.81516409 ], [ 89.246298568000157, 22.814313674000175 ], [ 89.246395415000109, 22.813379909999981 ], [ 89.246411685, 22.813223039000093 ], [ 89.246436442, 22.812984347000054 ], [ 89.246834905000014, 22.812188912000067 ], [ 89.247363907000135, 22.811340039000072 ], [ 89.247618645000045, 22.811029598000061 ], [ 89.248354057000142, 22.810129758000187 ], [ 89.249276434000194, 22.80928273000012 ], [ 89.250658283000178, 22.808376888000112 ], [ 89.25085264400019, 22.808804617000078 ], [ 89.251375305000181, 22.809109683000088 ], [ 89.252084928000045, 22.808944220000171 ], [ 89.253672846000143, 22.808573950999971 ], [ 89.253935591000129, 22.80857518 ], [ 89.254430743000057, 22.808577496 ], [ 89.254525085000012, 22.808577937000166 ], [ 89.254985235000106, 22.808397169000102 ], [ 89.255338125000151, 22.808398818000171 ], [ 89.256034164000084, 22.808402067000145 ], [ 89.2560973100002, 22.808829177000121 ], [ 89.256376977000116, 22.80940748300003 ], [ 89.256421303000081, 22.809499141000174 ], [ 89.256497008000053, 22.809785323000028 ], [ 89.256517105000171, 22.809861295000076 ], [ 89.256694998000057, 22.810229145000164 ], [ 89.256828332999987, 22.810504855000033 ], [ 89.25695693300014, 22.810990986000036 ], [ 89.256996556000161, 22.811128353000129 ], [ 89.257150124000077, 22.811660598 ], [ 89.257276646000037, 22.811938996000151 ], [ 89.25758764700015, 22.812056436000091 ], [ 89.258111616000065, 22.812180822000073 ], [ 89.258506335000106, 22.811938763000057 ], [ 89.259293156000126, 22.811881449000111 ], [ 89.260079952000183, 22.811885102000133 ], [ 89.260409518000131, 22.811584023000023 ], [ 89.261001280000016, 22.811220925000157 ], [ 89.261196006000148, 22.811587669000119 ], [ 89.261717034000128, 22.812258535000012 ], [ 89.262171311000145, 22.813112013000136 ], [ 89.262761085000079, 22.813175715000057 ], [ 89.262809243000163, 22.813110449000192 ], [ 89.262860891000173, 22.813039003000142 ], [ 89.2631574400001, 22.812628784000026 ], [ 89.263814300000092, 22.81239018399998 ], [ 89.264098995000097, 22.812356222 ], [ 89.264798453000083, 22.812272779000125 ], [ 89.2648317660001, 22.812250348000134 ], [ 89.265279369000098, 22.811940745000015 ], [ 89.265321964000123, 22.81190151300018 ], [ 89.265195765000101, 22.811545186000046 ], [ 89.264673414000129, 22.811118218000104 ], [ 89.264936884000065, 22.810875538000062 ], [ 89.265330606000134, 22.810816379000073 ], [ 89.265525355000193, 22.811180861000025 ], [ 89.265985510000121, 22.810941347000096 ], [ 89.266511118000096, 22.810760845000118 ], [ 89.266575524000132, 22.810569532000159 ], [ 89.26644955900008, 22.810031135000145 ], [ 89.266454770000053, 22.809057835000033 ], [ 89.26614967200004, 22.808293226000103 ], [ 89.266066580000086, 22.808084987000029 ], [ 89.265678409000031, 22.807109878000063 ], [ 89.265421146000165, 22.806196345000103 ], [ 89.266013516000157, 22.805713543000081 ], [ 89.266363161000015, 22.805622419000031 ], [ 89.26647331300012, 22.805593711000142 ], [ 89.26719657700005, 22.805172479000078 ], [ 89.267656721000151, 22.804930696999975 ], [ 89.267790544000093, 22.804445779 ], [ 89.267531967000139, 22.803776141000014 ], [ 89.267636950000167, 22.803583273000072 ], [ 89.267730608000136, 22.803411209000046 ], [ 89.267854680000084, 22.803212563000102 ], [ 89.267816281000194, 22.803200463 ], [ 89.267686998000045, 22.802836285000069 ], [ 89.267689278000091, 22.802409477000083 ], [ 89.267624196000043, 22.802262526000106 ], [ 89.267365570000095, 22.801678563000053 ], [ 89.267281772000104, 22.801481877000072 ], [ 89.266977068000131, 22.800766689000056 ], [ 89.266924918000086, 22.800594084000068 ], [ 89.266569989000118, 22.799760998000068 ], [ 89.2663124070001, 22.798908438000069 ], [ 89.26619598200017, 22.798354082 ], [ 89.266120611000019, 22.797995207000099 ], [ 89.265941858000076, 22.797375612000053 ], [ 89.265927511000029, 22.797325864000015 ], [ 89.265864517000182, 22.797123695000096 ], [ 89.265851143000134, 22.797080774 ], [ 89.265734151000061, 22.796705301000145 ], [ 89.265737042000183, 22.796165606000159 ], [ 89.265738193, 22.795950765000043 ], [ 89.265823991, 22.795716368000114 ], [ 89.26641499800013, 22.79553616600009 ], [ 89.267070479000097, 22.795539181000095 ], [ 89.267287586000066, 22.795414391000065 ], [ 89.267348118000086, 22.795311325000057 ], [ 89.267364304000182, 22.795283765000079 ], [ 89.267377735000139, 22.795182250000153 ], [ 89.267378501000053, 22.795038851000072 ], [ 89.267476506000037, 22.794788346000075 ], [ 89.267613717000131, 22.794436443000166 ], [ 89.267685753000023, 22.79422167000007 ], [ 89.267815308000195, 22.794096787000115 ], [ 89.268118760000107, 22.793990628000131 ], [ 89.268505828000116, 22.793914727000129 ], [ 89.268647728000133, 22.793891476999988 ], [ 89.268822199000113, 22.793802650000032 ], [ 89.269113399000048, 22.793576930000029 ], [ 89.269301267000117, 22.793392562 ], [ 89.269366760000139, 22.793195683000192 ], [ 89.269374796000079, 22.792896964000079 ], [ 89.269368925000038, 22.792789384000059 ], [ 89.269279821000111, 22.792579847000184 ], [ 89.269197162000125, 22.792370338000183 ], [ 89.269249479000109, 22.792227175000164 ], [ 89.269424648000154, 22.792006898000125 ], [ 89.269651243000112, 22.791810756000075 ], [ 89.269949008000196, 22.791561164000029 ], [ 89.270220105000135, 22.791478753000035 ], [ 89.270542533000139, 22.791438402000153 ], [ 89.270723254000131, 22.791385452000043 ], [ 89.270865564000133, 22.791284525000151 ], [ 89.27092419600001, 22.791165291000027 ], [ 89.271016288, 22.790813179000054 ], [ 89.271147138000174, 22.79044331900019 ], [ 89.271219038000083, 22.790252444000089 ], [ 89.271374742000035, 22.79005597600019 ], [ 89.271697261000156, 22.789997697000047 ], [ 89.271870625000076, 22.790006951000123 ], [ 89.272064476000082, 22.790017299000112 ], [ 89.27216735900015, 22.790059594000127 ], [ 89.272277904000134, 22.790154417000053 ], [ 89.273035745000016, 22.790843906000191 ], [ 89.273664480000093, 22.791372581000132 ], [ 89.273798202000137, 22.791373190000115 ], [ 89.274012461000041, 22.791374165000093 ], [ 89.274476062000133, 22.79125254700017 ], [ 89.274761430000069, 22.791102717 ], [ 89.275613376000081, 22.790855632000103 ], [ 89.276606206000167, 22.790776485000038 ], [ 89.277035413000021, 22.790838795000013 ], [ 89.277252218000115, 22.790777317999982 ], [ 89.27762588000013, 22.790494300000034 ], [ 89.278066592000187, 22.790018284000098 ], [ 89.278371117000063, 22.789829012000041 ], [ 89.278467443000068, 22.789769142000068 ], [ 89.279189355000085, 22.789434239000173 ], [ 89.279998051, 22.78936628800011 ], [ 89.280755100000079, 22.78950294200007 ], [ 89.281767432000152, 22.789435241999968 ], [ 89.282291980000196, 22.789437602000191 ], [ 89.283136486000103, 22.789326224000035 ], [ 89.284025200000087, 22.790018998000164 ], [ 89.284473121000133, 22.7904704070001 ], [ 89.285409340000058, 22.790872065000087 ], [ 89.286186886000053, 22.790875545000063 ], [ 89.286587762000181, 22.791125751000152 ], [ 89.287038980000034, 22.791999471000111 ], [ 89.287356518000195, 22.792820654000138 ], [ 89.287834294000106, 22.793741914000179 ], [ 89.288094887000113, 22.793918083000051 ], [ 89.28839055900005, 22.794558269000106 ], [ 89.288582336000047, 22.794857882000144 ], [ 89.288826348000157, 22.795063479000191 ], [ 89.288903156000117, 22.795128194000085 ], [ 89.289257716000122, 22.795294544 ], [ 89.28948175, 22.795399653000118 ], [ 89.29006173800002, 22.795402236000029 ], [ 89.290481391000014, 22.795254725000177 ], [ 89.29093388300015, 22.794987856000034 ], [ 89.291289709000125, 22.794720556000129 ], [ 89.29151649400012, 22.794482558000141 ], [ 89.291711828000132, 22.794095041000162 ], [ 89.291874940000127, 22.793707380000114 ], [ 89.292233999000075, 22.792812703000095 ], [ 89.292695108000146, 22.790872825000179 ], [ 89.292827534000082, 22.790186270000106 ], [ 89.293152047000035, 22.78973957300019 ], [ 89.293507701000124, 22.789502142000174 ], [ 89.294153642000197, 22.789206244000013 ], [ 89.29467008600011, 22.789029274000143 ], [ 89.295218596000041, 22.788882319000152 ], [ 89.295391248000101, 22.788847181000108 ], [ 89.296799064000083, 22.788560660000087 ], [ 89.298412663000079, 22.788059877000137 ], [ 89.298719995000113, 22.787817954000104 ], [ 89.298843856000133, 22.787720454 ], [ 89.29886557400016, 22.787703358000044 ], [ 89.299021417000176, 22.787197402000118 ], [ 89.298777389000065, 22.786928560000035 ], [ 89.298666734000051, 22.786837741000113 ], [ 89.298256496000022, 22.786630432999971 ], [ 89.297774182000126, 22.786348281000073 ], [ 89.297668858000065, 22.786286841000162 ], [ 89.297338022000076, 22.786149887000192 ], [ 89.297227874000043, 22.786079396000162 ], [ 89.297081755000079, 22.785839372000169 ], [ 89.296972646000199, 22.785565637000161 ], [ 89.296973198999979, 22.785457620000045 ], [ 89.296973688000151, 22.785362392000138 ], [ 89.296975448000069, 22.785019139000099 ], [ 89.297014204000106, 22.78464443200005 ], [ 89.297126113000047, 22.784371670000041 ], [ 89.297274150000135, 22.784236824000118 ], [ 89.297606896000104, 22.78399891000015 ], [ 89.297946535000051, 22.783792736000123 ], [ 89.298160830000143, 22.783728093000036 ], [ 89.29852989200009, 22.783591959000091 ], [ 89.298973316, 22.783320653000033 ], [ 89.299490585000115, 22.78301579500004 ], [ 89.299900688000037, 22.78260694800008 ], [ 89.29993488100007, 22.78257285899997 ], [ 89.300305493, 22.782131856000035 ], [ 89.300329254000133, 22.781829976999973 ], [ 89.300346184000091, 22.781614883000145 ], [ 89.300454725000122, 22.781200251000087 ], [ 89.300532778000104, 22.780902076000018 ], [ 89.300645895000116, 22.780389939000031 ], [ 89.30061079800015, 22.780048780000129 ], [ 89.300502736000112, 22.779569546000118 ], [ 89.300393972000165, 22.779228063000176 ], [ 89.300211536000177, 22.778886260000036 ], [ 89.30011163000006, 22.778635613000176 ], [ 89.29999331800002, 22.778338792000056 ], [ 89.299974023000118, 22.778274954000096 ], [ 89.299920880000059, 22.778099121000025 ], [ 89.299848424000118, 22.777859394000188 ], [ 89.299841932000106, 22.777830604000087 ], [ 89.299740364000058, 22.777380162000156 ], [ 89.299635568000099, 22.777059969000049 ], [ 89.299597220000123, 22.776558096000144 ], [ 89.299565162000135, 22.776138521000178 ], [ 89.299695707000183, 22.775810459000013 ], [ 89.299715675000073, 22.775456834000181 ], [ 89.299731125000108, 22.775183222000067 ], [ 89.299452548000033, 22.773669620000078 ], [ 89.299453446000143, 22.773313347000169 ], [ 89.299456116000158, 22.772254184000019 ], [ 89.299618417000033, 22.772015890000034 ], [ 89.300074927000139, 22.770942362000028 ], [ 89.300430367000047, 22.770734789000187 ], [ 89.300979405000191, 22.770468311000172 ], [ 89.301916398000174, 22.769934646000138 ], [ 89.302724369000146, 22.769430288000137 ], [ 89.30411296900013, 22.76877907800008 ], [ 89.305661577000137, 22.768337683000084 ], [ 89.306217862000096, 22.768104770999969 ], [ 89.306791526000154, 22.767864580000094 ], [ 89.307533982999985, 22.767569043000094 ], [ 89.3087300050002, 22.76676757600012 ], [ 89.309603865000042, 22.765964709 ], [ 89.310285627000155, 22.764921997999977 ], [ 89.310773794000113, 22.76393820100003 ], [ 89.311099085000137, 22.763312210000038 ], [ 89.311340339000196, 22.762729112000102 ], [ 89.311555624000164, 22.762208771000132 ], [ 89.312010660000112, 22.761404081000137 ], [ 89.312110294000036, 22.760806992000028 ], [ 89.31176043500011, 22.759909206000032 ], [ 89.311539884000069, 22.758922350000091 ], [ 89.311317687000098, 22.758264121000025 ], [ 89.310838989000104, 22.757365778000064 ], [ 89.310681523000198, 22.756648076000033 ], [ 89.310429521000117, 22.755511702000149 ], [ 89.310431470000196, 22.755123323000078 ], [ 89.310499193000055, 22.75446634400015 ], [ 89.31059897800003, 22.753839380000159 ], [ 89.310680554000044, 22.753303196 ], [ 89.310698911000031, 22.753182540000125 ], [ 89.311093594999988, 22.75234827100013 ], [ 89.311257038000122, 22.75200278900013 ], [ 89.311476570000195, 22.751500131000114 ], [ 89.311522135000132, 22.75139644300009 ], [ 89.311786006000034, 22.75103399 ], [ 89.31172131600016, 22.750884663000022 ], [ 89.311730251000085, 22.750554696000165 ], [ 89.311643657000047, 22.750449614000161 ], [ 89.311607767999988, 22.750262018000114 ], [ 89.311498398000197, 22.750040233000107 ], [ 89.311444429000062, 22.749816426000166 ], [ 89.311444929000118, 22.749716768000098 ], [ 89.311445970000136, 22.749509302000149 ], [ 89.311594555000056, 22.749254751000137 ], [ 89.311798068000144, 22.74903205600009 ], [ 89.312094296000112, 22.748710391000031 ], [ 89.312630655000191, 22.748267813000041 ], [ 89.313203615000134, 22.747809579000148 ], [ 89.313720975000138, 22.747452730000191 ], [ 89.314109197000107, 22.747113392000188 ], [ 89.314331516000152, 22.7468410890001 ], [ 89.314517696000109, 22.746430875000101 ], [ 89.314685770000153, 22.745988966000027 ], [ 89.314760536000108, 22.745765712000036 ], [ 89.314909798000031, 22.745373402000098 ], [ 89.315067617000182, 22.745218257000147 ], [ 89.315150194000182, 22.745137311000178 ], [ 89.315398465000044, 22.74499091000007 ], [ 89.315722252000114, 22.74491618899998 ], [ 89.316145594000147, 22.744917999000165 ], [ 89.316329720000113, 22.74491878800012 ], [ 89.316753276000156, 22.744938667000099 ], [ 89.317158017000168, 22.745008145000156 ], [ 89.317617758000097, 22.745095927000136 ], [ 89.318041403000052, 22.745097737000094 ], [ 89.318518875000109, 22.745065649000082 ], [ 89.318917518000148, 22.744949457000075 ], [ 89.319039884000176, 22.744892733000029 ], [ 89.319181199000013, 22.744786983000154 ], [ 89.319378714000095, 22.744578693000165 ], [ 89.319508693000103, 22.744349201000148 ], [ 89.319589913000073, 22.74420913 ], [ 89.319648851000181, 22.744015186000127 ], [ 89.319726997000089, 22.743634066000027 ], [ 89.319760010000039, 22.743422720000126 ], [ 89.319780955000112, 22.743355886000131 ], [ 89.31987658200012, 22.743262536000032 ], [ 89.320049724000057, 22.743091597000046 ], [ 89.320329262000087, 22.742947126000047 ], [ 89.320628378000151, 22.742905376000181 ], [ 89.32116068900001, 22.742940025000109 ], [ 89.321497505000195, 22.742958014000067 ], [ 89.321423682000045, 22.742499261000034 ], [ 89.321132798000122, 22.741745999000045 ], [ 89.3209170840002, 22.74068593200019 ], [ 89.320882444000176, 22.740243152000176 ], [ 89.320996800000046, 22.739457742000184 ], [ 89.32107348, 22.738843804 ], [ 89.321296786000175, 22.738365987000179 ], [ 89.321631064000144, 22.737787017000073 ], [ 89.321998655000073, 22.737471317000029 ], [ 89.322185778, 22.737310609000076 ], [ 89.322629170000141, 22.737005355000065 ], [ 89.323256680000156, 22.736700883000083 ], [ 89.323810716000196, 22.736359961000119 ], [ 89.324253940000062, 22.736088577000032 ], [ 89.324662415000034, 22.735889316000168 ], [ 89.324807627000155, 22.735817661000169 ], [ 89.325005901000054, 22.735691686000166 ], [ 89.325287833000118, 22.73551255600006 ], [ 89.325731217, 22.735207296000056 ], [ 89.325990013000137, 22.734935130000054 ], [ 89.326286429000106, 22.734561496000083 ], [ 89.326503714000069, 22.734189788000037 ], [ 89.326546367000162, 22.734117703000038 ], [ 89.326836282000045, 22.733703032000108 ], [ 89.32688011200014, 22.733640342000058 ], [ 89.32700731000017, 22.733331486999987 ], [ 89.32710372300005, 22.733094770000037 ], [ 89.327167028000076, 22.732978646000049 ], [ 89.327400974000057, 22.732549504000019 ], [ 89.327699560000099, 22.731730987000105 ], [ 89.328182580000089, 22.730845494999983 ], [ 89.328774889000158, 22.730199842000161 ], [ 89.328883605000101, 22.730111620000116 ], [ 89.329403356000171, 22.729689841000152 ], [ 89.32999449100015, 22.729283561000102 ], [ 89.330333315000132, 22.72913367600006 ], [ 89.330990831000179, 22.728842845000031 ], [ 89.331772372999978, 22.728328954000062 ], [ 89.331776967, 22.727382734000116 ], [ 89.331582746000038, 22.726896381000131 ], [ 89.331130957000198, 22.725496585000087 ], [ 89.330677982000111, 22.72427970800004 ], [ 89.330522413000153, 22.723950536000189 ], [ 89.330377269000053, 22.72364342200018 ], [ 89.330027454000117, 22.723648580000031 ], [ 89.329814156000054, 22.723007140999982 ], [ 89.329610560000106, 22.722490028000095 ], [ 89.329405381000072, 22.722297960000049 ], [ 89.329210276000197, 22.72215373500012 ], [ 89.329077750000067, 22.721856808000155 ], [ 89.32901740900013, 22.721550623000098 ], [ 89.328978052000139, 22.721476768000116 ], [ 89.328741680000121, 22.721033206000186 ], [ 89.328691319000143, 22.720793985000057 ], [ 89.328629999000043, 22.720688564000113 ], [ 89.328113541000107, 22.720476753000071 ], [ 89.327901055000154, 22.720283563000066 ], [ 89.327859244000138, 22.72024554900014 ], [ 89.327674589000026, 22.720072686000151 ], [ 89.327634349000107, 22.719871749000106 ], [ 89.327532510000083, 22.719622751000088 ], [ 89.327430111000069, 22.719488476000095 ], [ 89.32716492600008, 22.719566083000018 ], [ 89.32706928500005, 22.719515639000122 ], [ 89.326967776000117, 22.71919971900013 ], [ 89.326896433000172, 22.71903689200002 ], [ 89.326953220000121, 22.718990491 ], [ 89.326989555000011, 22.718960801000037 ], [ 89.327028966000171, 22.718958817000043 ], [ 89.32716479000004, 22.718951979000053 ], [ 89.327269376000174, 22.718731601000115 ], [ 89.32738544, 22.718496062000042 ], [ 89.327573138999981, 22.718109276 ], [ 89.327681520000169, 22.718073881 ], [ 89.327752094000175, 22.717866239999978 ], [ 89.327861140000095, 22.71769461100007 ], [ 89.328017115000137, 22.717647555000099 ], [ 89.328679130000125, 22.717706357000168 ], [ 89.329334251000034, 22.717709108000122 ], [ 89.32987667499998, 22.71760975400008 ], [ 89.329989968000064, 22.717589906000057 ], [ 89.330579962000172, 22.717531399999984 ], [ 89.330845496000109, 22.716803071000072 ], [ 89.330847604000155, 22.716369479000036 ], [ 89.330849624000109, 22.715953954000042 ], [ 89.330589715000031, 22.715526040000157 ], [ 89.330439669000043, 22.715490460000069 ], [ 89.329542665000076, 22.715277755000159 ], [ 89.328665705000162, 22.715158487000053 ], [ 89.327157037000063, 22.715215035000085 ], [ 89.324721320000037, 22.715211144000023 ], [ 89.323906863000047, 22.715558903000158 ], [ 89.323121808000053, 22.715311684000028 ], [ 89.322599927999988, 22.714823932000172 ], [ 89.322667741000032, 22.714399654000033 ], [ 89.322406354000179, 22.714215620000118 ], [ 89.3222113, 22.713970896000092 ], [ 89.322308471000156, 22.713926595000089 ], [ 89.322192674000064, 22.713818368000091 ], [ 89.322260488000154, 22.713394090000179 ], [ 89.322216425000192, 22.713363993000087 ], [ 89.321787005000147, 22.713604435000093 ], [ 89.321738987000117, 22.713631521000025 ], [ 89.3213599340001, 22.713845333000108 ], [ 89.320505862000118, 22.714329509000038 ], [ 89.319721428000037, 22.714021297000102 ], [ 89.319197765000183, 22.713897120000013 ], [ 89.31870149700012, 22.713895008000065 ], [ 89.318084124000109, 22.713892377000093 ], [ 89.317360490000112, 22.713889290000111 ], [ 89.317035900000064, 22.71388790400016 ], [ 89.315921350000053, 22.714005091 ], [ 89.315329847000044, 22.714429383000095 ], [ 89.315589111000179, 22.714977009000108 ], [ 89.315064841000151, 22.714974764000033 ], [ 89.314294075000134, 22.714791913000113 ], [ 89.31401782800009, 22.71472637800008 ], [ 89.313757965000036, 22.714300699000148 ], [ 89.312903267000195, 22.714904515000171 ], [ 89.311722676000102, 22.715143339 ], [ 89.311655132, 22.715567613000132 ], [ 89.311064223000074, 22.715808970000126 ], [ 89.311388586000191, 22.716478831000018 ], [ 89.311215730000072, 22.716509998000049 ], [ 89.311168389000159, 22.716518534000045 ], [ 89.311060573000134, 22.716538394000111 ], [ 89.310340648000135, 22.716413340000031 ], [ 89.310013861000186, 22.716229009000131 ], [ 89.309428438000168, 22.715375091 ], [ 89.308380514000135, 22.715309588000025 ], [ 89.307531593000192, 22.714759398000126 ], [ 89.307125736000046, 22.714204353000127 ], [ 89.306815969000127, 22.713782961999982 ], [ 89.306604730000117, 22.713360389000115 ], [ 89.306565938000119, 22.713282786000036 ], [ 89.306404526000108, 22.712959398000066 ], [ 89.30609395700003, 22.712337169000023 ], [ 89.306158805999985, 22.712277184000129 ], [ 89.305800423000107, 22.711559152000063 ], [ 89.30543585300012, 22.71082871599998 ], [ 89.30528049500009, 22.709824051000112 ], [ 89.305298609000147, 22.709535466000091 ], [ 89.305319654000186, 22.709200158000101 ], [ 89.305408096000065, 22.707791065000094 ], [ 89.3055834970001, 22.70621436700003 ], [ 89.305675831000087, 22.705307442000048 ], [ 89.305927533000158, 22.704662999000107 ], [ 89.306015447000107, 22.704437908000045 ], [ 89.30603194300005, 22.704304739000122 ], [ 89.306032895000158, 22.704115045000037 ], [ 89.306033921000051, 22.703911798000036 ], [ 89.305966598000111, 22.703746649000152 ], [ 89.305871383000124, 22.703683000000126 ], [ 89.305735026000093, 22.703632727000127 ], [ 89.305612107000172, 22.70363219300009 ], [ 89.305434176000063, 22.703681105000044 ], [ 89.305229289000124, 22.70370505600016 ], [ 89.305079242000033, 22.70365472300017 ], [ 89.304820980000159, 22.703463898999985 ], [ 89.304602357000078, 22.703435848000083 ], [ 89.304110859000104, 22.703460813000106 ], [ 89.303879173000098, 22.70336947100003 ], [ 89.303702573000066, 22.703154163000136 ], [ 89.304467254000031, 22.702826976000154 ], [ 89.304951610000103, 22.702560196000093 ], [ 89.305528676000108, 22.702206864000175 ], [ 89.306114419000153, 22.701848215000098 ], [ 89.306890370000133, 22.701224180000054 ], [ 89.30737636900011, 22.700628761000075 ], [ 89.307742110000106, 22.699906700000099 ], [ 89.307879930000126, 22.699634609999976 ], [ 89.308221957000114, 22.69895935500017 ], [ 89.308233629000142, 22.698879238000188 ], [ 89.308722182000167, 22.695525759000077 ], [ 89.308706739000058, 22.695266779000178 ], [ 89.308543983999982, 22.692537373000107 ], [ 89.308374813000114, 22.692181310000024 ], [ 89.308254563000105, 22.691928211000175 ], [ 89.307259672000157, 22.6898341590001 ], [ 89.306324701000165, 22.688035077000109 ], [ 89.30582696100015, 22.687077300000169 ], [ 89.30579408900013, 22.687018675 ], [ 89.305296834000103, 22.686414136000167 ], [ 89.304617590000191, 22.685588328000051 ], [ 89.303826003000154, 22.684627354000156 ], [ 89.302890456000114, 22.683650152000098 ], [ 89.30209415000013, 22.682818374000192 ], [ 89.302070951000076, 22.682794142000148 ], [ 89.301134823000098, 22.682185511000171 ], [ 89.300645151000083, 22.68186714300009 ], [ 89.300301650000165, 22.681865643000151 ], [ 89.300162226000168, 22.681865033000122 ], [ 89.299453480000125, 22.681951563000155 ], [ 89.298871842000153, 22.68236728200003 ], [ 89.298480142000074, 22.682614655000123 ], [ 89.29835504600004, 22.682693656000026 ], [ 89.297772490000114, 22.683288626000035 ], [ 89.297059013000194, 22.684301284000128 ], [ 89.296540834000041, 22.684896531000106 ], [ 89.296087349000061, 22.685432309000021 ], [ 89.295634927000094, 22.685758957000075 ], [ 89.29501938500016, 22.686503150000078 ], [ 89.294742055000142, 22.686834427000065 ], [ 89.294371488000138, 22.687277076000157 ], [ 89.293798909000088, 22.6879925 ], [ 89.293561375000138, 22.688289290000057 ], [ 89.292750177000187, 22.689510629000154 ], [ 89.291903974000036, 22.690500220000047 ], [ 89.29162818400016, 22.690822738000065 ], [ 89.290612274000125, 22.692010761000063 ], [ 89.289552463000064, 22.693117814000061 ], [ 89.288087957000073, 22.694647560000192 ], [ 89.287297036999973, 22.695473693000054 ], [ 89.287254911000048, 22.695517695000149 ], [ 89.286597996000125, 22.696205445000032 ], [ 89.284899807000045, 22.697076222000021 ], [ 89.284473856000091, 22.697253574000172 ], [ 89.283547286000157, 22.697335361000057 ], [ 89.283314150000024, 22.697355939000033 ], [ 89.282580397000174, 22.697280949 ], [ 89.282117859000095, 22.697063766000099 ], [ 89.28169396100003, 22.696846757000174 ], [ 89.280924006000191, 22.696305531000121 ], [ 89.27943839600016, 22.695397252000021 ], [ 89.279010162000077, 22.695228129000157 ], [ 89.278012832000172, 22.694834244000162 ], [ 89.276571841000077, 22.694547022000052 ], [ 89.275716211000145, 22.694543153000154 ], [ 89.27378260800009, 22.695018492000145 ], [ 89.272970275000148, 22.695194060000119 ], [ 89.272544315000061, 22.69537138000004 ], [ 89.272195630000056, 22.695549050000182 ], [ 89.271978227000091, 22.695673753999984 ], [ 89.271885581999982, 22.69572689600011 ], [ 89.271769479000056, 22.69576221900013 ], [ 89.271150138000053, 22.69597450700013 ], [ 89.270686106000028, 22.696044096000094 ], [ 89.269718072000046, 22.696043763000148 ], [ 89.269141165, 22.69592949400004 ], [ 89.268768694000016, 22.695831659000191 ], [ 89.268489598000031, 22.695758349000187 ], [ 89.268444277000128, 22.695745872000089 ], [ 89.267945681000072, 22.69549381600001 ], [ 89.266223889000059, 22.695319683000093 ], [ 89.265729445000034, 22.695567674000131 ], [ 89.265411840000127, 22.695726969000077 ], [ 89.264360396000143, 22.696470053999974 ], [ 89.26423216, 22.697329892000084 ], [ 89.264287854000031, 22.698477384000171 ], [ 89.264278970000191, 22.700140836000116 ], [ 89.264906463000102, 22.70129242400003 ], [ 89.264870439000163, 22.703339525000047 ], [ 89.264858515000071, 22.704019323000125 ], [ 89.264827881000031, 22.704261948000067 ], [ 89.264436258000046, 22.707363567000073 ], [ 89.265140206000183, 22.710617302000117 ], [ 89.265281765000111, 22.71305582500014 ], [ 89.264552266000067, 22.714582118000067 ], [ 89.263565895000056, 22.715963820000127 ], [ 89.262324699000033, 22.716818525000065 ], [ 89.261549264000109, 22.717292960000179 ], [ 89.261087080000038, 22.717004016999965 ], [ 89.260370100000046, 22.716188079000119 ], [ 89.260329878000107, 22.714084632000095 ], [ 89.260247618000051, 22.709907264000151 ], [ 89.260208440000156, 22.707917689000112 ], [ 89.260233481, 22.707463497 ], [ 89.260398125000165, 22.704477026000063 ], [ 89.260488335000161, 22.702840640000034 ], [ 89.260550934000094, 22.701705084000082 ], [ 89.260674457000107, 22.697781114000122 ], [ 89.260478175000173, 22.696064173000082 ], [ 89.260379247000174, 22.695298892000096 ], [ 89.260385405000136, 22.69415168400019 ], [ 89.260544827000047, 22.693244191000133 ], [ 89.260703478000096, 22.692480100000068 ], [ 89.260864178000077, 22.691333606000057 ], [ 89.260944263000056, 22.690936152000063 ], [ 89.26107587700011, 22.690282949999983 ], [ 89.261445445000106, 22.688611601 ], [ 89.262223019000146, 22.687706957000103 ], [ 89.262741737000056, 22.687040125000181 ], [ 89.263279159000149, 22.686382040000183 ], [ 89.263363987000048, 22.6862781640001 ], [ 89.263573871000176, 22.685562106000191 ], [ 89.263527209000074, 22.684653661000084 ], [ 89.263529725000069, 22.684182828000132 ], [ 89.2635312540001, 22.683896566000044 ], [ 89.263721323000141, 22.682710902 ], [ 89.263955189000114, 22.681261173000053 ], [ 89.263976866000064, 22.681183260000068 ], [ 89.264167557000121, 22.680497866000053 ], [ 89.264173679000066, 22.679350655000064 ], [ 89.263908772000093, 22.677876697000158 ], [ 89.263623398000107, 22.676288821000071 ], [ 89.263335630000086, 22.675441215999967 ], [ 89.263190782000038, 22.675014568000051 ], [ 89.262605707000034, 22.673291214000074 ], [ 89.261852636000128, 22.669870762000073 ], [ 89.261499801000184, 22.668268128000136 ], [ 89.261602826000058, 22.667341383000121 ], [ 89.261611965000043, 22.667259174000151 ], [ 89.261956450000184, 22.666744023999968 ], [ 89.262114107000173, 22.666508259000125 ], [ 89.263216503000081, 22.665921008999987 ], [ 89.263529427000037, 22.665807834000134 ], [ 89.264016514000105, 22.665683061000038 ], [ 89.265145301000189, 22.665393901000073 ], [ 89.267111776000093, 22.664628520000122 ], [ 89.267573641000183, 22.664454485000192 ], [ 89.267900602000168, 22.664331282000035 ], [ 89.268691027999978, 22.664033435000135 ], [ 89.270502949000104, 22.663267307000183 ], [ 89.271124465000185, 22.662867734000088 ], [ 89.273138682000138, 22.661572762000048 ], [ 89.273592540000038, 22.661204420000104 ], [ 89.273915778000116, 22.660942086000091 ], [ 89.275777156000117, 22.659919672000058 ], [ 89.276223249000168, 22.659674636000034 ], [ 89.276585875000137, 22.65950281500011 ], [ 89.276652876000071, 22.659471069000119 ], [ 89.278324096000176, 22.658681413000181 ], [ 89.27954570300011, 22.658341418000191 ], [ 89.279585747, 22.658330273000047 ], [ 89.28068504200013, 22.658023561999983 ], [ 89.28519372300002, 22.656812947000105 ], [ 89.286866913000097, 22.656293073000086 ], [ 89.287184894000063, 22.656194270000185 ], [ 89.288547207000022, 22.655770969000059 ], [ 89.291360636000036, 22.654697173000045 ], [ 89.292352180000194, 22.654396680000104 ], [ 89.292461362000154, 22.654363391000118 ], [ 89.293483854000044, 22.654051631000073 ], [ 89.294822001000171, 22.653463211000087 ], [ 89.296239825000043, 22.652839734999986 ], [ 89.296872081000174, 22.652569815000049 ], [ 89.300381503000096, 22.651071522000166 ], [ 89.302924466000093, 22.649074935000044 ], [ 89.303199885000026, 22.648859330000107 ], [ 89.303186228000072, 22.648811477000095 ], [ 89.30301317600015, 22.648205117000032 ], [ 89.302774623000062, 22.647369235000156 ], [ 89.30214498700019, 22.646734517000027 ], [ 89.301375147000044, 22.645958453000162 ], [ 89.300608330000102, 22.645498924000037 ], [ 89.299726869000096, 22.644977915000027 ], [ 89.29816206300012, 22.644242471999974 ], [ 89.297636428000089, 22.643995423999968 ], [ 89.293147633, 22.641362794000145 ], [ 89.293003576000103, 22.641280009000127 ], [ 89.289186021000148, 22.639086108000015 ], [ 89.286316416000147, 22.637436877000084 ], [ 89.283877120000113, 22.636034884000026 ], [ 89.282826571000101, 22.635473390000072 ], [ 89.28175518, 22.634900742000127 ], [ 89.280764728000122, 22.634398645999966 ], [ 89.280715273000055, 22.634373575000097 ], [ 89.279844976000049, 22.633932382000125 ], [ 89.279473242000051, 22.633664227000054 ], [ 89.277317359999984, 22.63211434100009 ], [ 89.276557299999979, 22.631409698000141 ], [ 89.276046926000049, 22.630936531000145 ], [ 89.276315362000048, 22.629557901000112 ], [ 89.276451518000158, 22.628585170000179 ], [ 89.276782208000157, 22.627918194000074 ], [ 89.277243620000149, 22.627373754000132 ], [ 89.278753549000101, 22.626590130000125 ], [ 89.280786439000053, 22.625991764 ], [ 89.283539674000053, 22.625335616000086 ], [ 89.287407062000113, 22.624440468999978 ], [ 89.289047646000142, 22.623718303000089 ], [ 89.289165544000127, 22.623029141000131 ], [ 89.287964283000122, 22.621677611 ], [ 89.287545057999978, 22.621481532000018 ], [ 89.286527358000171, 22.62100275500012 ], [ 89.285806698000044, 22.621121500000072 ], [ 89.283970648000036, 22.621659838000028 ], [ 89.282045011000093, 22.622071743000106 ], [ 89.279513411000096, 22.622613228999967 ], [ 89.27732971100005, 22.623406565999971 ], [ 89.277156886000057, 22.623469351000097 ], [ 89.276338082000166, 22.623766811000053 ], [ 89.275702559000081, 22.623997683000141 ], [ 89.275381041000117, 22.624114483000028 ], [ 89.271635726000113, 22.62592177099998 ], [ 89.271295507000104, 22.626077653000095 ], [ 89.270326690000161, 22.626521546000163 ], [ 89.268290508000064, 22.627790490000166 ], [ 89.267597401000046, 22.628299192000156 ], [ 89.265431271000011, 22.629888964000031 ], [ 89.265052751000155, 22.630315108000161 ], [ 89.264414373000079, 22.631033796999986 ], [ 89.2635653170002, 22.632179391000136 ], [ 89.263515096000049, 22.63230721400015 ], [ 89.26312601800015, 22.633297507000066 ], [ 89.26327700100012, 22.634047556000041 ], [ 89.263373095000077, 22.634524918000125 ], [ 89.264512285000194, 22.636463278000122 ], [ 89.265363427000125, 22.638173982000069 ], [ 89.265567516000033, 22.63858417299997 ], [ 89.265694492000023, 22.638839946000076 ], [ 89.266062631000068, 22.640495109000028 ], [ 89.266193781000084, 22.641084757000101 ], [ 89.266363923000085, 22.643806826 ], [ 89.266363929000079, 22.644106103000183 ], [ 89.266363954000042, 22.645347006000065 ], [ 89.266156189000128, 22.647473405000085 ], [ 89.265927541000053, 22.648211574000129 ], [ 89.265545441000086, 22.649445126000046 ], [ 89.265423423000072, 22.64983903500007 ], [ 89.264524840000092, 22.651871380000102 ], [ 89.264296400000035, 22.652388036 ], [ 89.263039854000112, 22.654692533000173 ], [ 89.262477392000164, 22.655402356000025 ], [ 89.262114478000115, 22.655860345000178 ], [ 89.261861908000185, 22.656794130000094 ], [ 89.260532663000106, 22.657793914000024 ], [ 89.260172836000038, 22.658064552000042 ], [ 89.25841570200015, 22.6583545310001 ], [ 89.256143575000181, 22.658427556000049 ], [ 89.253589320000174, 22.658476653000093 ], [ 89.252673942000058, 22.658228486999974 ], [ 89.252238595000051, 22.657630259000086 ], [ 89.251698797000131, 22.656887011000038 ], [ 89.251622809000082, 22.656750179000085 ], [ 89.251276349000193, 22.656126306000033 ], [ 89.250926185000139, 22.65549575700004 ], [ 89.250913164000053, 22.655458527000121 ], [ 89.250614532000043, 22.65471376000005 ], [ 89.250413458000082, 22.65404924600017 ], [ 89.250369712, 22.653901053000084 ], [ 89.250194454999985, 22.652980051000043 ], [ 89.250185474000091, 22.652262983000071 ], [ 89.250200685000152, 22.651832839000178 ], [ 89.250205492000134, 22.651802235000105 ], [ 89.250320713000178, 22.651068574000078 ], [ 89.2503620600001, 22.649734181000099 ], [ 89.250361984000108, 22.649665725000091 ], [ 89.250359776000096, 22.647667666000075 ], [ 89.25022893400012, 22.646850909000079 ], [ 89.250120679000133, 22.646175134000032 ], [ 89.249993966000034, 22.645879274000094 ], [ 89.249696045000178, 22.645183652000071 ], [ 89.249313708000045, 22.644464836999987 ], [ 89.249270060000185, 22.644353486000114 ], [ 89.249181560000125, 22.644127710000078 ], [ 89.249054657000045, 22.643803960000128 ], [ 89.248924352000188, 22.643616923000025 ], [ 89.248732252000082, 22.64342959600009 ], [ 89.24864841200008, 22.643221265000136 ], [ 89.24828711400005, 22.642896910000047 ], [ 89.247648554000136, 22.642420678000065 ], [ 89.247619078000184, 22.642400303999977 ], [ 89.246917462000056, 22.641915327999982 ], [ 89.246464299000081, 22.641439962000106 ], [ 89.246337571000083, 22.641353868000067 ], [ 89.246017924000057, 22.641136713000151 ], [ 89.245779436000191, 22.640974153 ], [ 89.245465326000158, 22.640760045999968 ], [ 89.244992833000197, 22.640245319000144 ], [ 89.244856700000071, 22.64009701700013 ], [ 89.244395551000196, 22.639594640000041 ], [ 89.243556844000125, 22.638199556000075 ], [ 89.243239474000177, 22.636567551000098 ], [ 89.243572802000074, 22.63500636100008 ], [ 89.24527301400002, 22.633508068000026 ], [ 89.245676227000104, 22.633137488000102 ], [ 89.247231180000028, 22.631708351000043 ], [ 89.247311508000109, 22.63165707800016 ], [ 89.248147867000114, 22.631123227000103 ], [ 89.249341204000189, 22.630362892 ], [ 89.251311857000076, 22.629107253000143 ], [ 89.251929616000155, 22.628713626000149 ], [ 89.252120266000077, 22.628592146000074 ], [ 89.254857661000187, 22.626732727000103 ], [ 89.255593181000108, 22.626228894000064 ], [ 89.257427734000146, 22.624972188000015 ], [ 89.258181365000041, 22.624455922000095 ], [ 89.259590135000053, 22.622762951000084 ], [ 89.25988116100018, 22.622413207000136 ], [ 89.260105232000171, 22.621964830000081 ], [ 89.260563065000099, 22.621050252000089 ], [ 89.260603767000077, 22.620968944000083 ], [ 89.260871781000048, 22.619466126000077 ], [ 89.260423886000069, 22.618499753000151 ], [ 89.259776384000133, 22.618128658999979 ], [ 89.25880590700001, 22.617882537000071 ], [ 89.258024465, 22.617827579000163 ], [ 89.256984331000126, 22.617754422000019 ], [ 89.254838254000106, 22.617864163000149 ], [ 89.252827201000059, 22.617913526000052 ], [ 89.251666943000146, 22.617907136000042 ], [ 89.250162756000122, 22.61789883900019 ], [ 89.249974457000121, 22.617890604000138 ], [ 89.248601752000127, 22.617830562000108 ], [ 89.247110435000081, 22.617640647000144 ], [ 89.245750881000049, 22.617153239000118 ], [ 89.244654105000052, 22.615709523000021 ], [ 89.244608455000048, 22.615619298000126 ], [ 89.24401157200009, 22.614439572000038 ], [ 89.243722653000077, 22.612707340000043 ], [ 89.243677435000109, 22.612436226 ], [ 89.243605585000182, 22.612005435000185 ], [ 89.243508439000152, 22.61142232900005 ], [ 89.243409929000165, 22.610757328000034 ], [ 89.243305233, 22.610050563000073 ], [ 89.243257720000088, 22.609731915000168 ], [ 89.243458549000081, 22.608646601000089 ], [ 89.243853259000048, 22.607745127999976 ], [ 89.244962124000097, 22.606905733000076 ], [ 89.247627753000074, 22.60649594 ], [ 89.2481466320001, 22.606524811000043 ], [ 89.249267551000059, 22.60658717400014 ], [ 89.249965414000144, 22.606626571999982 ], [ 89.251408332000153, 22.606633308000028 ], [ 89.252563680000037, 22.606638691 ], [ 89.252884558000119, 22.606640185000174 ], [ 89.25297566900008, 22.606640609000181 ], [ 89.253894173000049, 22.606644881000022 ], [ 89.253943185000196, 22.606645109 ], [ 89.25431764800004, 22.606646849000185 ], [ 89.255642580000199, 22.606505675000051 ], [ 89.25572430700015, 22.606496967 ], [ 89.255942463000054, 22.606473720000167 ], [ 89.256333412000174, 22.606377907000137 ], [ 89.2576336300001, 22.606059241000025 ], [ 89.259066452000184, 22.605343192000021 ], [ 89.259396292000133, 22.605123396000124 ], [ 89.260420603000057, 22.604439323000122 ], [ 89.26121790000019, 22.603905510000118 ], [ 89.262250259999973, 22.602956169000151 ], [ 89.263502656000071, 22.601804457000071 ], [ 89.264747253999985, 22.599820563000037 ], [ 89.26499494900014, 22.598920617000033 ], [ 89.265078349000134, 22.598616124000159 ], [ 89.265069296000036, 22.598272790000181 ], [ 89.265038817000061, 22.597116782000057 ], [ 89.265021337000064, 22.596453806000113 ], [ 89.264994950000073, 22.595453055000178 ], [ 89.264952985000093, 22.593861449000144 ], [ 89.26491613200011, 22.592463650000184 ], [ 89.264908462000051, 22.592368632000159 ], [ 89.264780017000135, 22.590777144000072 ], [ 89.264706085000057, 22.589861093000081 ], [ 89.264672535000159, 22.589445385000147 ], [ 89.264634804000139, 22.588117659000034 ], [ 89.264617720000103, 22.587516507000032 ], [ 89.264513687000147, 22.586952914000051 ], [ 89.264238892000037, 22.585464195000043 ], [ 89.264213262000055, 22.585348231000069 ], [ 89.263985079000122, 22.584315789000073 ], [ 89.263859118000084, 22.583592544 ], [ 89.263720925000086, 22.583054423000135 ], [ 89.263629492000064, 22.582698709000056 ], [ 89.263233446000186, 22.581157879000102 ], [ 89.263216695000096, 22.581092706000106 ], [ 89.262606246000132, 22.578717677000157 ], [ 89.262586520000127, 22.578640925 ], [ 89.262081328000079, 22.576765207999983 ], [ 89.261822230000121, 22.575803189000055 ], [ 89.261301545000094, 22.574373520000165 ], [ 89.261118206000106, 22.573869065999986 ], [ 89.261029028000053, 22.573595198000078 ], [ 89.260607094000136, 22.572299420000149 ], [ 89.259705373000031, 22.570906386 ], [ 89.259427087000063, 22.570708626000169 ], [ 89.258346687000028, 22.569935807000093 ], [ 89.256531672000051, 22.569324442000038 ], [ 89.255604267000137, 22.569104478000099 ], [ 89.254715704000091, 22.568893720000119 ], [ 89.252510087000132, 22.568461167000123 ], [ 89.249395072000198, 22.568024340000079 ], [ 89.246929252000143, 22.567712447000133 ], [ 89.245177759000057, 22.567340639000122 ], [ 89.244087647000129, 22.567030637000016 ], [ 89.243880967000052, 22.566973207000103 ], [ 89.242399570000146, 22.56473499000009 ], [ 89.241017700000043, 22.562813396000081 ], [ 89.240659649000179, 22.562314868000044 ], [ 89.239119930000015, 22.558870388000116 ], [ 89.238785440000072, 22.55813499500016 ], [ 89.238349932000119, 22.557177500000023 ], [ 89.237344294000195, 22.555616736000047 ], [ 89.237062219000052, 22.555179536000139 ], [ 89.236466728000039, 22.554267735000053 ], [ 89.235957040000187, 22.5534873040001 ], [ 89.235838901000079, 22.553306077000116 ], [ 89.235587029000044, 22.551857280000036 ], [ 89.235524989000055, 22.551312722000091 ], [ 89.235655845000053, 22.550012537999976 ], [ 89.235731091000048, 22.549263124000163 ], [ 89.235804422000172, 22.547757156000046 ], [ 89.23639613000006, 22.54643205800005 ], [ 89.237640924000061, 22.544387381000035 ], [ 89.238905278000061, 22.54264591000009 ], [ 89.239211196000099, 22.542224541000166 ], [ 89.23983284000002, 22.541563382000049 ], [ 89.2399384040001, 22.541451107000114 ], [ 89.240906894000091, 22.540420429999983 ], [ 89.241308495, 22.539994338000099 ], [ 89.241533799000194, 22.539794232000077 ], [ 89.243062463000172, 22.538441900000066 ], [ 89.244234029000154, 22.537480835000054 ], [ 89.245083782, 22.53645953 ], [ 89.245986121000158, 22.535198015 ], [ 89.246027218999984, 22.535140558000137 ], [ 89.246848762000013, 22.53399264300009 ], [ 89.247571248000099, 22.532729085000028 ], [ 89.247898344000191, 22.532089241000165 ], [ 89.248094897000044, 22.531706241000109 ], [ 89.248751224000046, 22.530142005000187 ], [ 89.248996588000125, 22.529094544000088 ], [ 89.249216243000092, 22.528156822000142 ], [ 89.249287847000119, 22.527078527000185 ], [ 89.249330295000107, 22.52643929400017 ], [ 89.249360465000109, 22.525984954000023 ], [ 89.249376192000057, 22.52551230500012 ], [ 89.249431195999989, 22.523859277000099 ], [ 89.24943965000017, 22.523605213000053 ], [ 89.249440633000177, 22.52357565799997 ], [ 89.24935093900001, 22.522585961000061 ], [ 89.249205778000032, 22.520984227000099 ], [ 89.249140125000167, 22.520256728 ], [ 89.249140630000113, 22.520181134000154 ], [ 89.249151903000097, 22.518495560000133 ], [ 89.249155104000067, 22.518016997000075 ], [ 89.249159079000151, 22.517422577000104 ], [ 89.249219032000042, 22.516955376000055 ], [ 89.24949914400014, 22.514766069000189 ], [ 89.249254406000148, 22.512655623 ], [ 89.24928301000017, 22.512383442000157 ], [ 89.249290954000116, 22.512307852000106 ], [ 89.249526969000044, 22.510062033000168 ], [ 89.249569903, 22.509613165000189 ], [ 89.249589221, 22.509411200000045 ], [ 89.249804847000121, 22.507156816000077 ], [ 89.250459828000032, 22.505420924000134 ], [ 89.250569678000033, 22.505135056000086 ], [ 89.250716294000085, 22.504753513000082 ], [ 89.251639670000145, 22.502350518000128 ], [ 89.252246363000154, 22.500854463000053 ], [ 89.252492531000087, 22.500247421000097 ], [ 89.252528198000107, 22.500168541000107 ], [ 89.253046185000073, 22.499015711000141 ], [ 89.253255471000159, 22.498549916000059 ], [ 89.253412203000153, 22.498201087000041 ], [ 89.25470433300012, 22.496176702000184 ], [ 89.254961533000085, 22.49577373700015 ], [ 89.25498420800011, 22.495737708000092 ], [ 89.256226562000052, 22.494293576000132 ], [ 89.257592529000192, 22.492793539000104 ], [ 89.258570655000085, 22.491953411000054 ], [ 89.260112354000057, 22.490902005000066 ], [ 89.260327155000141, 22.490755512000135 ], [ 89.26053189400011, 22.490587075000121 ], [ 89.261893671000053, 22.489459614000054 ], [ 89.262282712, 22.489136191000171 ], [ 89.263413931000116, 22.488442471000155 ], [ 89.264040943999987, 22.488057948000062 ], [ 89.266906573000085, 22.486201072000085 ], [ 89.267214707000164, 22.486056022000128 ], [ 89.268379529000072, 22.485507687000165 ], [ 89.269225849000122, 22.485109277000049 ], [ 89.269443916000114, 22.485006619999979 ], [ 89.270935325000153, 22.484277701000167 ], [ 89.272502238000015, 22.483511855000074 ], [ 89.272592529000121, 22.483472728000095 ], [ 89.274125816000094, 22.482808267000109 ], [ 89.274843836000173, 22.482497100000046 ], [ 89.275447394000196, 22.482219906000182 ], [ 89.278096756000195, 22.481003102000045 ], [ 89.28089455900016, 22.479628958000035 ], [ 89.281999076000147, 22.479174893000049 ], [ 89.282780371, 22.478853699000126 ], [ 89.283626377000019, 22.478435143000127 ], [ 89.284538619000045, 22.47771651000005 ], [ 89.285066925000194, 22.477188481000155 ], [ 89.285321473000124, 22.476934063999977 ], [ 89.285520199000075, 22.476151285000128 ], [ 89.285590158000048, 22.47512628700008 ], [ 89.285348369000076, 22.474474801000156 ], [ 89.285264181000173, 22.474247519000187 ], [ 89.285142243000053, 22.473918325000113 ], [ 89.284018531000129, 22.473156916000107 ], [ 89.283978068000067, 22.473129498000162 ], [ 89.283289218000107, 22.47289869500014 ], [ 89.281969804000198, 22.472456606000094 ], [ 89.280894549000152, 22.472183153000117 ], [ 89.27937506700016, 22.471796713000117 ], [ 89.279312462000064, 22.471780791000185 ], [ 89.275944184000082, 22.470559725000044 ], [ 89.273712216000149, 22.469744484000046 ], [ 89.27277033900009, 22.469400445000076 ], [ 89.271060561000013, 22.469008562000056 ], [ 89.269561838000129, 22.468665036000061 ], [ 89.269011203000105, 22.468538820000106 ], [ 89.267968876000111, 22.468318731000068 ], [ 89.265407593000191, 22.467777881000131 ], [ 89.265047696000181, 22.467701881000039 ], [ 89.264343988000064, 22.467553273000192 ], [ 89.259789675000093, 22.466752001000145 ], [ 89.258703409000077, 22.466560866000066 ], [ 89.257756853000103, 22.466127419000145 ], [ 89.256928466000033, 22.465748715000075 ], [ 89.256178868000177, 22.465404245000173 ], [ 89.255601575000128, 22.464134632000025 ], [ 89.255088962000059, 22.462926293000123 ], [ 89.255224454000086, 22.461840640000105 ], [ 89.25537429600007, 22.461195435000093 ], [ 89.255490247000125, 22.46069686900006 ], [ 89.256211061000101, 22.459372267000049 ], [ 89.257256209000047, 22.458051414000124 ], [ 89.257336648000035, 22.457922033000159 ], [ 89.258041660000117, 22.456788075000134 ], [ 89.258643112000129, 22.455384965 ], [ 89.258764350000035, 22.455102128000135 ], [ 89.258991502000185, 22.454477599000086 ], [ 89.25901116100016, 22.45443590900004 ], [ 89.259023144000139, 22.45440999200008 ], [ 89.259034826000061, 22.454384076000053 ], [ 89.259050189000163, 22.45435027100001 ], [ 89.259065250000106, 22.454316465999966 ], [ 89.259076017000154, 22.45429054300007 ], [ 89.259086631000173, 22.454264620000117 ], [ 89.259099872000093, 22.454230803000087 ], [ 89.259109576000185, 22.454204877000109 ], [ 89.259118369000134, 22.454178946000184 ], [ 89.259129483000152, 22.454145121000124 ], [ 89.25913706200015, 22.454119184000035 ], [ 89.259143881000114, 22.454093243999978 ], [ 89.259151654000107, 22.454059405000123 ], [ 89.259158212000159, 22.454025560000105 ], [ 89.25916199500017, 22.453999605000149 ], [ 89.2591650170001, 22.453973648000044 ], [ 89.259167626000192, 22.453939784000113 ], [ 89.259168826000121, 22.453913818000046 ], [ 89.259168964000139, 22.453887848000079 ], [ 89.259168084000066, 22.453853966999986 ], [ 89.259165833000168, 22.453820084000142 ], [ 89.259163086000171, 22.453794099000049 ], [ 89.259159883000166, 22.453768110999988 ], [ 89.25915444400016, 22.453734210000107 ], [ 89.259147789000053, 22.453700307000076 ], [ 89.25914007300014, 22.453666393000105 ], [ 89.259130287000062, 22.453628182000045 ], [ 89.259116084000198, 22.453580464000026 ], [ 89.259104875000048, 22.453546537000136 ], [ 89.259092451000129, 22.453512604000082 ], [ 89.259082719, 22.453486588000089 ], [ 89.259072682000181, 22.453460570000061 ], [ 89.259058288000062, 22.453426628999978 ], [ 89.25904328200005, 22.453392684000107 ], [ 89.25902751700005, 22.453358739000066 ], [ 89.259011146000034, 22.453324786 ], [ 89.258994165000161, 22.453290833000153 ], [ 89.258976733000111, 22.453256874999965 ], [ 89.258958692000135, 22.453222920000087 ], [ 89.258940191000136, 22.453188958000112 ], [ 89.258921390000069, 22.453154994000158 ], [ 89.258902136000074, 22.453121032000013 ], [ 89.25888272800006, 22.453087067000126 ], [ 89.258862862000058, 22.453053098999987 ], [ 89.258842998000148, 22.453019132000122 ], [ 89.258822832000078, 22.452985164000154 ], [ 89.258802665000132, 22.452951197000118 ], [ 89.25878234400011, 22.452917228000047 ], [ 89.258762024000021, 22.452883258000043 ], [ 89.258741856000142, 22.452849289000028 ], [ 89.258726645000024, 22.452825506000067 ], [ 89.25871160000014, 22.452799467000148 ], [ 89.258691581000164, 22.452765498000076 ], [ 89.258676991000186, 22.452739459000156 ], [ 89.258662236000134, 22.452715679000164 ], [ 89.258642980000161, 22.452681713000175 ], [ 89.258623876000172, 22.452647751000029 ], [ 89.258609879000176, 22.452623974000119 ], [ 89.258595894000166, 22.45259793800011 ], [ 89.258577702000082, 22.452563978000114 ], [ 89.258559656000159, 22.452531152000063 ], [ 89.258541758000092, 22.452498320000188 ], [ 89.258524324000064, 22.452464368000051 ], [ 89.258506892000071, 22.452430409000158 ], [ 89.258489602000054, 22.452397582 ], [ 89.258472466000057, 22.452364759000091 ], [ 89.258455634000086, 22.452331933000039 ], [ 89.258438799000032, 22.452299111000116 ], [ 89.258426182000164, 22.452273081000101 ], [ 89.258413704000191, 22.452249310000184 ], [ 89.258401231000107, 22.452225540000029 ], [ 89.258388764000074, 22.452199513000096 ], [ 89.258372229000031, 22.452167817000088 ], [ 89.258355700000152, 22.452134996000154 ], [ 89.258339169000124, 22.452102173000185 ], [ 89.258322635000184, 22.452070479000042 ], [ 89.258310155000061, 22.452046710000104 ], [ 89.258297844000197, 22.452020681000192 ], [ 89.258281006, 22.45198898700005 ], [ 89.258264319000148, 22.451957292000031 ], [ 89.258247330000074, 22.451925599000162 ], [ 89.258230489000198, 22.451893902000108 ], [ 89.258213349000187, 22.451862208000136 ], [ 89.258200413, 22.451838432000102 ], [ 89.258187329000179, 22.451814660000139 ], [ 89.258174244000088, 22.451790888000119 ], [ 89.258160855000142, 22.451767110999981 ], [ 89.258147468000175, 22.451743340000064 ], [ 89.258133929000053, 22.451719563000154 ], [ 89.258120388000066, 22.451695788000052 ], [ 89.258106386000122, 22.451673140000139 ], [ 89.258092385000168, 22.451650491000123 ], [ 89.258078390000151, 22.451626714000042 ], [ 89.258059266000146, 22.451596138000127 ], [ 89.258039839000048, 22.451565561 ], [ 89.258019960000127, 22.451534980000076 ], [ 89.25800504700004, 22.451512328000149 ], [ 89.257989678000058, 22.45148967300014 ], [ 89.257974312000044, 22.451467019000063 ], [ 89.257958486000177, 22.4514443650001 ], [ 89.257937079999977, 22.451414904999979 ], [ 89.257915220000143, 22.451385447000064 ], [ 89.257893060000072, 22.45135485600008 ], [ 89.257870435000086, 22.451326522000045 ], [ 89.257847355000138, 22.451297057000033 ], [ 89.257823975000122, 22.451267591000033 ], [ 89.257806013000049, 22.45124718500017 ], [ 89.257787912000083, 22.451224516000138 ], [ 89.257769495000048, 22.451204105000159 ], [ 89.257750939000118, 22.451181437000059 ], [ 89.257732371000031, 22.451161026000023 ], [ 89.257713346000116, 22.45114061400011 ], [ 89.257687525000051, 22.451113393000071 ], [ 89.257661562000123, 22.45108391500014 ], [ 89.25764177800005, 22.451063499000043 ], [ 89.257621687000096, 22.451044212000113 ], [ 89.257594794000113, 22.451018116000114 ], [ 89.25756730300003, 22.450990887000103 ], [ 89.257539656000176, 22.450964790000114 ], [ 89.257518497000092, 22.450945497000077 ], [ 89.257497491000152, 22.450926203000051 ], [ 89.257475881000119, 22.45090690800015 ], [ 89.257454420000045, 22.450887612000145 ], [ 89.257432657000095, 22.45086831600014 ], [ 89.257410426000092, 22.450851276000151 ], [ 89.25738820600003, 22.450831978000167 ], [ 89.257365978000166, 22.450814938000178 ], [ 89.257335892000185, 22.450789958000087 ], [ 89.257313205000173, 22.450772914000083 ], [ 89.257290062000095, 22.450755868999977 ], [ 89.25725920800005, 22.450733143999969 ], [ 89.257227893000049, 22.450710418000028 ], [ 89.257196430000192, 22.450687687000027 ], [ 89.257164504, 22.450666085000023 ], [ 89.257140447000097, 22.450650167000106 ], [ 89.257116234000137, 22.450634246000163 ], [ 89.257083849000196, 22.450613772000054 ], [ 89.257050853000123, 22.450593293000054 ], [ 89.257026023000037, 22.450579629000174 ], [ 89.25700105400017, 22.450563708000175 ], [ 89.256967590000045, 22.450545485000191 ], [ 89.256933672000116, 22.450527263000083 ], [ 89.256899757000042, 22.450509039000167 ], [ 89.256874015000051, 22.450495369000123 ], [ 89.256848117000061, 22.450482830000055 ], [ 89.256822215000057, 22.450470288000076 ], [ 89.256796163, 22.450457748000133 ], [ 89.256761023000138, 22.450441777000094 ], [ 89.256725869000036, 22.450426936000042 ], [ 89.256690264000042, 22.450412093000125 ], [ 89.256654503, 22.450398378000159 ], [ 89.256618737000053, 22.450384665 ], [ 89.256591611000147, 22.450374375000024 ], [ 89.256564334000075, 22.450364088000185 ], [ 89.256537056000127, 22.45035379900014 ], [ 89.256509769000104, 22.450344639000093 ], [ 89.256482487000142, 22.450335482000128 ], [ 89.256454748000067, 22.450326320000045 ], [ 89.256418064000059, 22.450314859000116 ], [ 89.256381070000032, 22.450303394000116 ], [ 89.256353027000102, 22.45029423200009 ], [ 89.25632527800002, 22.450287331000141 ], [ 89.25628798300005, 22.45027586599997 ], [ 89.256259927000031, 22.450268961 ], [ 89.256231871000011, 22.450262058000078 ], [ 89.256203817000198, 22.450255152000068 ], [ 89.256175620000079, 22.450245991000088 ], [ 89.256138011000075, 22.450236783000037 ], [ 89.256109807000087, 22.45022987699997 ], [ 89.256081295000172, 22.450222970000027 ], [ 89.256043686000169, 22.450213764000182 ], [ 89.256005767000147, 22.450205684000025 ], [ 89.255977552000047, 22.450199909 ], [ 89.255949042000168, 22.450193002000049 ], [ 89.255920531000015, 22.450186097000085 ], [ 89.255892166000081, 22.450180318999969 ], [ 89.255854247000059, 22.450172240000086 ], [ 89.255816327000105, 22.450164162000135 ], [ 89.255779429000086, 22.450156298000024 ], [ 89.255740488000129, 22.450148001000173 ], [ 89.255711820000101, 22.450142225000036 ], [ 89.255683457000146, 22.450136451000105 ], [ 89.255645377000178, 22.450129496000102 ], [ 89.255616862000068, 22.450123720000192 ], [ 89.255588344000159, 22.450117941000144 ], [ 89.255550266000057, 22.450110991000088 ], [ 89.255512038000063, 22.450104039000053 ], [ 89.255483673000128, 22.450098263000143 ], [ 89.255455004000169, 22.450092486000074 ], [ 89.255416776000175, 22.450085533000106 ], [ 89.255388095000058, 22.450082011 ], [ 89.255359577000149, 22.450076235999973 ], [ 89.255321501000196, 22.450069288000122 ], [ 89.255283272000156, 22.450062332000073 ], [ 89.255245044, 22.450055382000016 ], [ 89.255216362000112, 22.450051862000123 ], [ 89.255187697000167, 22.450046083000075 ], [ 89.255149458000119, 22.450040263000119 ], [ 89.255111224000132, 22.450034440000081 ], [ 89.255082252000022, 22.450028657000018 ], [ 89.255053573000055, 22.450025142000186 ], [ 89.255024904000095, 22.450019362000091 ], [ 89.254996223000092, 22.450015841000038 ], [ 89.254957993000176, 22.450008893000188 ], [ 89.254919606999977, 22.450003067000068 ], [ 89.254881221000176, 22.449997243000098 ], [ 89.254852539000126, 22.449993722999977 ], [ 89.254823718000125, 22.449987944000156 ], [ 89.254785327000093, 22.449983250000116 ], [ 89.254747098, 22.449976299000127 ], [ 89.254708552000011, 22.44997160600002 ], [ 89.254670322000038, 22.449964651000073 ], [ 89.254631779000135, 22.449959957000033 ], [ 89.254593550000095, 22.449953005000168 ], [ 89.254564566, 22.449949484000172 ], [ 89.254535883000017, 22.449945963000118 ], [ 89.254497352000158, 22.449939011000083 ], [ 89.254468672000087, 22.449935490000087 ], [ 89.254439688000161, 22.449931968000101 ], [ 89.2544014610001, 22.449925017000169 ], [ 89.254362914000012, 22.449920324000061 ], [ 89.254324534000034, 22.449913372000026 ], [ 89.254286143000172, 22.449908676000177 ], [ 89.254257157000097, 22.449905155000124 ], [ 89.254228489000184, 22.449899376000076 ], [ 89.254189944000132, 22.44989468100016 ], [ 89.254161274000069, 22.449888903000044 ], [ 89.254132292000122, 22.449885381000115 ], [ 89.254093900000157, 22.449880687000075 ], [ 89.2540555180002, 22.44987373500004 ], [ 89.254016974000194, 22.449869040000067 ], [ 89.253988305, 22.449863260000143 ], [ 89.253959319000103, 22.44985973900009 ], [ 89.253920933000131, 22.449853917000155 ], [ 89.253882546000057, 22.449848094000117 ], [ 89.253853564000167, 22.449844574000167 ], [ 89.253824895000037, 22.449838792000037 ], [ 89.253786349, 22.449834097000121 ], [ 89.25375768400005, 22.449828320000051 ], [ 89.253728698000145, 22.449824798000122 ], [ 89.253690155000072, 22.449820103000036 ], [ 89.25366148500018, 22.449814324000158 ], [ 89.253632499000105, 22.449810803000162 ], [ 89.253594115999988, 22.449804980000124 ], [ 89.253555727000105, 22.449799156000154 ], [ 89.253517182000053, 22.449794464000092 ], [ 89.253478649000158, 22.449787508000099 ], [ 89.25344997000019, 22.449783988000149 ], [ 89.253420984000059, 22.449780467000096 ], [ 89.253392014000156, 22.449774686000069 ], [ 89.253363333000038, 22.449771165000072 ], [ 89.253324789000033, 22.449766468000121 ], [ 89.253286242000115, 22.449761775000184 ], [ 89.253257574000031, 22.449755996000135 ], [ 89.253228591000038, 22.449752476000185 ], [ 89.253199606000067, 22.449748954000086 ], [ 89.253170926000166, 22.449745434000135 ], [ 89.25313238200016, 22.449740738000116 ], [ 89.253093848, 22.44973378300017 ], [ 89.253055305000089, 22.44972908900013 ], [ 89.253016763000119, 22.449724395000089 ], [ 89.252978215000098, 22.44971969900007 ], [ 89.252949536000131, 22.449716180000053 ], [ 89.252920551000159, 22.449712659 ], [ 89.252882005000174, 22.449707961000172 ], [ 89.252843463000147, 22.449703269000111 ], [ 89.252804918000095, 22.449698573000092 ], [ 89.25276637200011, 22.44969387600014 ], [ 89.252727821000178, 22.449690311000097 ], [ 89.252698832000192, 22.449687919000098 ], [ 89.252669848000096, 22.449684396000066 ], [ 89.25263130400009, 22.449679702000026 ], [ 89.252592754000091, 22.449676135000175 ], [ 89.252554204000148, 22.449672569000086 ], [ 89.252525218000017, 22.449669048000032 ], [ 89.25249622900003, 22.449666654 ], [ 89.252457678000155, 22.449663089000182 ], [ 89.252428694000059, 22.449659565000047 ], [ 89.252399697000044, 22.449658304000025 ], [ 89.252361148000148, 22.449654737 ], [ 89.252332157000126, 22.449652344000071 ], [ 89.252303165000058, 22.449649952000073 ], [ 89.252274176000071, 22.449647558000038 ], [ 89.252245186000152, 22.449645166000039 ], [ 89.25221619500013, 22.449642773000107 ], [ 89.252187200000151, 22.449641509000173 ], [ 89.252158204000068, 22.449640245000069 ], [ 89.252129215000025, 22.449637852000137 ], [ 89.252100223000127, 22.449635463 ], [ 89.252072199000111, 22.44963468800006 ], [ 89.252032517000032, 22.449631760000159 ], [ 89.251993803, 22.449630452000065 ], [ 89.251955095000199, 22.449628014000041 ], [ 89.251916388000097, 22.449625577000063 ], [ 89.251877673000195, 22.449624265000182 ], [ 89.251838959000168, 22.449622959000067 ], [ 89.251809955999988, 22.44962282400013 ], [ 89.251780815000188, 22.449620430000095 ], [ 89.251742094000065, 22.449620249000191 ], [ 89.251703386000088, 22.449617813000145 ], [ 89.251664512000048, 22.44961763200007 ], [ 89.251625799000124, 22.449616323000043 ], [ 89.251587085000153, 22.449615016 ], [ 89.251548211000113, 22.449614835000091 ], [ 89.251519059000032, 22.449614699000051 ], [ 89.251490062000187, 22.449613437000153 ], [ 89.251461064000068, 22.449612172000116 ], [ 89.251431912000157, 22.449612036000133 ], [ 89.25139303900005, 22.449611856000104 ], [ 89.251354166000112, 22.449611676000075 ], [ 89.251315294000108, 22.449611496000102 ], [ 89.25127657500019, 22.449611316000073 ], [ 89.251237854000124, 22.449611139000126 ], [ 89.251198981000186, 22.449610956000015 ], [ 89.251160109000125, 22.449610776000043 ], [ 89.25112123700012, 22.449610596000184 ], [ 89.251092081000195, 22.449610459000098 ], [ 89.251062927000078, 22.449610325000094 ], [ 89.251024057000109, 22.449610146000168 ], [ 89.250985172000128, 22.449612223000031 ], [ 89.250946300000123, 22.449612043000059 ], [ 89.250917146, 22.449611908000122 ], [ 89.250887993, 22.449611772000083 ], [ 89.250858837000067, 22.449611636999975 ], [ 89.25082967100019, 22.449613758999988 ], [ 89.250800515000037, 22.449613624000051 ], [ 89.250771059000101, 22.449613487000136 ], [ 89.250732185000118, 22.449613308000039 ], [ 89.250693302000172, 22.449615385000129 ], [ 89.250654430000168, 22.4496152050001 ], [ 89.250615556000128, 22.449615024000025 ], [ 89.250576673000182, 22.449617104000026 ], [ 89.250537497000153, 22.449616922000189 ], [ 89.250508343000035, 22.449616785000046 ], [ 89.250479176000056, 22.449618908000161 ], [ 89.250440307000076, 22.449618727000029 ], [ 89.250411149000172, 22.449618592000149 ], [ 89.250381682000125, 22.449620713000058 ], [ 89.250342807000038, 22.449620534000132 ], [ 89.250303923, 22.449622612000098 ], [ 89.250264748000063, 22.44962243000009 ], [ 89.250235594000117, 22.449622292000072 ], [ 89.250206427000137, 22.449624416000063 ], [ 89.250167254000132, 22.449624234000055 ], [ 89.250128366000126, 22.449626313000124 ], [ 89.250099212, 22.449626177000141 ], [ 89.250069754000094, 22.449626040000055 ], [ 89.250040588000161, 22.449628163000114 ], [ 89.250011433000168, 22.44962802900011 ], [ 89.249972258000184, 22.44962784400019 ], [ 89.249933372000157, 22.449629923000089 ], [ 89.24989419700006, 22.449629739999978 ], [ 89.249855319000176, 22.449630690000049 ], [ 89.249825854000164, 22.449631679000049 ], [ 89.249796703000129, 22.449631546000148 ], [ 89.2497576680002, 22.449632493000138 ], [ 89.249718641000072, 22.449633441 ], [ 89.249679463, 22.449633259 ], [ 89.249640580000118, 22.449635338000121 ], [ 89.249611123000079, 22.449635198000067 ], [ 89.249581969000133, 22.449635064000063 ], [ 89.24954279200017, 22.449634882000055 ], [ 89.249503755000035, 22.449636959000145 ], [ 89.249464733000195, 22.449636777000137 ], [ 89.249425555000187, 22.449636595000129 ], [ 89.249386683000125, 22.449636416000033 ], [ 89.249347508000199, 22.449636233000092 ], [ 89.249318341000162, 22.449638355000104 ], [ 89.249288886000159, 22.449638218000132 ], [ 89.249250011000186, 22.449638037000057 ], [ 89.249220555000079, 22.449637900000141 ], [ 89.249191400000086, 22.449637768000116 ], [ 89.249152222000191, 22.449637582000094 ], [ 89.249113352000165, 22.449637401000189 ], [ 89.249074181000026, 22.449636091000059 ], [ 89.24903531700005, 22.449634779000121 ], [ 89.248996138000052, 22.449634597000113 ], [ 89.248957268000026, 22.449634416000038 ], [ 89.248918250000031, 22.449633108000114 ], [ 89.248878194999975, 22.449631791000058 ], [ 89.248840358000166, 22.449631614000168 ], [ 89.248801497000045, 22.449629176000144 ], [ 89.248762330000091, 22.449627863000103 ], [ 89.248723462000044, 22.449626557000158 ], [ 89.248684603000129, 22.449624114000073 ], [ 89.248655447000033, 22.449623979000137 ], [ 89.248626309000088, 22.449621584 ], [ 89.248587447000091, 22.449619145999975 ], [ 89.248548585000094, 22.449616706000143 ], [ 89.248509725000076, 22.44961426600014 ], [ 89.248470866000105, 22.449611829 ], [ 89.248432157000195, 22.44960938700018 ], [ 89.248403168000038, 22.449606996000057 ], [ 89.248374026000135, 22.449604603000125 ], [ 89.248344883000073, 22.449602207000112 ], [ 89.248315899000033, 22.449598687000162 ], [ 89.248277194000082, 22.449596244000077 ], [ 89.24823849500018, 22.449591550000036 ], [ 89.248209509999981, 22.449588026000072 ], [ 89.248180522999974, 22.44958563299997 ], [ 89.248141972000099, 22.449582066000119 ], [ 89.24811298700007, 22.44957854400019 ], [ 89.248084003000031, 22.44957502200009 ], [ 89.248045459000195, 22.449570326000071 ], [ 89.248006928000109, 22.449563370000192 ], [ 89.247968384000103, 22.449558672000137 ], [ 89.247939701000121, 22.449555151000141 ], [ 89.247910729000068, 22.449549370999989 ], [ 89.24787233800015, 22.449544675000141 ], [ 89.247833959000104, 22.449537722 ], [ 89.24779573100011, 22.449530769000035 ], [ 89.247757197000169, 22.449523812000109 ], [ 89.247718969000175, 22.449516864000088 ], [ 89.247680741000011, 22.449509907000106 ], [ 89.247642517000088, 22.449501824000038 ], [ 89.247604297000123, 22.449493742000129 ], [ 89.24757562700006, 22.449487964000184 ], [ 89.247547118000057, 22.449481054000103 ], [ 89.247518608, 22.449474148000093 ], [ 89.247489938000172, 22.449468367000065 ], [ 89.247452027000122, 22.449459156999978 ], [ 89.247413969000149, 22.449448816000142 ], [ 89.247376057000054, 22.449439608000091 ], [ 89.247338145000128, 22.449430397000128 ], [ 89.247300243000154, 22.449418928000114 ], [ 89.24727203700013, 22.449412020000068 ], [ 89.247243542000035, 22.44940285500013 ], [ 89.247205945000189, 22.449391387000048 ], [ 89.247168346000194, 22.449379920000126 ], [ 89.247130903000198, 22.449368451000112 ], [ 89.247093617000132, 22.449355857000171 ], [ 89.247056330000134, 22.449343263000173 ], [ 89.247019347000048, 22.449330669 ], [ 89.246982520000074, 22.449316947000113 ], [ 89.246954938000101, 22.44930665600009 ], [ 89.246927663000065, 22.449296367000045 ], [ 89.246900385000117, 22.449286075000089 ], [ 89.246873121000192, 22.449273528 ], [ 89.246837207000056, 22.449259809000012 ], [ 89.246801457000117, 22.449243835000118 ], [ 89.246765859, 22.449227860000121 ], [ 89.246730412000034, 22.449211886000057 ], [ 89.246695573000068, 22.449195914000143 ], [ 89.246660893000012, 22.449178815000096 ], [ 89.246626370000115, 22.449160586000062 ], [ 89.246592297000063, 22.449143490999973 ], [ 89.246558202000131, 22.449125037000044 ], [ 89.246525231000192, 22.449105911000061 ], [ 89.246492075000106, 22.449087692000091 ], [ 89.246467563000181, 22.449071769000113 ], [ 89.246443189000161, 22.449058105 ], [ 89.246411108000075, 22.449037629000088 ], [ 89.246379484000101, 22.449017156000082 ], [ 89.246355878000088, 22.449001236000015 ], [ 89.246332732000155, 22.448985321000066 ], [ 89.246302023000169, 22.448963722000144 ], [ 89.246279338000193, 22.448946678000141 ], [ 89.246257111000034, 22.448929637000049 ], [ 89.246234880000031, 22.44891259700006 ], [ 89.246213106000198, 22.448895555999968 ], [ 89.246191647000103, 22.448876259000087 ], [ 89.246170178, 22.448859221000077 ], [ 89.246142222000174, 22.448834248000082 ], [ 89.24611472100014, 22.448809278000112 ], [ 89.246087675000012, 22.448784309000132 ], [ 89.246060938000198, 22.448758213000076 ], [ 89.246034656000177, 22.448732122000138 ], [ 89.246015477000071, 22.448712835000038 ], [ 89.245996152000032, 22.448692417000132 ], [ 89.24597712800005, 22.448672004000173 ], [ 89.245958562000112, 22.448651593000136 ], [ 89.245939996000175, 22.448631179000074 ], [ 89.245921593000162, 22.44860850900011 ], [ 89.245897443000104, 22.4485812960001 ], [ 89.24587965000012, 22.448558629000104 ], [ 89.245861993000176, 22.448538220000103 ], [ 89.245838617, 22.448508753000056 ], [ 89.245815391000065, 22.448479285000076 ], [ 89.245792772000073, 22.448449820000064 ], [ 89.245770308000147, 22.448420360000114 ], [ 89.24574799300018, 22.448390895000045 ], [ 89.245726141000148, 22.448360305000051 ], [ 89.245704442000033, 22.448329714000067 ], [ 89.245682739000074, 22.448299125000119 ], [ 89.245661494000046, 22.44826853800015 ], [ 89.245645675000048, 22.448245881000162 ], [ 89.245629858000086, 22.448222094000073 ], [ 89.245608925000056, 22.448190376000071 ], [ 89.245588132000194, 22.448159793000116 ], [ 89.245567495000159, 22.448129209000115 ], [ 89.24554701600016, 22.448097495000127 ], [ 89.245526687000165, 22.448065783000175 ], [ 89.245506362000185, 22.448034070000119 ], [ 89.245486184000072, 22.448002358000167 ], [ 89.245470978000071, 22.447978575000036 ], [ 89.245456072000081, 22.447954792000132 ], [ 89.245440867000184, 22.447931007000022 ], [ 89.24542596200007, 22.447907225 ], [ 89.245411059000162, 22.447883440999988 ], [ 89.245396154000105, 22.447859660000063 ], [ 89.24538094400009, 22.44783587500018 ], [ 89.245366034000085, 22.447813221000047 ], [ 89.245351124000081, 22.447790569000119 ], [ 89.245336371000064, 22.447766788000024 ], [ 89.245316652000099, 22.447735078000051 ], [ 89.245301748000088, 22.447711293000168 ], [ 89.245286994000139, 22.447687513000119 ], [ 89.245272243000045, 22.447663732000024 ], [ 89.245257490000199, 22.44763994900012 ], [ 89.245237923000047, 22.447608240000079 ], [ 89.245218353000041, 22.447576532000085 ], [ 89.245198937000055, 22.447544824000147 ], [ 89.245179521000011, 22.447513115999982 ], [ 89.245165073000067, 22.44748933600016 ], [ 89.245150623000143, 22.447465556000168 ], [ 89.245136177000177, 22.447441773000037 ], [ 89.245121721000032, 22.447419122000042 ], [ 89.245102602000145, 22.447388543999978 ], [ 89.245088303000102, 22.447364765000088 ], [ 89.24507401000011, 22.447340986000142 ], [ 89.245055047000051, 22.447309279000081 ], [ 89.245036238000182, 22.447277573000122 ], [ 89.245017427000107, 22.447245869000028 ], [ 89.244998771000155, 22.447214164000115 ], [ 89.244980115000033, 22.447182459000089 ], [ 89.244961612000054, 22.447150756000042 ], [ 89.244947769000021, 22.447126977000096 ], [ 89.244933927000147, 22.447103200000186 ], [ 89.244920391000107, 22.447079422000172 ], [ 89.244906549000177, 22.447055645999967 ], [ 89.24488849700009, 22.447023944000023 ], [ 89.244870449000018, 22.446992244000057 ], [ 89.244856924000089, 22.446966208000049 ], [ 89.244843540000033, 22.446942433000117 ], [ 89.244830153000066, 22.446918658000016 ], [ 89.244816768000135, 22.446894882000038 ], [ 89.24479917300016, 22.446863183000119 ], [ 89.244781579000119, 22.446831482999983 ], [ 89.244768497000109, 22.446807708000108 ], [ 89.244755568000016, 22.446783935000155 ], [ 89.244738289000111, 22.446749977000025 ], [ 89.244721300000037, 22.446718281000074 ], [ 89.244704162000062, 22.44668658400019 ], [ 89.244687328000055, 22.446654890000048 ], [ 89.244674714000098, 22.446628858000054 ], [ 89.244662239000036, 22.446605086000034 ], [ 89.244645707000075, 22.446573392000062 ], [ 89.244633234000048, 22.446549620000042 ], [ 89.244621075000168, 22.446523594000041 ], [ 89.244604849000098, 22.446491897000158 ], [ 89.244588779000196, 22.4464590770001 ], [ 89.244572860000176, 22.446426255000063 ], [ 89.244560842000112, 22.446402486000125 ], [ 89.244549138000195, 22.446376459000192 ], [ 89.244533519000072, 22.446344772000145 ], [ 89.244518062000111, 22.446310821999987 ], [ 89.244502752000074, 22.446278006000114 ], [ 89.244487440000057, 22.446245186000056 ], [ 89.244476195000118, 22.446219161000158 ], [ 89.244464934000121, 22.44619539700011 ], [ 89.244450086000143, 22.446161450999966 ], [ 89.244435383000109, 22.446128635000093 ], [ 89.244420679000143, 22.446095820000153 ], [ 89.244406288000107, 22.446061877000091 ], [ 89.244391893000056, 22.446027936000064 ], [ 89.244381088000125, 22.446004170000037 ], [ 89.244370297000046, 22.44597815000003 ], [ 89.244356053000104, 22.445944206000036 ], [ 89.244341967000196, 22.44591026500018 ], [ 89.244331316000114, 22.445886500000086 ], [ 89.244320981000044, 22.445860482000057 ], [ 89.244306887000107, 22.445826539000166 ], [ 89.244293103000075, 22.445792601000051 ], [ 89.244279319000157, 22.44575866100007 ], [ 89.244265533000089, 22.44572472100009 ], [ 89.244251744999985, 22.445690779000131 ], [ 89.244238262000067, 22.445656841000186 ], [ 89.244227914000078, 22.44563308000005 ], [ 89.244217882000157, 22.445607063000125 ], [ 89.244204250000053, 22.445573121000166 ], [ 89.24419076800018, 22.445539184000097 ], [ 89.244177285000035, 22.445505243000071 ], [ 89.244163803, 22.445471307000105 ], [ 89.24415032100012, 22.445437366000021 ], [ 89.24414013500018, 22.445411346000185 ], [ 89.244130102000156, 22.445385332000171 ], [ 89.244116620999989, 22.445351390000042 ], [ 89.244103139000117, 22.445317453000143 ], [ 89.244088869000052, 22.445281528000123 ], [ 89.244076175000032, 22.445249574000115 ], [ 89.244062694000093, 22.445215634000135 ], [ 89.24404921200005, 22.445181698 ], [ 89.244035576000158, 22.445147755000164 ], [ 89.24402194400011, 22.44511381600006 ], [ 89.244008463000114, 22.445079878000115 ], [ 89.243994678000149, 22.445045939000067 ], [ 89.243980891000149, 22.445011997999984 ], [ 89.243970553000167, 22.44498597900008 ], [ 89.243960207000043, 22.444962217000068 ], [ 89.243946421000146, 22.444928279000123 ], [ 89.243932483000037, 22.444894337000107 ], [ 89.243918544000053, 22.444860394999978 ], [ 89.243904457000042, 22.444826452000086 ], [ 89.243890366000016, 22.44479251100006 ], [ 89.24387627800013, 22.444758569999976 ], [ 89.243865625000012, 22.444734807000088 ], [ 89.243854986000144, 22.44470878900006 ], [ 89.243840744000181, 22.44467484400019 ], [ 89.243826353000145, 22.444640901000128 ], [ 89.243815547000167, 22.444617135000101 ], [ 89.243804756000031, 22.444591115000094 ], [ 89.243790363000187, 22.444557172000032 ], [ 89.243775971000048, 22.444523228000094 ], [ 89.243765166000173, 22.444499464000046 ], [ 89.243754373000058, 22.44447344200006 ], [ 89.243743280000103, 22.44444742100012 ], [ 89.243732475, 22.444423657000073 ], [ 89.243717931000049, 22.444389713000135 ], [ 89.243703385000117, 22.444355768999969 ], [ 89.243692279000072, 22.444332004000046 ], [ 89.243681338000158, 22.44430598200006 ], [ 89.243666790000191, 22.444272036000086 ], [ 89.243655682000167, 22.444248272000038 ], [ 89.243644741000026, 22.444222251000099 ], [ 89.2436337970002, 22.444196227000077 ], [ 89.243622688000073, 22.444172461999983 ], [ 89.243607991000033, 22.444138518000045 ], [ 89.243593296000142, 22.444104572000072 ], [ 89.243582187000186, 22.444080807000148 ], [ 89.243571093000185, 22.444054785000105 ], [ 89.243559985000161, 22.444031020000011 ], [ 89.243549042000041, 22.444004995000114 ], [ 89.243534345000171, 22.443971052000052 ], [ 89.243523086000039, 22.443947287000128 ], [ 89.243512143000089, 22.443921263999982 ], [ 89.243501202000175, 22.443895240000131 ], [ 89.243490092000116, 22.44387147600014 ], [ 89.243475398000157, 22.443837533000078 ], [ 89.243464288000155, 22.443813766000176 ], [ 89.243453191000185, 22.443787744000133 ], [ 89.243438497000056, 22.443753801000071 ], [ 89.243427391000182, 22.443730034000168 ], [ 89.24341644500015, 22.443704013000058 ], [ 89.243401901000198, 22.443670069000063 ], [ 89.243390793000174, 22.443646302000161 ], [ 89.243379849000178, 22.443620279000072 ], [ 89.243365305, 22.44358633600018 ], [ 89.243354200000056, 22.443562571000086 ], [ 89.243343406000065, 22.443536552000126 ], [ 89.24333231300011, 22.443510525000022 ], [ 89.243321508000065, 22.443486764000113 ], [ 89.243307116000096, 22.443452818000139 ], [ 89.243296322000106, 22.443426796000097 ], [ 89.243285217000164, 22.443403032000106 ], [ 89.243270825000195, 22.443369088000168 ], [ 89.243256433000056, 22.443335147000084 ], [ 89.24324563000016, 22.443311383000093 ], [ 89.243235138000159, 22.443285361000051 ], [ 89.243220747000123, 22.443251417999988 ], [ 89.243209944000057, 22.443227655000101 ], [ 89.24319945600007, 22.443201635000037 ], [ 89.243185213000061, 22.443167691000099 ], [ 89.24317112600005, 22.443133748000037 ], [ 89.243157037, 22.443099808000056 ], [ 89.243146385000045, 22.443076045000169 ], [ 89.243136048000167, 22.443050026000037 ], [ 89.243122112000037, 22.443016085000181 ], [ 89.243108175000089, 22.442982143 ], [ 89.243094390000067, 22.44294820500005 ], [ 89.243084042000135, 22.442924443000038 ], [ 89.243073705000029, 22.442898421 ], [ 89.243060225000193, 22.442864483000051 ], [ 89.24304659, 22.442830544000174 ], [ 89.243032959000061, 22.442796604000023 ], [ 89.243019476000086, 22.442762665000146 ], [ 89.243006146000084, 22.442728725 ], [ 89.242992666000191, 22.44269478700005 ], [ 89.242979490000153, 22.442660850000152 ], [ 89.242966006000131, 22.442626915000119 ], [ 89.242952828000114, 22.442592975000139 ], [ 89.242939651000142, 22.442559037000024 ], [ 89.242926776000047, 22.442525099000022 ], [ 89.242913599000133, 22.442491162000181 ], [ 89.242900724000037, 22.442457228000023 ], [ 89.2428852970001, 22.442416139000102 ], [ 89.242868548000047, 22.442371259000083 ], [ 89.242855671000143, 22.442337321000139 ], [ 89.242842949000135, 22.442303385000173 ], [ 89.242830227000184, 22.442269450000083 ], [ 89.242820804000189, 22.442243436000069 ], [ 89.242811379000045, 22.442217419000144 ], [ 89.242798808000146, 22.44218348600009 ], [ 89.242786389000059, 22.442149551000057 ], [ 89.242777115000194, 22.442123536000111 ], [ 89.242767691000154, 22.442097521 ], [ 89.242755424000109, 22.442063587000064 ], [ 89.242743158000167, 22.44202965400018 ], [ 89.242734037, 22.442003641000042 ], [ 89.242724764000059, 22.44197762500005 ], [ 89.242712649, 22.441943692000166 ], [ 89.242703526000071, 22.441917680000131 ], [ 89.242694557000107, 22.441891665000014 ], [ 89.242682597, 22.441857733000063 ], [ 89.24267362500018, 22.441831721000028 ], [ 89.242664656000045, 22.441805707000185 ], [ 89.242652693000196, 22.441771776000166 ], [ 89.242643724000118, 22.441745762000096 ], [ 89.242635058000076, 22.441719750000118 ], [ 89.242623247000097, 22.44168581800011 ], [ 89.242614432000153, 22.441659805000029 ], [ 89.242605764000132, 22.441633794000097 ], [ 89.242597098000147, 22.441607782000062 ], [ 89.242588284000135, 22.441581769000152 ], [ 89.242579768000155, 22.441555757000117 ], [ 89.242570950000129, 22.441529745000082 ], [ 89.242559595000159, 22.44149581500011 ], [ 89.242551081000158, 22.441469805000111 ], [ 89.242542566000054, 22.441443793000076 ], [ 89.242534056000068, 22.441417781999974 ], [ 89.242525540000088, 22.441391771000042 ], [ 89.242517030000101, 22.441365758000131 ], [ 89.242508514000122, 22.441339748000075 ], [ 89.242500306000125, 22.441313739000179 ], [ 89.242491789000042, 22.441287727000145 ], [ 89.242483580000169, 22.441261717000145 ], [ 89.242475217999981, 22.441235705000111 ], [ 89.242466857000124, 22.441209695999987 ], [ 89.242458647000149, 22.441183685000055 ], [ 89.24245043600007, 22.441157676000159 ], [ 89.242442377000032, 22.441131668000139 ], [ 89.242434018000154, 22.44110565699998 ], [ 89.24242596, 22.441079647000151 ], [ 89.242417900000078, 22.441053638000028 ], [ 89.242409843000189, 22.441027629000132 ], [ 89.242401787000063, 22.441001620000179 ], [ 89.242393727000092, 22.440975612000159 ], [ 89.242385667000121, 22.44094960200016 ], [ 89.242377609000187, 22.440923592000104 ], [ 89.242369856000153, 22.440897583000037 ], [ 89.242361798000047, 22.440871576000063 ], [ 89.242351208000059, 22.440836522000041 ], [ 89.242340768000076, 22.440801466000153 ], [ 89.242332863000058, 22.440775460000111 ], [ 89.242325110000195, 22.440749451000045 ], [ 89.242317354000079, 22.440723442000092 ], [ 89.242309446000149, 22.440697434000072 ], [ 89.242299162000165, 22.440662382000028 ], [ 89.242288877000135, 22.440627327000016 ], [ 89.24228127300006, 22.440601322000134 ], [ 89.242273367000109, 22.440575313000181 ], [ 89.242263232000028, 22.440540260000034 ], [ 89.242253098000106, 22.440505207000058 ], [ 89.242245495000077, 22.440479200000141 ], [ 89.242237894000084, 22.440453196000135 ], [ 89.242227756000148, 22.440418140000077 ], [ 89.242217926000194, 22.440383093999969 ], [ 89.242210327, 22.440357083000038 ], [ 89.242202724000038, 22.44033107600012 ], [ 89.242192892000105, 22.440296026000055 ], [ 89.242182908000132, 22.440260973000079 ], [ 89.242172925000148, 22.440225921000035 ], [ 89.242163093000045, 22.440190872000073 ], [ 89.242155795000144, 22.440164866000032 ], [ 89.242148345000032, 22.440138858000012 ], [ 89.242138514000033, 22.440103808000174 ], [ 89.242128835000017, 22.440068758000109 ], [ 89.242119003000084, 22.440033708000044 ], [ 89.242109326000104, 22.439998656000171 ], [ 89.242099648000192, 22.439963606000106 ], [ 89.24208996800013, 22.439928557000144 ], [ 89.242080439000119, 22.439893505999976 ], [ 89.242070609, 22.439858455000035 ], [ 89.242061082000191, 22.439823406000073 ], [ 89.242051554000113, 22.439788358000158 ], [ 89.242044406000048, 22.439762352000173 ], [ 89.242037259000085, 22.439736345000028 ], [ 89.242027732000111, 22.439701296000067 ], [ 89.242018206000012, 22.439666248000037 ], [ 89.242008681000016, 22.43963119700004 ], [ 89.241999152000062, 22.439596146999975 ], [ 89.241989776000139, 22.439561099000116 ], [ 89.241980400000102, 22.439526049000051 ], [ 89.24197325300014, 22.439500044000113 ], [ 89.241966267000066, 22.439472911000109 ], [ 89.241956889, 22.439437861000044 ], [ 89.241947512000024, 22.439402812000083 ], [ 89.241938141000048, 22.439367764 ], [ 89.241928764000079, 22.439332717000013 ], [ 89.241919386, 22.439297666000073 ], [ 89.241910166000139, 22.43926261900009 ], [ 89.241900790999978, 22.43922757100006 ], [ 89.241891414000179, 22.439192521000166 ], [ 89.241882192000162, 22.43915747300008 ], [ 89.241872967000177, 22.43912242500005 ], [ 89.24186359100014, 22.439087376000089 ], [ 89.241854369000066, 22.439052327000127 ], [ 89.241845146000117, 22.439017280000144 ], [ 89.241835770000193, 22.438982231000182 ], [ 89.241826051000032, 22.438945304000072 ], [ 89.241817323000191, 22.438912134000134 ], [ 89.241808100000071, 22.438877085000172 ], [ 89.241798876000189, 22.438842039000122 ], [ 89.241789654000115, 22.438806991000035 ], [ 89.241780428000084, 22.438771943000177 ], [ 89.241771207000113, 22.438736893000112 ], [ 89.241761982000128, 22.438701847000061 ], [ 89.241752759000178, 22.43866679600012 ], [ 89.241743536000058, 22.438631749000137 ], [ 89.241734313000052, 22.438596699000072 ], [ 89.241724937000185, 22.438561652000089 ], [ 89.241715714000065, 22.438526603000128 ], [ 89.241706490000183, 22.438491555999974 ], [ 89.241697268000109, 22.438456508000115 ], [ 89.241687894000052, 22.438421457000118 ], [ 89.241678667000087, 22.438386413000103 ], [ 89.241669447000049, 22.438351361 ], [ 89.24166007000008, 22.43831631200004 ], [ 89.241650697000068, 22.43828126600016 ], [ 89.241641471000037, 22.438246215000049 ], [ 89.241631946000041, 22.438211165000155 ], [ 89.241622721000056, 22.43817611999998 ], [ 89.241615574000093, 22.438150113000063 ], [ 89.241608579000172, 22.438124108000125 ], [ 89.241599205000114, 22.438089060999971 ], [ 89.241589677000036, 22.438054012 ], [ 89.24158015200004, 22.438018961000068 ], [ 89.241570624000133, 22.437983911000174 ], [ 89.241561095000122, 22.437948861000109 ], [ 89.241551570000127, 22.437913811000044 ], [ 89.241542042000049, 22.437878762000082 ], [ 89.241532515000074, 22.437843710000038 ], [ 89.241525369000044, 22.437817707000079 ], [ 89.241517921000138, 22.437791701000094 ], [ 89.241508391000195, 22.437756653 ], [ 89.241498559000092, 22.437721600000032 ], [ 89.241491416000144, 22.437695595000093 ], [ 89.241483964000054, 22.437669589000109 ], [ 89.241474132000121, 22.437634541000023 ], [ 89.241464302000054, 22.437599488000046 ], [ 89.241454320000116, 22.437564435000127 ], [ 89.24144448900006, 22.437529383000026 ], [ 89.241436890000045, 22.437503377000041 ], [ 89.241429588000187, 22.437477372000103 ], [ 89.241419453000162, 22.437442321000105 ], [ 89.241409320000116, 22.43740726600015 ], [ 89.241401718000191, 22.437381261000041 ], [ 89.241394115000162, 22.437355254000124 ], [ 89.241386514000169, 22.437329243000022 ], [ 89.24137891100014, 22.437303237000151 ], [ 89.241368627000043, 22.437268185000107 ], [ 89.241358339000044, 22.437233135000042 ], [ 89.241350433000093, 22.437207124000111 ], [ 89.241342679000184, 22.437181117000023 ], [ 89.241332241, 22.437146062000011 ], [ 89.241321803000062, 22.437111007000055 ], [ 89.241313744000195, 22.437084997000056 ], [ 89.24130599300014, 22.437058989000036 ], [ 89.241297936000137, 22.437032980000083 ], [ 89.241289875000064, 22.437006974000099 ], [ 89.241281818, 22.436980964000043 ], [ 89.241273762000048, 22.436954954000043 ], [ 89.241265707000196, 22.436928946000023 ], [ 89.241257646000179, 22.436902935000091 ], [ 89.241246601000057, 22.436867878000101 ], [ 89.241235708000147, 22.436832823000145 ], [ 89.24122750000015, 22.43680681100011 ], [ 89.241218988000185, 22.436780801000111 ], [ 89.241210775000127, 22.436754791000055 ], [ 89.241202264000037, 22.436728780000124 ], [ 89.241193750000036, 22.436702767000043 ], [ 89.241185539000128, 22.436676759000022 ], [ 89.241177026000059, 22.436650748000091 ], [ 89.241168363000156, 22.436624734000077 ], [ 89.241159695000135, 22.436598723000145 ], [ 89.241151184000046, 22.436572712000043 ], [ 89.24114236600002, 22.436546698000029 ], [ 89.241133702000013, 22.436520687000097 ], [ 89.241125037000131, 22.436494676000166 ], [ 89.241116221000084, 22.436468662000095 ], [ 89.241107404000161, 22.436442649000185 ], [ 89.241098436000129, 22.436416635000171 ], [ 89.241089466000119, 22.436390624000069 ], [ 89.241080914000122, 22.436366190000172 ], [ 89.241068534000135, 22.436330676000068 ], [ 89.241059262000078, 22.436304660000076 ], [ 89.241050296000083, 22.436278646 ], [ 89.241041024000197, 22.436252634000027 ], [ 89.241031904000124, 22.436226619000081 ], [ 89.241022781000197, 22.436200605000067 ], [ 89.241013511000119, 22.4361745920001 ], [ 89.241004239000063, 22.436148574000129 ], [ 89.240994966000073, 22.436122560000058 ], [ 89.240982548000147, 22.436088625000025 ], [ 89.240973125000153, 22.436062610000079 ], [ 89.240964002, 22.436036594000086 ], [ 89.240954579000061, 22.436010583000154 ], [ 89.240945157000169, 22.435984567000105 ], [ 89.24093573000016, 22.43595855000018 ], [ 89.24092661100002, 22.435932535000063 ], [ 89.240914042000156, 22.43589860000003 ], [ 89.240904617000183, 22.435872583000105 ], [ 89.240895346, 22.435846568000159 ], [ 89.240886076000152, 22.435820552000166 ], [ 89.240876650000075, 22.435794539000028 ], [ 89.240867527000148, 22.435768526000118 ], [ 89.240858105000029, 22.435742510000068 ], [ 89.240845839000087, 22.435708575000035 ], [ 89.240836414000114, 22.435682558999986 ], [ 89.240827296000077, 22.435656544999972 ], [ 89.240818175000129, 22.435630533000165 ], [ 89.240809053000078, 22.435604518000048 ], [ 89.240799934000108, 22.435578502 ], [ 89.240790966000077, 22.435552490000191 ], [ 89.24078199700017, 22.435526475000074 ], [ 89.240773030000014, 22.435500463000039 ], [ 89.240761066000118, 22.435466530000156 ], [ 89.240752098000087, 22.435440516000142 ], [ 89.240743282000039, 22.435414504000107 ], [ 89.240734464000013, 22.435388490000093 ], [ 89.2407258, 22.435362479000162 ], [ 89.240717135000125, 22.435336465000148 ], [ 89.240708622000056, 22.435310456000025 ], [ 89.240700109000102, 22.435284444 ], [ 89.240691597000136, 22.435258432000182 ], [ 89.240683386000057, 22.435232422000126 ], [ 89.240675027000179, 22.435206412000127 ], [ 89.240663980000079, 22.435171356000069 ], [ 89.240653239000153, 22.435136300000181 ], [ 89.240645181000048, 22.435110292000161 ], [ 89.240637278000179, 22.435084283000037 ], [ 89.240629371000125, 22.435058273000038 ], [ 89.240621769000199, 22.4350322680001 ], [ 89.240614168000036, 22.435006258000101 ], [ 89.240606565, 22.434980253000163 ], [ 89.240596735999986, 22.434945202 ], [ 89.240587057000198, 22.434910152000157 ], [ 89.240579910000065, 22.434884145000012 ], [ 89.240572764000149, 22.434858141000177 ], [ 89.240563543000178, 22.434823093000148 ], [ 89.240554468000084, 22.434788044000129 ], [ 89.240545703000123, 22.434753000000114 ], [ 89.240537087000121, 22.434717956000043 ], [ 89.240528776000076, 22.43468290900006 ], [ 89.240520616000083, 22.434647867000024 ], [ 89.240514532000134, 22.4346218660001 ], [ 89.240508758000033, 22.434594739000033 ], [ 89.240501358000131, 22.434559698000101 ], [ 89.240494110000043, 22.434524659000147 ], [ 89.240487011000084, 22.434489622000171 ], [ 89.240480371000046, 22.434454585000026 ], [ 89.240475507000042, 22.434427463000077 ], [ 89.240470636000055, 22.434401468000146 ], [ 89.240464603000191, 22.434366435000186 ], [ 89.24045887800014, 22.434330272000125 ], [ 89.240453452000054, 22.434295243000122 ], [ 89.240449646000116, 22.434269254000014 ], [ 89.240445845000067, 22.434242134000101 ], [ 89.240442349000091, 22.434215019000078 ], [ 89.240438851000192, 22.434187901000143 ], [ 89.240434639000171, 22.434152877000088 ], [ 89.24043159200005, 22.434126891000062 ], [ 89.240428703000077, 22.434099776000039 ], [ 89.240425258000016, 22.434063628000104 ], [ 89.240421960000106, 22.434027477000029 ], [ 89.240418811000097, 22.433992459000137 ], [ 89.240416115000073, 22.433957441000075 ], [ 89.240414139000109, 22.433930330000067 ], [ 89.24041246400003, 22.433903220000104 ], [ 89.24041078900018, 22.433876112 ], [ 89.240409268000121, 22.433849005000184 ], [ 89.240407338000125, 22.433812863000014 ], [ 89.240406119000113, 22.433785753999985 ], [ 89.240405054000121, 22.433758652000051 ], [ 89.240403730000196, 22.433722510999985 ], [ 89.240402707000044, 22.433687501000122 ], [ 89.240401662000011, 22.433643656000129 ], [ 89.240401121000104, 22.433616354000037 ], [ 89.240400708000152, 22.433580218000031 ], [ 89.240400450000095, 22.433544084000062 ], [ 89.240400345000182, 22.433507948000113 ], [ 89.240400236000085, 22.43347181300004 ], [ 89.240400435000197, 22.433435680000173 ], [ 89.240400885000042, 22.433408581000151 ], [ 89.240401032000136, 22.433381481000026 ], [ 89.240401482000038, 22.43335438400004 ], [ 89.240402087000177, 22.4333272880001 ], [ 89.240402891000031, 22.433291153000027 ], [ 89.240403695000111, 22.433255026000154 ], [ 89.240404308000052, 22.433225667000102 ], [ 89.24040521600017, 22.433198573000027 ], [ 89.240406123000128, 22.433171477000087 ], [ 89.240407030000142, 22.433144380000044 ], [ 89.240407938000033, 22.433117284000105 ], [ 89.24040899400012, 22.433090186000186 ], [ 89.240410405000148, 22.433054061000121 ], [ 89.240412121000077, 22.43301793500018 ], [ 89.240413178000097, 22.432990837000034 ], [ 89.240414542000053, 22.432963747000088 ], [ 89.240416256000174, 22.432927618000065 ], [ 89.24041762000013, 22.43290052600014 ], [ 89.24041897900014, 22.432873430000029 ], [ 89.240420342000164, 22.432846337000171 ], [ 89.240421857, 22.43281924300004 ], [ 89.240423368000052, 22.432792151000115 ], [ 89.240424895999979, 22.432762798999988 ], [ 89.240426914000182, 22.432726675000026 ], [ 89.240428933000089, 22.432690549000085 ], [ 89.240430950000132, 22.432654425000123 ], [ 89.240432970000143, 22.432618299000126 ], [ 89.24043498900005, 22.432582174000061 ], [ 89.240437008000129, 22.432546050000099 ], [ 89.240439026000104, 22.432509924000158 ], [ 89.240441045000182, 22.432473802000175 ], [ 89.240442558000041, 22.432446708000043 ], [ 89.240444083000057, 22.43241735700019 ], [ 89.240445597000189, 22.432390263000116 ], [ 89.240447032000077, 22.432361361000176 ], [ 89.240448828000012, 22.432327045000022 ], [ 89.240450694000174, 22.432290917000046 ], [ 89.240452055000048, 22.432263824000188 ], [ 89.240453419000119, 22.432236730000113 ], [ 89.240455132000193, 22.432200604000116 ], [ 89.240456496000149, 22.432173509999984 ], [ 89.240457552000066, 22.432146413000169 ], [ 89.240458613000044, 22.432119317000058 ], [ 89.24045967100011, 22.432092222000051 ], [ 89.240461081000092, 22.432056095000178 ], [ 89.240462141000137, 22.432029000000114 ], [ 89.240463046000116, 22.432001905000106 ], [ 89.240464153000119, 22.431965775000151 ], [ 89.24046505900003, 22.431938677 ], [ 89.240465664000169, 22.431911579000086 ], [ 89.240466268000034, 22.431884481000168 ], [ 89.240466881000032, 22.431855127000063 ], [ 89.240467484000135, 22.43182803000019 ], [ 89.240468088, 22.431800931000168 ], [ 89.240468739000164, 22.43176480000011 ], [ 89.240469192000091, 22.431737701000088 ], [ 89.240469338000139, 22.431710602000067 ], [ 89.240469790000191, 22.431683504000148 ], [ 89.24046993800016, 22.431656404000023 ], [ 89.240470135000123, 22.431620269000177 ], [ 89.240470329000118, 22.431584137000186 ], [ 89.24047037400004, 22.431548003000046 ], [ 89.240470263000134, 22.431512998000073 ], [ 89.240470250000044, 22.431487024000035 ], [ 89.240470095000092, 22.431459925000013 ], [ 89.240469835000056, 22.431423790000167 ], [ 89.240469426000118, 22.431387655000094 ], [ 89.240469119000181, 22.431360552000058 ], [ 89.240468810000095, 22.431333450000125 ], [ 89.24046809400005, 22.431297314000176 ], [ 89.240467787000114, 22.431270210000037 ], [ 89.240467178000131, 22.431243107000057 ], [ 89.240466463000132, 22.431206969000073 ], [ 89.240465850000191, 22.431179866000036 ], [ 89.240465085000039, 22.431152761000192 ], [ 89.240464068000051, 22.43111662400014 ], [ 89.24046305000013, 22.431080486000155 ], [ 89.240462032000039, 22.431044344000043 ], [ 89.24046071000015, 22.431008204000022 ], [ 89.240459388000033, 22.430972063000183 ], [ 89.240458066000087, 22.430935924000096 ], [ 89.240456593000033, 22.430899782000154 ], [ 89.240455120000036, 22.430863645000102 ], [ 89.240453647000152, 22.430827502 ], [ 89.240452427000037, 22.430800396000109 ], [ 89.240450906000035, 22.430773286000147 ], [ 89.240449279000131, 22.430737146000183 ], [ 89.240447352000103, 22.430701001000102 ], [ 89.240445573000045, 22.43066485900016 ], [ 89.240443492000111, 22.430628716000115 ], [ 89.240441412000109, 22.430592572000137 ], [ 89.240439249000019, 22.430554621000113 ], [ 89.240437252000163, 22.430520285000114 ], [ 89.240435018000142, 22.430484140000033 ], [ 89.240433039000038, 22.430457029000024 ], [ 89.24043136500012, 22.430429921000098 ], [ 89.240429692000021, 22.430402811000135 ], [ 89.240427715000123, 22.430375702000106 ], [ 89.240425177000134, 22.430339557000082 ], [ 89.24042264000019, 22.430303410000192 ], [ 89.24042066200019, 22.43027630000006 ], [ 89.240417475000186, 22.430232603000093 ], [ 89.240414578000014, 22.430194970000059 ], [ 89.240412447000153, 22.430167860000154 ], [ 89.240410318000045, 22.430140750000021 ], [ 89.240407478000179, 22.430104602000085 ], [ 89.24040448500017, 22.430068454000093 ], [ 89.240401492000046, 22.430032307000033 ], [ 89.240398348000099, 22.429996157000062 ], [ 89.240396221000196, 22.429969045000121 ], [ 89.240393788000119, 22.429941935000045 ], [ 89.240390644000172, 22.429905785000074 ], [ 89.240387500000111, 22.429869637000081 ], [ 89.240384205999987, 22.429833486 ], [ 89.240381935000073, 22.42980411800005 ], [ 89.240379501000064, 22.429777005000062 ], [ 89.240377069000033, 22.429749894000054 ], [ 89.240374634000091, 22.42972278100018 ], [ 89.240372200000081, 22.429695669000068 ], [ 89.240369767000175, 22.429668557000127 ], [ 89.240366625000092, 22.429632409000192 ], [ 89.24036419000015, 22.429605294000169 ], [ 89.24036175800012, 22.429578185000139 ], [ 89.240358614, 22.429542037000147 ], [ 89.240355470000111, 22.429505887000175 ], [ 89.240353036000101, 22.429478773000085 ], [ 89.240350919000036, 22.429449407000106 ], [ 89.240348486000073, 22.429422295 ], [ 89.240346355000156, 22.429395184000157 ], [ 89.240343211000095, 22.429359035000118 ], [ 89.24034043600011, 22.429322886000023 ], [ 89.240338242000121, 22.429295776000117 ], [ 89.240336112000136, 22.429268665000109 ], [ 89.240333985, 22.429241553000168 ], [ 89.240332006000131, 22.429214444000138 ], [ 89.240330029000063, 22.429187337000087 ], [ 89.240328050000187, 22.429160226000079 ], [ 89.240326072000187, 22.429133116000173 ], [ 89.240324408000049, 22.429103750000024 ], [ 89.240322431000152, 22.429076640000119 ], [ 89.240320757000177, 22.429049531000089 ], [ 89.240318524000088, 22.429013385000133 ], [ 89.240316442000108, 22.428977244000066 ], [ 89.24031451400009, 22.428941097000177 ], [ 89.24031258600013, 22.42890495600011 ], [ 89.240311366000185, 22.428877847000081 ], [ 89.240309842000102, 22.428850740000087 ], [ 89.240308369000047, 22.42881460100017 ], [ 89.240307303000122, 22.428787495000051 ], [ 89.24030623800013, 22.428760388000057 ], [ 89.240305473000149, 22.428733286000124 ], [ 89.240304404000142, 22.428706180000177 ], [ 89.240303538000092, 22.428670041000146 ], [ 89.24030292700013, 22.428642938999985 ], [ 89.240302314000189, 22.428615835000073 ], [ 89.24030175300004, 22.428579698000192 ], [ 89.240301343000169, 22.428543560000037 ], [ 89.240301186000067, 22.428516458000104 ], [ 89.240301030000069, 22.428489359000082 ], [ 89.240301074000058, 22.428453225000112 ], [ 89.240301423000176, 22.428417091000142 ], [ 89.240301571000032, 22.428389993000053 ], [ 89.24030202400013, 22.42836289600001 ], [ 89.240302676, 22.42832676200004 ], [ 89.240303783, 22.428290636999975 ], [ 89.24030489, 22.428254505000041 ], [ 89.24030579700019, 22.428227407000065 ], [ 89.240307157000132, 22.428200316000073 ], [ 89.240308721000076, 22.428164187 ], [ 89.240310732000125, 22.428129194000064 ], [ 89.240312898000127, 22.428094201000079 ], [ 89.240315525000085, 22.428058076000013 ], [ 89.240318150000064, 22.42802195400003 ], [ 89.240321079000012, 22.427985835000186 ], [ 89.2403233510002, 22.427958743999966 ], [ 89.240325922000181, 22.42793278400012 ], [ 89.240329604000124, 22.427897797000185 ], [ 89.240333596000085, 22.427861682000128 ], [ 89.240337590000081, 22.42782556700007 ], [ 89.240342181000187, 22.427790582000114 ], [ 89.240345664000188, 22.427764628999967 ], [ 89.240349454000182, 22.427737546000174 ], [ 89.240353246000097, 22.427710463000153 ], [ 89.240357336000102, 22.427684511000109 ], [ 89.240361425000174, 22.427658555999983 ], [ 89.240365973, 22.427631479000183 ], [ 89.24037208500016, 22.427596501000096 ], [ 89.24037677900003, 22.427570555000102 ], [ 89.240381786000171, 22.427543476000096 ], [ 89.240388505000112, 22.427508504 ], [ 89.240395678000084, 22.427473532000135 ], [ 89.240401138000152, 22.427446457000144 ], [ 89.240406897000184, 22.427420513000129 ], [ 89.240414680000072, 22.42738554500005 ], [ 89.240422766000165, 22.427350577000027 ], [ 89.240432380000072, 22.427309868000123 ], [ 89.240439392000155, 22.427280645999986 ], [ 89.240445911000052, 22.427254707000088 ], [ 89.240452731000062, 22.427228767000088 ], [ 89.240461877000143, 22.427193805 ], [ 89.240471178000121, 22.427158844000076 ], [ 89.240478150000172, 22.427132904000018 ], [ 89.240485581000144, 22.427106968000032 ], [ 89.240495487000089, 22.427072009000085 ], [ 89.240505394000081, 22.427037051000184 ], [ 89.240513126, 22.427011116000074 ], [ 89.240521008000144, 22.426985182000067 ], [ 89.240528892999976, 22.426959249000163 ], [ 89.240536778000035, 22.42693331300012 ], [ 89.240544967000062, 22.426907381000092 ], [ 89.240553001000194, 22.426881447000085 ], [ 89.240561340000113, 22.426855514000181 ], [ 89.240569681000181, 22.426829582000153 ], [ 89.240578323000193, 22.426803651000057 ], [ 89.240586813000164, 22.426777721000065 ], [ 89.240595610000071, 22.426751791000015 ], [ 89.240604100999974, 22.426725858000111 ], [ 89.240612898000109, 22.426699928000119 ], [ 89.240621995000083, 22.426673998000069 ], [ 89.240630789000079, 22.426648068000077 ], [ 89.240639888000032, 22.426622141000166 ], [ 89.240652066000166, 22.426588323000033 ], [ 89.240661315000125, 22.426562392999983 ], [ 89.240670567000166, 22.426536466000073 ], [ 89.240679817000057, 22.426510540000038 ], [ 89.24068937200002, 22.426484612000024 ], [ 89.240701853000076, 22.426450796000097 ], [ 89.2407115580001, 22.426424869000186 ], [ 89.240720961000079, 22.426398942000048 ], [ 89.240730666000104, 22.426373018000049 ], [ 89.240740373000108, 22.426347090000036 ], [ 89.240753311999981, 22.426313276000087 ], [ 89.240763015000198, 22.426287350000052 ], [ 89.240772873000083, 22.426261425000121 ], [ 89.240782731000195, 22.426235500000018 ], [ 89.240792588000033, 22.426209575000087 ], [ 89.240805830000056, 22.426175760999968 ], [ 89.24081568600019, 22.426149837000139 ], [ 89.240825848000156, 22.426123914000016 ], [ 89.240839089000076, 22.426090098000088 ], [ 89.240849249, 22.426064174000089 ], [ 89.240859110000031, 22.426038250000033 ], [ 89.240873099000055, 22.426003301000094 ], [ 89.240888603000087, 22.425963289000151 ], [ 89.240902831000199, 22.425926665000134 ], [ 89.240914319000069, 22.425897431000067 ], [ 89.240926537, 22.425866930000097 ], [ 89.24093639300014, 22.425841006000098 ], [ 89.240946559000065, 22.425815083000145 ], [ 89.240960100000052, 22.425781269000026 ], [ 89.240970261000086, 22.425755346000074 ], [ 89.240980270000136, 22.425729420999971 ], [ 89.240990282000041, 22.425703498000075 ], [ 89.241000289000112, 22.425677574000076 ], [ 89.241013683000119, 22.425643760000128 ], [ 89.241023541000061, 22.425617835000025 ], [ 89.2410335470002, 22.42559191099997 ], [ 89.241043557000125, 22.425565988000074 ], [ 89.241053418000149, 22.425540062000039 ], [ 89.241066504000173, 22.425506246000111 ], [ 89.241076515000032, 22.425480322000055 ], [ 89.24108622000017, 22.425454396000077 ], [ 89.241095925000195, 22.425428471000146 ], [ 89.241105632000199, 22.425402545000111 ], [ 89.241115336000121, 22.42537661800003 ], [ 89.241125043000125, 22.425350693000098 ], [ 89.241134444000068, 22.425324766000188 ], [ 89.241144150000196, 22.425298841000085 ], [ 89.241153551000139, 22.425272913000072 ], [ 89.241167123000025, 22.425236085000051 ], [ 89.241187214000036, 22.425180743000055 ], [ 89.241200714000058, 22.425143278000064 ], [ 89.241213046000041, 22.425109459000055 ], [ 89.241225683000096, 22.425074514000073 ], [ 89.241238018000161, 22.425039568000045 ], [ 89.241247270000031, 22.425013641000078 ], [ 89.241256218000046, 22.424987711000085 ], [ 89.241265465000197, 22.424961781000093 ], [ 89.241274713000053, 22.424935855000058 ], [ 89.241283662000171, 22.424909924000133 ], [ 89.241292916000077, 22.424883997000052 ], [ 89.241301858000099, 22.424858067 ], [ 89.24131095600012, 22.424832140000092 ], [ 89.241320056000177, 22.424806210000099 ], [ 89.241329003000089, 22.424780281000153 ], [ 89.241337947000147, 22.424754350000057 ], [ 89.241347047000033, 22.424728424000023 ], [ 89.241355840000097, 22.42470249400003 ], [ 89.24136493900005, 22.424676564000038 ], [ 89.241373735000082, 22.424650633999988 ], [ 89.241382833000102, 22.424624704000166 ], [ 89.241391629000134, 22.424598775000049 ], [ 89.241400574000068, 22.424572847000036 ], [ 89.24140952200014, 22.424546916000111 ], [ 89.241418315000033, 22.424520987 ], [ 89.241430044000197, 22.424486038000055 ], [ 89.241441772000144, 22.424451086000033 ], [ 89.241450567000072, 22.424425155000108 ], [ 89.241459665000093, 22.424399226000162 ], [ 89.241468461000125, 22.424373297000045 ], [ 89.241482081000186, 22.424333139000112 ], [ 89.241494843000169, 22.424295510000093 ], [ 89.2415036390002, 22.424269576000086 ], [ 89.241512434000128, 22.424243645000161 ], [ 89.241521226000145, 22.424217717000147 ], [ 89.241530023000053, 22.424191787000154 ], [ 89.241538817000048, 22.424165857000105 ], [ 89.24154761300008, 22.424139927000112 ], [ 89.241556405000097, 22.424113995000084 ], [ 89.241565202, 22.424088065000092 ], [ 89.241573693000134, 22.424062133000064 ], [ 89.241582637000135, 22.424036207000029 ], [ 89.241591586000084, 22.424010276000104 ], [ 89.241600379000033, 22.423984345 ], [ 89.241609177000043, 22.423958414000083 ], [ 89.241622690000156, 22.42391856900008 ], [ 89.241635556000176, 22.423880625000152 ], [ 89.241644351000105, 22.423854695000159 ], [ 89.241653146000033, 22.42382876500011 ], [ 89.241665018000106, 22.4237949460001 ], [ 89.241673966000121, 22.423769015000175 ], [ 89.241682764000188, 22.423743085000126 ], [ 89.241691555999978, 22.423717156 ], [ 89.241700656000035, 22.42369122700012 ], [ 89.241709448000051, 22.42366529700007 ], [ 89.241718547000175, 22.423639367000078 ], [ 89.241730422000046, 22.423605547000136 ], [ 89.241739366000047, 22.423579617000087 ], [ 89.241748465000171, 22.423553690000176 ], [ 89.241757562000146, 22.423527761000059 ], [ 89.241766509000058, 22.42350183200017 ], [ 89.24177853499998, 22.423468012 ], [ 89.241787786000145, 22.423442082000179 ], [ 89.241797464000058, 22.423414386000047 ], [ 89.24180924500007, 22.423382567000147 ], [ 89.241818191000107, 22.423356637000154 ], [ 89.241827441000169, 22.42333070900014 ], [ 89.241839770000183, 22.423296892000053 ], [ 89.241849020000075, 22.423270964000039 ], [ 89.241858270000137, 22.42324503500015 ], [ 89.241870751000192, 22.423211219 ], [ 89.241883233000124, 22.423177401000032 ], [ 89.241897687000119, 22.423137648000022 ], [ 89.241914668000163, 22.423091731000056 ], [ 89.24192422200008, 22.423065804000146 ], [ 89.241938688, 22.42302799100014 ], [ 89.241952871000024, 22.422990283000047 ], [ 89.241962424, 22.42296435600008 ], [ 89.241972130000136, 22.422938429000169 ], [ 89.24198584200019, 22.422902719000035 ], [ 89.241998305000095, 22.422870801000101 ], [ 89.242009946000053, 22.422840227000052 ], [ 89.242024482000033, 22.422803172000101 ], [ 89.24203772200002, 22.422769359000029 ], [ 89.242051114000105, 22.422735546000183 ], [ 89.24206450500003, 22.422701732000064 ], [ 89.242077897000058, 22.42266792099997 ], [ 89.242091441000127, 22.422634108000125 ], [ 89.242101892000051, 22.4226104440001 ], [ 89.242112053000085, 22.4225845200001 ], [ 89.242125901000122, 22.422550710000166 ], [ 89.242139748000113, 22.422516899000129 ], [ 89.242153747000145, 22.422483088999968 ], [ 89.242164351000156, 22.42245942500017 ], [ 89.242174967000096, 22.422433504000026 ], [ 89.242189118000113, 22.422399694000092 ], [ 89.24219973400011, 22.422373772000071 ], [ 89.242210642000146, 22.422350111000185 ], [ 89.242224943000167, 22.422316302000127 ], [ 89.242241135000086, 22.422279103000164 ], [ 89.242257843000061, 22.422240800999987 ], [ 89.242268902000149, 22.422217139000168 ], [ 89.242280278000067, 22.422191221000162 ], [ 89.242291338000086, 22.422167560000048 ], [ 89.242306399000142, 22.422133755 ], [ 89.242317774000128, 22.422107837 ], [ 89.242329510000047, 22.422083720000046 ], [ 89.242344654000021, 22.42205037400015 ], [ 89.242360007000173, 22.422018829000137 ], [ 89.242371534000142, 22.421992911000075 ], [ 89.24238335300015, 22.4219692530001 ], [ 89.242399174000127, 22.421935452000071 ], [ 89.242415133000122, 22.421903910000083 ], [ 89.242432487000087, 22.421867378000115 ], [ 89.24245106800015, 22.421828422999965 ], [ 89.242463494000106, 22.421804768000072 ], [ 89.242483769999978, 22.421764546000134 ], [ 89.242504436000104, 22.421723428000121 ], [ 89.242516862000059, 22.421699773000171 ], [ 89.242529604000083, 22.421673862000091 ], [ 89.242542333000131, 22.421650206999971 ], [ 89.242555062000065, 22.421626556000092 ], [ 89.242567793000092, 22.421602900999972 ], [ 89.242580683000142, 22.421576990000062 ], [ 89.242598164000071, 22.421545455 ], [ 89.242615489000173, 22.421513919000063 ], [ 89.242628533000186, 22.421488008000154 ], [ 89.242641718000129, 22.421464358000151 ], [ 89.242659350000167, 22.421432823000146 ], [ 89.242677130000175, 22.421401289000187 ], [ 89.242694621000112, 22.421367494000151 ], [ 89.242707957000164, 22.421343844000148 ], [ 89.242721295000194, 22.421320195000021 ], [ 89.242739074000156, 22.421288659000083 ], [ 89.242757021000159, 22.421254869000165 ], [ 89.24277495400014, 22.421223336000082 ], [ 89.242792738000162, 22.421191801000077 ], [ 89.242810519000102, 22.421160267000118 ], [ 89.242823866000094, 22.421134356000039 ], [ 89.242837204000125, 22.421110707000139 ], [ 89.242850539000074, 22.421087056000033 ], [ 89.242863877000104, 22.421063407000133 ], [ 89.242877212000053, 22.421039757000131 ], [ 89.242890256000067, 22.421013845000118 ], [ 89.242907885000193, 22.420982310000056 ], [ 89.242925365000019, 22.420950775000051 ], [ 89.242942855000081, 22.420916982000165 ], [ 89.242955735000066, 22.42089332900008 ], [ 89.242968618000134, 22.420869677000042 ], [ 89.242981510000163, 22.420843764000153 ], [ 89.242994391000082, 22.420820112000115 ], [ 89.243011421000062, 22.420787446000077 ], [ 89.243028298000127, 22.42075477800006 ], [ 89.24304072100017, 22.420731123000166 ], [ 89.243053312000029, 22.42070521200003 ], [ 89.243070030000183, 22.420673671000031 ], [ 89.243082165000033, 22.420647756999983 ], [ 89.243094590999988, 22.42062410200009 ], [ 89.243111009000131, 22.420591434000073 ], [ 89.243127281000056, 22.420558765000123 ], [ 89.243143557000167, 22.420524964000037 ], [ 89.243155528000159, 22.420501307000166 ], [ 89.243167812000138, 22.420475392000014 ], [ 89.243179782000198, 22.420451736000018 ], [ 89.24319176400013, 22.420425822000027 ], [ 89.243207730000051, 22.420393149000063 ], [ 89.243223699000055, 22.420360478000134 ], [ 89.243235666000032, 22.420336819000056 ], [ 89.243247647000032, 22.420310903000029 ], [ 89.243259619000185, 22.420287244000122 ], [ 89.243271448000144, 22.420261331000177 ], [ 89.243283281000174, 22.420235414999979 ], [ 89.243295247999981, 22.420211757000175 ], [ 89.24331107200004, 22.420177956000146 ], [ 89.243326885000045, 22.420145284000057 ], [ 89.243342697000116, 22.42011261100015 ], [ 89.243354528000111, 22.420086695000123 ], [ 89.243366498000057, 22.42006304 ], [ 89.243378479000057, 22.4200371230001 ], [ 89.243390298000065, 22.420013465000125 ], [ 89.243402115000038, 22.419989808000025 ], [ 89.243414097000141, 22.41996389500008 ], [ 89.243426069000066, 22.41994023500007 ], [ 89.243438050000066, 22.419914318000167 ], [ 89.243450020000182, 22.419890662000171 ], [ 89.243462304000161, 22.419864751000034 ], [ 89.24347826900015, 22.419832077000024 ], [ 89.243494540000142, 22.419799410000053 ], [ 89.243510657000172, 22.41976673500011 ], [ 89.243527165000103, 22.419733898000175 ], [ 89.243543501000033, 22.419701396000107 ], [ 89.243559924000067, 22.41966872800009 ], [ 89.243572193000091, 22.419645072000094 ], [ 89.243584937000094, 22.419619159000149 ], [ 89.243601503000036, 22.419587619000026 ], [ 89.243618386000094, 22.419553823000058 ], [ 89.243631113000163, 22.419530171000076 ], [ 89.243643843000143, 22.419506517000059 ], [ 89.243660877000138, 22.419472722000023 ], [ 89.243674062000082, 22.419449069000109 ], [ 89.243686942000068, 22.419425415000092 ], [ 89.243704418000107, 22.419393878999983 ], [ 89.243722063000064, 22.419360088000133 ], [ 89.243739843000128, 22.419328553000071 ], [ 89.243757625000171, 22.419297019000169 ], [ 89.243771262000109, 22.419273368000063 ], [ 89.243784904, 22.419249721000142 ], [ 89.243803140000125, 22.419218189000048 ], [ 89.243816932000186, 22.419194538000113 ], [ 89.243831027000169, 22.419170893 ], [ 89.243849721000117, 22.41913936200018 ], [ 89.243868563000092, 22.419107835000148 ], [ 89.243887559000086, 22.4190763040001 ], [ 89.243901806999986, 22.419052658000112 ], [ 89.243916355000124, 22.419029014000103 ], [ 89.243935655000143, 22.418997489000049 ], [ 89.243955107000147, 22.418965959000104 ], [ 89.243974704000095, 22.418935563000105 ], [ 89.243989398000053, 22.418913049000025 ], [ 89.24400410200019, 22.418889405000186 ], [ 89.244024008000054, 22.418857879000029 ], [ 89.244039014000066, 22.418834238000159 ], [ 89.244053862000044, 22.418811723000147 ], [ 89.24407376400012, 22.418781328000023 ], [ 89.244093971000098, 22.418749806000108 ], [ 89.244114177000142, 22.41871941200003 ], [ 89.244134381000038, 22.418689019000112 ], [ 89.244154591000154, 22.418657495000161 ], [ 89.244175098000142, 22.418627101000141 ], [ 89.244190249000042, 22.418604590000143 ], [ 89.244205709000084, 22.418580948000169 ], [ 89.244226068000103, 22.418550556000127 ], [ 89.244241372000147, 22.418528043000094 ], [ 89.244256832000133, 22.418504402000053 ], [ 89.244272291000129, 22.418480762 ], [ 89.244287597000152, 22.418458252000107 ], [ 89.24430825800016, 22.418427856999983 ], [ 89.244323716000167, 22.418404218000092 ], [ 89.244339020000041, 22.418381705000115 ], [ 89.244359680000116, 22.418351314000176 ], [ 89.244375139000113, 22.418327672000146 ], [ 89.2443904430001, 22.41830515900017 ], [ 89.244405749000123, 22.418282648000172 ], [ 89.244421208000063, 22.418259007000074 ], [ 89.244441714000175, 22.4182286140001 ], [ 89.244462223000198, 22.418198223 ], [ 89.244482735000133, 22.418166701000075 ], [ 89.244499634000192, 22.418141472 ], [ 89.244523449000098, 22.41810591400008 ], [ 89.244543659000158, 22.418074394000143 ], [ 89.244563868000171, 22.418042869000146 ], [ 89.244584073000169, 22.418012477000104 ], [ 89.244604277000064, 22.417982081000048 ], [ 89.244624331000125, 22.41795055800003 ], [ 89.244644239000138, 22.417919035000182 ], [ 89.244664146000105, 22.417887509000082 ], [ 89.244684046000145, 22.417857116000107 ], [ 89.244698742000139, 22.417834600000049 ], [ 89.244713443000194, 22.417810956000039 ], [ 89.244732895000197, 22.41777943000011 ], [ 89.244752348000134, 22.417747900000165 ], [ 89.24477149300003, 22.417716376000044 ], [ 89.244790790000081, 22.4176848460001 ], [ 89.244809787000179, 22.417653320000113 ], [ 89.244828637000126, 22.417620659000022 ], [ 89.244847333000052, 22.417588 ], [ 89.244861429000196, 22.417564354000035 ], [ 89.244875223000065, 22.417540706000068 ], [ 89.244889010000065, 22.417517054000029 ], [ 89.244902651000018, 22.417493407000109 ], [ 89.244920746000048, 22.417459614000109 ], [ 89.244934082000043, 22.417435964000106 ], [ 89.244947417, 22.417412312000067 ], [ 89.244960767000066, 22.417386406000048 ], [ 89.244973951000077, 22.417362752000088 ], [ 89.244991432000177, 22.417330089000131 ], [ 89.245008612, 22.417297422000161 ], [ 89.245025640000165, 22.417264758000158 ], [ 89.2450426690001, 22.417232088999981 ], [ 89.245059399000013, 22.417198291000034 ], [ 89.245076275000031, 22.41716562400012 ], [ 89.245092847000137, 22.417132954000067 ], [ 89.245109274000185, 22.417099155000187 ], [ 89.245121558000108, 22.417073242000072 ], [ 89.245133831000146, 22.417049583 ], [ 89.245150109000065, 22.417015785000046 ], [ 89.245166382000093, 22.416981986 ], [ 89.245178656000064, 22.416958328000192 ], [ 89.245190637000064, 22.416932413999973 ], [ 89.245202920999986, 22.416906499000049 ], [ 89.24521489, 22.416882844000156 ], [ 89.24523116600011, 22.416849044 ], [ 89.245247136000046, 22.416815242000041 ], [ 89.245259409000084, 22.416791587000148 ], [ 89.245271391000188, 22.416765671000121 ], [ 89.245283375000099, 22.416739755000151 ], [ 89.245295646000159, 22.416716100000031 ], [ 89.245311920000063, 22.41668230099998 ], [ 89.245324191000122, 22.416658645000155 ], [ 89.245336326000142, 22.41663273000006 ], [ 89.245352600000047, 22.416598929000031 ], [ 89.245365024000193, 22.416575274000081 ], [ 89.245377462000135, 22.416549362000069 ], [ 89.245394028000078, 22.416517820000138 ], [ 89.245410606000064, 22.416484024 ], [ 89.245423335000112, 22.416460366000024 ], [ 89.245435922000183, 22.416434457000094 ], [ 89.245452941999986, 22.41640291900012 ], [ 89.245469979000063, 22.416369120000127 ], [ 89.24548316500011, 22.416345472000103 ], [ 89.245496044, 22.416321818000085 ], [ 89.245513683000127, 22.416288024000153 ], [ 89.245531464000123, 22.416256493000105 ], [ 89.245549242000152, 22.416224954000086 ], [ 89.245567479000158, 22.416193423000038 ], [ 89.245586326000193, 22.416161111 ], [ 89.245604256000092, 22.416130362000047 ], [ 89.245618349000097, 22.416106713000147 ], [ 89.245632595000018, 22.416083067000159 ], [ 89.245646842000042, 22.41605942100017 ], [ 89.2456615440002, 22.416035776000058 ], [ 89.245676245000084, 22.41601213000007 ], [ 89.245690940000145, 22.415989616000161 ], [ 89.245710990000021, 22.415959219 ], [ 89.245731198000101, 22.415928827000187 ], [ 89.245746649000068, 22.415906316000189 ], [ 89.245762256000035, 22.415883805000192 ], [ 89.245777862000068, 22.415861293000091 ], [ 89.245793924000168, 22.415838784000073 ], [ 89.24581548600014, 22.415809527000079 ], [ 89.245837506000044, 22.415780269000152 ], [ 89.245859677000169, 22.415751015000012 ], [ 89.245876637000151, 22.415730769000106 ], [ 89.245893761000161, 22.415708263000056 ], [ 89.245911177000153, 22.415688020000061 ], [ 89.245928758000105, 22.415665518000139 ], [ 89.245952584000122, 22.415638527000112 ], [ 89.245976869000117, 22.415611543000011 ], [ 89.245995207000192, 22.415589043000125 ], [ 89.246013989000176, 22.415568805000078 ], [ 89.246039033000102, 22.415541820000044 ], [ 89.246058118000178, 22.415521584000146 ], [ 89.246077350000178, 22.415502479000054 ], [ 89.246103298000151, 22.415476627000089 ], [ 89.246129555000095, 22.415449651000131 ], [ 89.246156108000093, 22.415423802000021 ], [ 89.246182967000095, 22.415397956000049 ], [ 89.246209976000102, 22.415372112000057 ], [ 89.246230271000115, 22.415353009000114 ], [ 89.246250867000015, 22.415333910000072 ], [ 89.246271769000145, 22.415314810000098 ], [ 89.246292518000189, 22.415295712000102 ], [ 89.246313269000041, 22.415276608000113 ], [ 89.246334320000074, 22.415257515000064 ], [ 89.246362540000121, 22.415232800000069 ], [ 89.246390759000064, 22.415208091000068 ], [ 89.24641928, 22.415183383000112 ], [ 89.24644780400007, 22.415158673000064 ], [ 89.246476324000128, 22.41513396300013 ], [ 89.24650530200006, 22.415109255000061 ], [ 89.246533975000034, 22.415084547000106 ], [ 89.24656295300008, 22.415059842000119 ], [ 89.246591780000074, 22.415035135000153 ], [ 89.246620757000073, 22.415010425000048 ], [ 89.246649580000053, 22.41498571700015 ], [ 89.246678558000156, 22.414961013000038 ], [ 89.246707535000155, 22.414936303000104 ], [ 89.246736209000062, 22.414911595000035 ], [ 89.246765186000061, 22.414886887000137 ], [ 89.246793860000082, 22.414862179000011 ], [ 89.24682253400016, 22.41483747 ], [ 89.246850905000144, 22.414812761 ], [ 89.246891688, 22.414776927999981 ], [ 89.246921834000034, 22.414749857000174 ], [ 89.246942887000102, 22.414730759000179 ], [ 89.246963637000192, 22.414711658000101 ], [ 89.246984689000158, 22.414692559 ], [ 89.247005287000093, 22.414673459000028 ], [ 89.247033055000088, 22.414647618000117 ], [ 89.247060520000161, 22.414621773000022 ], [ 89.24708081600005, 22.414602672000115 ], [ 89.247101266000129, 22.414582443000143 ], [ 89.247128428000053, 22.414556598000047 ], [ 89.247148571000082, 22.414537494000058 ], [ 89.247168716000033, 22.414517262000174 ], [ 89.24719543000009, 22.414490288000081 ], [ 89.247221984000191, 22.414464438999971 ], [ 89.24724823400004, 22.414438590000088 ], [ 89.247274642000093, 22.414411613000027 ], [ 89.247304190000079, 22.414381076000097 ], [ 89.247326853000061, 22.414357655 ], [ 89.247352654000167, 22.414330675000087 ], [ 89.247378455000046, 22.41430369200009 ], [ 89.247404104000168, 22.414276713000106 ], [ 89.24742304900019, 22.414254214999971 ], [ 89.247442137000178, 22.414233980000176 ], [ 89.247467484000083, 22.414206994999972 ], [ 89.247486263000098, 22.414186760000177 ], [ 89.247505045000082, 22.41416652200013 ], [ 89.247523837000188, 22.414144026000031 ], [ 89.247542468000063, 22.414123785000015 ], [ 89.247567208000135, 22.414096800000038 ], [ 89.247591958000044, 22.414067555000031 ], [ 89.247617614000035, 22.414039221000166 ], [ 89.247634730000073, 22.414018070999987 ], [ 89.247653057000036, 22.413997831000074 ], [ 89.247671091000143, 22.413975331000188 ], [ 89.247689267000055, 22.41395509 ], [ 89.24770744, 22.413934850000146 ], [ 89.247725324999976, 22.413912347000121 ], [ 89.247743206000166, 22.413889849000043 ], [ 89.247761078, 22.413869606000048 ], [ 89.247784765000119, 22.41384035800013 ], [ 89.24780248400009, 22.413820113000156 ], [ 89.247820064000109, 22.413797610000131 ], [ 89.247843445000171, 22.413768362000042 ], [ 89.247866681000119, 22.413739110999984 ], [ 89.247884096000064, 22.413718868000046 ], [ 89.247901523000166, 22.413696365000192 ], [ 89.247924605000151, 22.413667111999985 ], [ 89.247947532000182, 22.413637860000051 ], [ 89.24797046000009, 22.413608607000072 ], [ 89.247987435000198, 22.413586103000114 ], [ 89.248004405000188, 22.413563597000064 ], [ 89.248027031000106, 22.41353434500013 ], [ 89.248049502000072, 22.413505089000182 ], [ 89.24806632300016, 22.413482584000178 ], [ 89.248082990000171, 22.413460076000092 ], [ 89.248105162000058, 22.413430821000077 ], [ 89.248121981000111, 22.413408316000073 ], [ 89.248138498000174, 22.413385811000069 ], [ 89.248155015000179, 22.413363301000174 ], [ 89.248171531000139, 22.413340795000067 ], [ 89.248187743000074, 22.413318286000106 ], [ 89.248204259000033, 22.413295779000123 ], [ 89.248220473000117, 22.413273271000037 ], [ 89.248236838000139, 22.413250764 ], [ 89.24825825400012, 22.413220375000094 ], [ 89.248279975000059, 22.413189986000134 ], [ 89.248301392000144, 22.413159597 ], [ 89.248322659000053, 22.413129208999976 ], [ 89.248343921000185, 22.41309881900014 ], [ 89.248365036000052, 22.413068431000113 ], [ 89.24838079500006, 22.413045921000048 ], [ 89.24839671, 22.413022281000053 ], [ 89.248417821000089, 22.412991890000114 ], [ 89.248438631000056, 22.412961498000072 ], [ 89.248459446000084, 22.412929978000136 ], [ 89.2484802580002, 22.412899586000094 ], [ 89.248500913000044, 22.412869195000155 ], [ 89.248521577000133, 22.412837674000116 ], [ 89.248542083000075, 22.412807281000028 ], [ 89.248557385000083, 22.412784768 ], [ 89.248572844000023, 22.412761126000191 ], [ 89.248598289000086, 22.412721731000033 ], [ 89.248613565000142, 22.412698080000098 ], [ 89.248633767, 22.412667684999974 ], [ 89.248653967999985, 22.412637293000159 ], [ 89.24867402600006, 22.412605768000105 ], [ 89.248694081000053, 22.412574245000087 ], [ 89.248714138000196, 22.412542719000157 ], [ 89.248734042000081, 22.412511193 ], [ 89.248753948000115, 22.412479671000085 ], [ 89.24877323600009, 22.412449723000066 ], [ 89.248788553000054, 22.41242449900011 ], [ 89.24880355200014, 22.412401985000031 ], [ 89.248823147000053, 22.412371590000078 ], [ 89.248842748000186, 22.412340061000066 ], [ 89.248862347999989, 22.412308536000012 ], [ 89.248881950000055, 22.412277011000185 ], [ 89.248896648000198, 22.412253366000073 ], [ 89.248911198000144, 22.412229718000106 ], [ 89.248925746000111, 22.412206074000096 ], [ 89.248940295000182, 22.412182428999984 ], [ 89.248954845000128, 22.412158782000063 ], [ 89.248969395000074, 22.412135136000074 ], [ 89.248988690000147, 22.412103608000109 ], [ 89.249003239000047, 22.412079965000032 ], [ 89.249017485000138, 22.412056318000111 ], [ 89.249032033000105, 22.412032672000123 ], [ 89.24904628000013, 22.412009025000032 ], [ 89.249060826000118, 22.411985380000147 ], [ 89.24907507, 22.411961733000055 ], [ 89.249094230000196, 22.411927947000095 ], [ 89.249113376000196, 22.411896419000129 ], [ 89.249132369000051, 22.411864887000036 ], [ 89.249146614000097, 22.411841241 ], [ 89.249160859000085, 22.411817593000023 ], [ 89.249179855000079, 22.411786064000125 ], [ 89.249194097000043, 22.411762418000137 ], [ 89.249208191000093, 22.411738771000046 ], [ 89.249227033000068, 22.411707241000101 ], [ 89.249241278999989, 22.411683591000099 ], [ 89.249255374000199, 22.41165994500011 ], [ 89.249274212000159, 22.411628414000063 ], [ 89.249293054000134, 22.411596888000133 ], [ 89.249307147000138, 22.411573237000027 ], [ 89.249321243000054, 22.411549591000039 ], [ 89.249339932000112, 22.41151806 ], [ 89.249354027000095, 22.411494411000092 ], [ 89.24936811800012, 22.411470765000104 ], [ 89.24938681500015, 22.411438104000126 ], [ 89.249405509000098, 22.411405445000184 ], [ 89.249424202000114, 22.411373913999967 ], [ 89.249438293000139, 22.41135026600017 ], [ 89.249452083000051, 22.411326617000043 ], [ 89.249470774000088, 22.411295086000052 ], [ 89.249484865000113, 22.411271438000028 ], [ 89.249498655000195, 22.411247788000026 ], [ 89.249517344000196, 22.411216261000163 ], [ 89.249535885000057, 22.411184727000034 ], [ 89.249554422000074, 22.411153198000022 ], [ 89.249573111000132, 22.411121667000145 ], [ 89.249586900999986, 22.411098017000143 ], [ 89.249600993000115, 22.411074369000175 ], [ 89.249614786000109, 22.411050720000048 ], [ 89.249628877000134, 22.411027073000128 ], [ 89.2496472750002, 22.410993282000106 ], [ 89.249661370000069, 22.410969636000118 ], [ 89.249675156000137, 22.410945985000183 ], [ 89.249688945000116, 22.410922336999988 ], [ 89.249703040000099, 22.410898686999985 ], [ 89.249721426000065, 22.410867157000041 ], [ 89.249740116000169, 22.410835628000029 ], [ 89.249753907000127, 22.410811976000048 ], [ 89.251913845000161, 22.408649416000173 ], [ 89.253309087000162, 22.406971107000118 ], [ 89.254376953000019, 22.405567572000052 ], [ 89.254812445000198, 22.404995178000149 ], [ 89.255399149000084, 22.403965964000065 ], [ 89.255996309000068, 22.402918392000061 ], [ 89.256152030000067, 22.402352248000113 ], [ 89.256757602000107, 22.400144066000053 ], [ 89.256877327000154, 22.397667155000192 ], [ 89.25674742200016, 22.396919028000184 ], [ 89.256463459000031, 22.395284906000143 ], [ 89.255730159999985, 22.392804069000135 ], [ 89.255527369, 22.392351851 ], [ 89.25457123000001, 22.390219644000069 ], [ 89.254389042000071, 22.390040713000133 ], [ 89.252237810000054, 22.387927892 ], [ 89.250691313000061, 22.387200252000184 ], [ 89.249610428000096, 22.38669167200004 ], [ 89.249472652000065, 22.386627799000166 ], [ 89.246886379000046, 22.385150082000052 ], [ 89.246496599000125, 22.384926944000028 ], [ 89.241283823000117, 22.382820339000091 ], [ 89.238342351000085, 22.381214350000164 ], [ 89.237988555000129, 22.381020719000048 ], [ 89.236505246000036, 22.379328966000116 ], [ 89.236348140000189, 22.378346425000132 ], [ 89.236298896000051, 22.378038451 ], [ 89.236304306000136, 22.37704704000015 ], [ 89.236315665000063, 22.37496485600019 ], [ 89.236859467000158, 22.372984549000023 ], [ 89.238044153000089, 22.370808520000026 ], [ 89.239540855000143, 22.370022863000088 ], [ 89.241352607000124, 22.370130734000043 ], [ 89.242806389000123, 22.370283433000168 ], [ 89.244384382000078, 22.370210410000084 ], [ 89.246227369000053, 22.370494528000165 ], [ 89.248559032000117, 22.371176115000139 ], [ 89.24898974000007, 22.37142492800001 ], [ 89.250166994000153, 22.372105002000183 ], [ 89.251736588000142, 22.372891414000037 ], [ 89.252974847000189, 22.373654355000042 ], [ 89.25350188900012, 22.373979082000176 ], [ 89.254143406000139, 22.37434050100012 ], [ 89.255741022, 22.375240549000182 ], [ 89.258096838000085, 22.37619989600006 ], [ 89.25906876, 22.376517222000189 ], [ 89.260531262000029, 22.376994705000186 ], [ 89.26214368400008, 22.37715061 ], [ 89.262271784000177, 22.377162995000049 ], [ 89.263396470000146, 22.376630619000082 ], [ 89.264499511000054, 22.375883587999965 ], [ 89.264854367000055, 22.374954736000063 ], [ 89.264997172000108, 22.374580489000095 ], [ 89.265144155000087, 22.37393073800007 ], [ 89.265290822000054, 22.373283240000148 ], [ 89.265494946000047, 22.372791835000044 ], [ 89.265565037999977, 22.372622773000103 ], [ 89.265724524000063, 22.371903065000083 ], [ 89.26640192900004, 22.37052624800009 ], [ 89.266705335000097, 22.369100310000078 ], [ 89.266981534000138, 22.368058179000059 ], [ 89.267067464000149, 22.367820732000041 ], [ 89.267281808000121, 22.367228442999988 ], [ 89.267571348999979, 22.366245088000085 ], [ 89.26829836100012, 22.364949791000129 ], [ 89.268554859000176, 22.364131148000126 ], [ 89.268692836000127, 22.363689123000086 ], [ 89.269175965000045, 22.362537258000089 ], [ 89.26944115200007, 22.361388922000117 ], [ 89.269561252000074, 22.361108120000154 ], [ 89.269924150000065, 22.360259637000183 ], [ 89.270240222000098, 22.35901216100018 ], [ 89.270623436, 22.358199872 ], [ 89.270748426000068, 22.357934930000113 ], [ 89.271152827000037, 22.356897574000072 ], [ 89.271271353000088, 22.356593530000168 ], [ 89.272449820000134, 22.353965518000166 ], [ 89.273181069000145, 22.352299834000178 ], [ 89.27357916800014, 22.35131920900011 ], [ 89.273922016000085, 22.350105719000055 ], [ 89.274027091000164, 22.349506582000174 ], [ 89.274132163000161, 22.348907444000133 ], [ 89.274309342000151, 22.347980029000041 ], [ 89.27413722700004, 22.347051046000047 ], [ 89.274040280000122, 22.345846877000156 ], [ 89.273990589000164, 22.345754871000167 ], [ 89.273280995000107, 22.34444099600006 ], [ 89.272200850000161, 22.343232412000077 ], [ 89.271118544000103, 22.342500335000182 ], [ 89.271034877000034, 22.342492524000136 ], [ 89.270443802000102, 22.342437338000025 ], [ 89.269796989000099, 22.342376947000105 ], [ 89.269158827000069, 22.342342458000189 ], [ 89.267836550000197, 22.342270988000109 ], [ 89.266659115000039, 22.342485291000173 ], [ 89.266286796000031, 22.342553053000074 ], [ 89.265530010000134, 22.342731554000011 ], [ 89.26489170800005, 22.342882104000068 ], [ 89.263496615000179, 22.343211142000087 ], [ 89.263127084000075, 22.343338259000063 ], [ 89.262220618000015, 22.343650073999981 ], [ 89.261420789, 22.343925202000037 ], [ 89.261014919, 22.344064813000102 ], [ 89.258533707000083, 22.344821336000109 ], [ 89.257308532000195, 22.345032522000167 ], [ 89.256994125000062, 22.345086716000026 ], [ 89.256364037000139, 22.34519532000013 ], [ 89.254471334000129, 22.345373322000114 ], [ 89.253937183000062, 22.345423553000103 ], [ 89.253214373000105, 22.345469908000098 ], [ 89.252503514000182, 22.345543443000054 ], [ 89.251909820000094, 22.345095420000064 ], [ 89.251446574000113, 22.344745834999969 ], [ 89.251351093000153, 22.344668608000063 ], [ 89.250710850000189, 22.343461913000169 ], [ 89.250398222000058, 22.341656 ], [ 89.250741598000047, 22.338502591000179 ], [ 89.250938667000128, 22.33800808500007 ], [ 89.251399195000033, 22.336852472000146 ], [ 89.253846073000147, 22.333860070000185 ], [ 89.255955210000138, 22.331460750000076 ], [ 89.256912553000063, 22.330371654000032 ], [ 89.257287027000132, 22.32994563800014 ], [ 89.257447623000076, 22.329762936000122 ], [ 89.258924999000101, 22.32808217500002 ], [ 89.259049773000129, 22.327940221000176 ], [ 89.260849047000136, 22.325893166000185 ], [ 89.262189930000147, 22.324367574000064 ], [ 89.262338767000131, 22.324198232000128 ], [ 89.263267345000031, 22.323141711000176 ], [ 89.264740108000126, 22.321465979000095 ], [ 89.266358775000015, 22.319623632000116 ], [ 89.269338984000171, 22.316231422000158 ], [ 89.269495557000027, 22.316053713000088 ], [ 89.270797849000132, 22.314947575000019 ], [ 89.274856637000084, 22.311499945000094 ], [ 89.275201841000012, 22.311207103000186 ], [ 89.276003340000159, 22.310527168000135 ], [ 89.276427931000057, 22.309964216000083 ], [ 89.27747178400017, 22.30858017800017 ], [ 89.277627638000126, 22.308034508000105 ], [ 89.278628795000088, 22.304529189999982 ], [ 89.278759969000077, 22.30319457700017 ], [ 89.278855735000036, 22.302220194000085 ], [ 89.2789845100001, 22.300909939000121 ], [ 89.279145749, 22.299269343999981 ], [ 89.279156015000183, 22.299178986000186 ], [ 89.279346682000039, 22.297500957000125 ], [ 89.279516164000199, 22.296009332000096 ], [ 89.279538862000152, 22.295809565000184 ], [ 89.279730007000069, 22.294127231000061 ], [ 89.279828493000196, 22.293260431000135 ], [ 89.28027746500004, 22.289312505000112 ], [ 89.280340879000164, 22.288754869000172 ], [ 89.282033098999989, 22.286366381000107 ], [ 89.28246231900016, 22.285760543000038 ], [ 89.285688147000087, 22.283834582000111 ], [ 89.285710363000135, 22.283821318000093 ], [ 89.288624313000014, 22.28368731400019 ], [ 89.288683061000086, 22.283697531000087 ], [ 89.289371437000057, 22.283817253000052 ], [ 89.292628504000163, 22.284383675000186 ], [ 89.292790297000124, 22.284411810000108 ], [ 89.294493030000069, 22.2847078960001 ], [ 89.295536684000069, 22.284889365000083 ], [ 89.295737795000093, 22.284924333000163 ], [ 89.302102810000122, 22.286535211 ], [ 89.302223881000145, 22.286565850000159 ], [ 89.303009798000062, 22.286764732000108 ], [ 89.306180083000072, 22.286971047 ], [ 89.307307776000016, 22.287044420000143 ], [ 89.30802493900012, 22.287091078000117 ], [ 89.308591559000092, 22.28709349200011 ], [ 89.308756195000058, 22.287094193000087 ], [ 89.310290594000094, 22.28710071900008 ], [ 89.3107508330001, 22.286972640000045 ], [ 89.313790480000137, 22.286126707000165 ], [ 89.316125802999977, 22.285476741000025 ], [ 89.3175881370002, 22.284432716000083 ], [ 89.317770617, 22.283647516000087 ], [ 89.318251430000089, 22.281578566000178 ], [ 89.318262414000117, 22.279625051000096 ], [ 89.317954011000097, 22.276918132000048 ], [ 89.316853672000093, 22.27513130300008 ], [ 89.316190141000163, 22.274053776000187 ], [ 89.313451918000169, 22.271786031000033 ], [ 89.312098322000111, 22.271010097000158 ], [ 89.307693747000087, 22.268485087000101 ], [ 89.307454720000123, 22.268348054000057 ], [ 89.306838922000168, 22.267995369000118 ], [ 89.30172922200012, 22.266417766000018 ], [ 89.298924192000015, 22.265551639000023 ], [ 89.297668651000151, 22.264744760000156 ], [ 89.297639890000198, 22.264726276000033 ], [ 89.295861307, 22.263582578000126 ], [ 89.29296529100003, 22.260713064000186 ], [ 89.29135682000009, 22.25905061900005 ], [ 89.290409048000186, 22.255139369000062 ], [ 89.290668445000051, 22.253852991000031 ], [ 89.290733471000124, 22.253530512999987 ], [ 89.290742178000187, 22.253487640000117 ], [ 89.290956055000038, 22.253225746000112 ], [ 89.292697585000099, 22.251093173000129 ], [ 89.296591862000128, 22.246492163000084 ], [ 89.297258954000085, 22.245703966000178 ], [ 89.298490250000043, 22.244794432000049 ], [ 89.302489562000176, 22.241840069000148 ], [ 89.3052647720001, 22.239789840000071 ], [ 89.305544714000177, 22.239583021999977 ], [ 89.307559913000034, 22.237360653000053 ], [ 89.310428444000138, 22.234197058000063 ], [ 89.311573519000092, 22.231947965000188 ], [ 89.311578528999974, 22.231046860000163 ], [ 89.311566276000121, 22.230957924000109 ], [ 89.311413825000045, 22.229851376 ], [ 89.311348516000066, 22.229377336000027 ], [ 89.311267820000126, 22.228791600000079 ], [ 89.310475238000095, 22.225931291000109 ], [ 89.309279294000078, 22.223906687000124 ], [ 89.309148243000152, 22.22368482800016 ], [ 89.308872996000048, 22.223218852000116 ], [ 89.307105665999984, 22.221104191000052 ], [ 89.306309936000048, 22.218846854000049 ], [ 89.3065129860002, 22.217632667000032 ], [ 89.306812243000138, 22.215842981000094 ], [ 89.307795319000149, 22.213593220000064 ], [ 89.309261968000101, 22.211648135000132 ], [ 89.310888710000199, 22.210001833000149 ], [ 89.311374168000043, 22.209272492000139 ], [ 89.312683030000187, 22.207306034000112 ], [ 89.316289435000044, 22.203866776000154 ], [ 89.317073265000033, 22.203119240000092 ], [ 89.318938261000199, 22.200876642000026 ], [ 89.319190125000034, 22.20057377400019 ], [ 89.320331268000075, 22.198927599000115 ], [ 89.320981387000131, 22.19832955600009 ], [ 89.321790919000136, 22.198181612000099 ], [ 89.322581550000109, 22.192303837000054 ], [ 89.317318299000078, 22.18403616900008 ], [ 89.313815938000118, 22.177426709000144 ], [ 89.301485713000147, 22.167477694000013 ], [ 89.290931540000088, 22.156711159000167 ], [ 89.278639283000075, 22.140990232000149 ], [ 89.275159952000195, 22.131084953000084 ], [ 89.268222740000169, 22.107974636000108 ], [ 89.264760416000058, 22.095596173000047 ], [ 89.263026717, 22.089820203000158 ], [ 89.263636600000154, 22.085477628000092 ], [ 89.26525751000014, 22.084010131000127 ], [ 89.280704876000186, 22.090734585000121 ], [ 89.28863823, 22.094895561000158 ], [ 89.294818222000117, 22.096575561000066 ], [ 89.295707176000121, 22.095755042000121 ], [ 89.302804132000063, 22.091670493000152 ], [ 89.30282769500019, 22.087551098000063 ], [ 89.30286085400013, 22.081783034000125 ], [ 89.298468692000199, 22.076818137000146 ], [ 89.289666403000126, 22.070180819000029 ], [ 89.286169211000129, 22.063570785000024 ], [ 89.286183433000019, 22.061100051999972 ], [ 89.291563895000081, 22.047942814000066 ], [ 89.307641391000175, 22.018359572000179 ], [ 89.322814024000138, 21.991243858000132 ], [ 89.332595192000156, 21.979756379000094 ], [ 89.349475557000176, 21.96170837000011 ], [ 89.361913940000193, 21.947760916 ], [ 89.369938435000051, 21.932966697000097 ], [ 89.372672199000078, 21.916500926000083 ], [ 89.37095746600005, 21.906608629000061 ], [ 89.370134134000182, 21.895070964000126 ], [ 89.356053727000187, 21.886768199000187 ], [ 89.338431323000123, 21.88091868000015 ], [ 89.327006976000121, 21.871802010000067 ], [ 89.316475947000185, 21.861041786000044 ], [ 89.309481084000083, 21.849473636000027 ], [ 89.308701215000156, 21.831347634000053 ], [ 89.310614482000062, 21.804995837000092 ], [ 89.315191232000018, 21.775364214000149 ], [ 89.317152936000184, 21.739953099000047 ], [ 89.319935278000173, 21.715255465000098 ], [ 89.321821709000176, 21.693024949000176 ], [ 89.326309181000056, 21.686082196000086 ], [ 89.325938971000141, 21.685274368000023 ], [ 89.32723777800004, 21.684644967999986 ], [ 89.335671943000079, 21.675208567000027 ], [ 89.348866472000111, 21.670899457000189 ], [ 89.360836691000145, 21.672143056000152 ], [ 89.378796084000101, 21.671289724000076 ], [ 89.397916658000099, 21.671457302000078 ], [ 89.41590095700019, 21.672617007000042 ], [ 89.433840108000027, 21.672582047000162 ], [ 89.451820977000182, 21.674783613000045 ], [ 89.468652794000093, 21.676984081000057 ], [ 89.48422400600009, 21.682587261000037 ], [ 89.49746832500017, 21.692446317000076 ], [ 89.508343740000043, 21.679254415000116 ], [ 89.541688518000115, 21.663505230000055 ], [ 89.616678689000082, 21.664467769000055 ], [ 89.637470090000079, 21.663762322000025 ], [ 89.636469188000035, 21.66603238700003 ], [ 89.632761826000092, 21.673703804000127 ], [ 89.628723286000081, 21.679492887000151 ], [ 89.625525429000049, 21.68434189400017 ], [ 89.621992955000167, 21.688722522000035 ], [ 89.615764349000131, 21.698111131000189 ], [ 89.614414234000037, 21.701398905000076 ], [ 89.613061965000156, 21.705468163000148 ], [ 89.613387693000107, 21.709073785000044 ], [ 89.613881542000058, 21.712521689000027 ], [ 89.61504113400008, 21.71536806600011 ], [ 89.615607956000076, 21.716733627 ], [ 89.617691065000031, 21.721038971999974 ], [ 89.621460693000188, 21.734574869000028 ], [ 89.622266097000193, 21.745874609000111 ], [ 89.622413904000098, 21.747946155000079 ], [ 89.618947311000056, 21.753982420000114 ], [ 89.612427025000045, 21.760090534000085 ], [ 89.608138928000074, 21.76452323400008 ], [ 89.603385719000187, 21.768837252000139 ], [ 89.599680737000199, 21.772406051000075 ], [ 89.582775713, 21.786004305000063 ], [ 89.567707632000179, 21.800034725000103 ], [ 89.555396987000051, 21.814188604000151 ], [ 89.549052668000115, 21.829857651000111 ], [ 89.549816554000131, 21.84577408399997 ], [ 89.553293665000126, 21.857860447000178 ], [ 89.557779493, 21.870234026 ], [ 89.566212030000088, 21.884334472000148 ], [ 89.575334062000081, 21.907655965 ], [ 89.563669259999983, 21.921692120000102 ], [ 89.550817733000088, 21.935929687000112 ], [ 89.545983015000104, 21.945838465000179 ], [ 89.54344857600006, 21.955012668000165 ], [ 89.543266551000045, 21.968028477000132 ], [ 89.545496070000013, 21.977724048000084 ], [ 89.549479664000103, 21.990918452000017 ], [ 89.554206122000039, 22.011534241000049 ], [ 89.562066991000052, 22.037100051000095 ], [ 89.575211790000083, 22.069276556999966 ], [ 89.585704566000118, 22.091487209000036 ], [ 89.590021917000058, 22.110614652000038 ], [ 89.58976143100017, 22.125249516000167 ], [ 89.586180058000025, 22.138459848000025 ], [ 89.572378646000118, 22.159679533000087 ], [ 89.551296633000106, 22.186379860000102 ], [ 89.547043667000082, 22.197509461000038 ], [ 89.547225068000103, 22.205983990000163 ], [ 89.558518961000118, 22.216336513000101 ], [ 89.574797639000167, 22.227729002999979 ], [ 89.591619698000159, 22.237434122000025 ], [ 89.591783591000137, 22.25141259500009 ], [ 89.58710669400017, 22.262273340000149 ], [ 89.587068948000024, 22.274311185000045 ], [ 89.594526842, 22.289597592000177 ], [ 89.605749037000123, 22.302618514000187 ], [ 89.619605890000116, 22.322765970000091 ], [ 89.625774874000172, 22.333067869000104 ], [ 89.627775130000146, 22.340324565000117 ], [ 89.626995637, 22.349171623000075 ], [ 89.625977528000078, 22.360728325000082 ], [ 89.625914297000065, 22.361058709000019 ], [ 89.625121840000133, 22.365199211000117 ], [ 89.624896925000087, 22.366374322000127 ], [ 89.623585264000042, 22.373226913000167 ], [ 89.622590224000135, 22.378424887000051 ], [ 89.62145070300005, 22.38215586299998 ], [ 89.619939067000018, 22.387104872000123 ], [ 89.61846978900013, 22.391914439000061 ], [ 89.617272363000041, 22.395833852000067 ], [ 89.61608158700011, 22.399731269000085 ], [ 89.615425568000092, 22.401878321000083 ], [ 89.614929636000056, 22.402784768 ], [ 89.613416465, 22.405550404000053 ], [ 89.611809963000155, 22.408486482000171 ], [ 89.610594727000148, 22.410707380000076 ], [ 89.608053200000086, 22.415351866000151 ], [ 89.606612141000141, 22.417985157000146 ], [ 89.604724889000124, 22.421433615000183 ], [ 89.601403677000121, 22.427993129000072 ], [ 89.599355882000054, 22.432038280000029 ], [ 89.59897929300007, 22.432782153000176 ], [ 89.598895754000182, 22.432947164999973 ], [ 89.595158291000132, 22.44032923400016 ], [ 89.595097538000175, 22.440659100000119 ], [ 89.59469150700005, 22.442863644000056 ], [ 89.594527125000127, 22.443756134000182 ], [ 89.594148610000161, 22.445811185000139 ], [ 89.593692857000178, 22.448285500000168 ], [ 89.593687648000014, 22.448313779000102 ], [ 89.59322889200007, 22.450804718000029 ], [ 89.592806296000106, 22.453099225000074 ], [ 89.592394008000099, 22.455337691000011 ], [ 89.591901789000133, 22.45800989900016 ], [ 89.591871766000054, 22.458172891000117 ], [ 89.591651122000087, 22.459370709000098 ], [ 89.591456809000078, 22.460425563000172 ], [ 89.591398231000028, 22.460743560000083 ], [ 89.591153319000057, 22.46207306600013 ], [ 89.590991683000141, 22.462950498000112 ], [ 89.590814395000052, 22.463912879000077 ], [ 89.59061652000014, 22.464986997000096 ], [ 89.590362222000067, 22.466367263999985 ], [ 89.590350737000051, 22.466429597000115 ], [ 89.589955933000113, 22.468574139999987 ], [ 89.588625606000051, 22.477410424000141 ], [ 89.587988796000104, 22.481639804000167 ], [ 89.586903752000069, 22.488845506000189 ], [ 89.586825146000137, 22.489367485000116 ], [ 89.586560896000094, 22.491122219000033 ], [ 89.585955772000148, 22.495140314000025 ], [ 89.585891665000077, 22.495565977000183 ], [ 89.585015460000136, 22.499325937000037 ], [ 89.584391469000138, 22.502003459999969 ], [ 89.582676063000122, 22.509363648000033 ], [ 89.58204186100005, 22.51182127900006 ], [ 89.581839121000144, 22.512606905000041 ], [ 89.580997493000154, 22.515868162000174 ], [ 89.580437726000071, 22.517397536000033 ], [ 89.580294776000187, 22.51778809000001 ], [ 89.580056732000173, 22.51843844800004 ], [ 89.57993702400006, 22.518765520000102 ], [ 89.579379896000148, 22.520287704000111 ], [ 89.579196953000178, 22.520787536000057 ], [ 89.578116149000095, 22.523740384000121 ], [ 89.577536513000098, 22.525517254000079 ], [ 89.577171595000152, 22.526635883000154 ], [ 89.577160678000041, 22.526669349000088 ], [ 89.576942320000057, 22.527338328000098 ], [ 89.576756063, 22.527908953000178 ], [ 89.576161915000057, 22.529729183000143 ], [ 89.575954039000123, 22.530253269000127 ], [ 89.575295283000116, 22.531914055000072 ], [ 89.574559294000096, 22.533769506 ], [ 89.574530526, 22.533842030000187 ], [ 89.574396694000143, 22.534178188000112 ], [ 89.574350024000182, 22.534285689 ], [ 89.573924627000054, 22.535265558000162 ], [ 89.573150785000166, 22.537048004000042 ], [ 89.572539803000041, 22.538455285000055 ], [ 89.571049853000034, 22.543245999000135 ], [ 89.570421643000145, 22.545204442000056 ], [ 89.569538370000146, 22.547957949000079 ], [ 89.568908715000191, 22.549920757000109 ], [ 89.568804566000153, 22.550328102000151 ], [ 89.568625965000024, 22.551026635000142 ], [ 89.56750876600006, 22.555398239000169 ], [ 89.566019789000052, 22.5597620530001 ], [ 89.565725446000158, 22.560493662000169 ], [ 89.565090361000102, 22.56207218500009 ], [ 89.562587753000116, 22.566261574000066 ], [ 89.561807604000137, 22.567239773000097 ], [ 89.558387905000075, 22.571527391000132 ], [ 89.557680990000108, 22.5724136770001 ], [ 89.556523702000106, 22.57385362600013 ], [ 89.553846675000045, 22.577185957999973 ], [ 89.553699651000159, 22.577368966000051 ], [ 89.549532125000098, 22.582838549000087 ], [ 89.549428333000037, 22.582967857000085 ], [ 89.54712467500002, 22.585837750000167 ], [ 89.544865386000083, 22.588031074000071 ], [ 89.5443228110002, 22.588543086000186 ], [ 89.542190560999984, 22.590555170000016 ], [ 89.541200019000087, 22.591539302000115 ], [ 89.539708578000102, 22.593021053000029 ], [ 89.536662084000056, 22.595349760999966 ], [ 89.533604493000155, 22.599137319000192 ], [ 89.532644379000089, 22.600839636000103 ], [ 89.531464549000191, 22.602930869000033 ], [ 89.531354506000014, 22.603125915000192 ], [ 89.531295778000128, 22.603229630000158 ], [ 89.531175518000168, 22.604803399000048 ], [ 89.531230153000138, 22.606566047000058 ], [ 89.531278815000064, 22.608135941000114 ], [ 89.531239642000116, 22.60815435000012 ], [ 89.531048387, 22.61012428600003 ], [ 89.530965788, 22.610975046000078 ], [ 89.531543886000065, 22.614078273000075 ], [ 89.531817795999984, 22.615548570000158 ], [ 89.533145922000131, 22.618932481000058 ], [ 89.534115782000072, 22.620063786000173 ], [ 89.534529336000162, 22.621111886 ], [ 89.534596903000192, 22.62142744800019 ], [ 89.534785791000161, 22.622309611999981 ], [ 89.535486919000107, 22.623366582000074 ], [ 89.536279616000058, 22.624563573000046 ], [ 89.537044433000176, 22.625645307000013 ], [ 89.537091006000196, 22.625711272000046 ], [ 89.538292311000021, 22.627412727999968 ], [ 89.54244127000004, 22.631776580000121 ], [ 89.543474599000035, 22.632337353000025 ], [ 89.547177239000121, 22.634344290000115 ], [ 89.550152377000074, 22.636098452000113 ], [ 89.554921073000116, 22.63890990100009 ], [ 89.555023554000172, 22.639479304000076 ], [ 89.555176983000138, 22.639999166000109 ], [ 89.554528181000137, 22.641539862 ], [ 89.553876613000057, 22.643085067000072 ], [ 89.551774876000138, 22.646701699000175 ], [ 89.550494352000044, 22.64913964100009 ], [ 89.54948997200006, 22.651051770000095 ], [ 89.549141303999988, 22.652762666000115 ], [ 89.548898153000039, 22.653955368000027 ], [ 89.548461828000086, 22.654595104 ], [ 89.54791676100001, 22.655898603000139 ], [ 89.547557760000075, 22.657001851000132 ], [ 89.547384597000075, 22.65797655300014 ], [ 89.547487869000065, 22.65946831399998 ], [ 89.54765610000004, 22.659999407000157 ], [ 89.547697808000123, 22.660092363000047 ], [ 89.547978240000077, 22.660717369000054 ], [ 89.548034412999982, 22.660872575000099 ], [ 89.548269198000128, 22.661521287000141 ], [ 89.548314334000167, 22.661894281000059 ], [ 89.548251305000178, 22.662266971000179 ], [ 89.548188511000149, 22.662567956000146 ], [ 89.548064049000118, 22.662825743000042 ], [ 89.547795991000157, 22.66329134200015 ], [ 89.54779095900011, 22.663376121000113 ], [ 89.548395725000034, 22.665064378000125 ], [ 89.551448946000164, 22.666701267000064 ], [ 89.551667887000065, 22.666910257000154 ], [ 89.55258830300005, 22.667434447000176 ], [ 89.553698856000153, 22.668068550000157 ], [ 89.554736115000082, 22.668903558000125 ], [ 89.555537233000109, 22.669548458 ], [ 89.555625492000047, 22.669636845000127 ], [ 89.555669477000038, 22.669677730000046 ], [ 89.555980948000183, 22.669965458000092 ], [ 89.556329925000171, 22.670367974000158 ], [ 89.556841801000076, 22.67137326400001 ], [ 89.557434874000194, 22.672761204000096 ], [ 89.557915125000079, 22.673995858000126 ], [ 89.558197479000171, 22.675703803000147 ], [ 89.558145247000084, 22.676128527000117 ], [ 89.557916939000052, 22.676644174000046 ], [ 89.557739957000138, 22.677217326000061 ], [ 89.557687064000106, 22.67764741100018 ], [ 89.557696202000159, 22.67801074200014 ], [ 89.557839090000073, 22.678431807000095 ], [ 89.558150319000163, 22.678925962 ], [ 89.558479842000168, 22.679254957000126 ], [ 89.558763144000125, 22.679428667000138 ], [ 89.559164490000114, 22.679573182000127 ], [ 89.55965889800018, 22.679612785000074 ], [ 89.560060704000193, 22.679613889 ], [ 89.560596780000139, 22.679510194000045 ], [ 89.560772109000197, 22.679453310000156 ], [ 89.561102282000036, 22.67930124500009 ], [ 89.561422456000059, 22.679053544999988 ], [ 89.562460779000105, 22.677798045000031 ], [ 89.563154686000075, 22.677140360000067 ], [ 89.564837956000076, 22.675555303000124 ], [ 89.565126578000161, 22.675283516000093 ], [ 89.565544862000138, 22.674922789000163 ], [ 89.567781540000055, 22.672993838000025 ], [ 89.568850778000069, 22.672050211000169 ], [ 89.569222933000049, 22.671642491 ], [ 89.569624171000044, 22.671048049000035 ], [ 89.569913796000094, 22.670618963000038 ], [ 89.570020881000175, 22.670481538000161 ], [ 89.570092221000039, 22.670389985000099 ], [ 89.570233418999976, 22.670285140000033 ], [ 89.570409745, 22.670154209000145 ], [ 89.570703383000136, 22.670031678000043 ], [ 89.570904890000065, 22.669947591000096 ], [ 89.571910315000196, 22.669634778000045 ], [ 89.573183278999977, 22.669023275000029 ], [ 89.573365067000111, 22.66893594700008 ], [ 89.573960205000162, 22.668549031000055 ], [ 89.574650244000168, 22.668100413000047 ], [ 89.57511455700012, 22.667865017000111 ], [ 89.575702247000038, 22.667708823000169 ], [ 89.576324547000013, 22.667587141000013 ], [ 89.576606785000138, 22.667531952000161 ], [ 89.576784623000094, 22.66748939900009 ], [ 89.577016832000197, 22.667353772000183 ], [ 89.577105312000072, 22.667269490000137 ], [ 89.577444848000084, 22.666946062000022 ], [ 89.57748245800019, 22.666992879000077 ], [ 89.577700932000141, 22.667136866000135 ], [ 89.579899065, 22.667358956000044 ], [ 89.580220342000075, 22.667346342000087 ], [ 89.580321151000135, 22.66807322 ], [ 89.580241243999978, 22.669318082000132 ], [ 89.580263588000093, 22.670480636999969 ], [ 89.580100382000069, 22.671215190000112 ], [ 89.580067503000123, 22.671323345000076 ], [ 89.580025377000197, 22.67146192000007 ], [ 89.579617503000179, 22.673764876 ], [ 89.579606938000097, 22.673824525999976 ], [ 89.579540953000048, 22.674197085000174 ], [ 89.579498196000145, 22.674438495000061 ], [ 89.579465863000053, 22.674730214000135 ], [ 89.579432528000041, 22.674852482000119 ], [ 89.579422854000143, 22.674884447000011 ], [ 89.579020553000191, 22.675661010000056 ], [ 89.578730332000021, 22.676233890000049 ], [ 89.57868774300016, 22.676397119000114 ], [ 89.57838556500019, 22.67755524100005 ], [ 89.578271643, 22.677991852 ], [ 89.578161143000102, 22.678175200000055 ], [ 89.578133955000169, 22.678220312000064 ], [ 89.577931501000137, 22.678556232000176 ], [ 89.57775387900017, 22.678850951000129 ], [ 89.577444136000054, 22.679421756000181 ], [ 89.576801804000183, 22.680605446000072 ], [ 89.576759187000107, 22.680683979000094 ], [ 89.576312627000107, 22.681288547000179 ], [ 89.574503732000096, 22.683737423000139 ], [ 89.574120875000119, 22.684078338000177 ], [ 89.573227063000047, 22.68487422100003 ], [ 89.572952215000043, 22.685118954000131 ], [ 89.572726691000071, 22.685319765000145 ], [ 89.572064619000173, 22.686178459000132 ], [ 89.571518235000099, 22.686555486000145 ], [ 89.571342255000104, 22.686676918000046 ], [ 89.571064628000101, 22.686868490000109 ], [ 89.570902721000152, 22.687060394000184 ], [ 89.570832791000043, 22.687143279 ], [ 89.570703626000068, 22.687296505000063 ], [ 89.570022968999979, 22.688301928000044 ], [ 89.569205646000114, 22.689713493000056 ], [ 89.569000447000121, 22.690343034000023 ], [ 89.569018872000129, 22.690483103000133 ], [ 89.569066418000148, 22.690844577 ], [ 89.569539736000081, 22.691162027000189 ], [ 89.570284136, 22.69147794700001 ], [ 89.572112542000127, 22.691796763000127 ], [ 89.572284621000051, 22.691835617000152 ], [ 89.573398899000097, 22.692082497000115 ], [ 89.574110513000164, 22.692084392000027 ], [ 89.574391174000198, 22.69206728 ], [ 89.575601273000075, 22.691993499000034 ], [ 89.576482043999988, 22.691995831000042 ], [ 89.577497923000124, 22.692188222000084 ], [ 89.577570873000127, 22.69221099900011 ], [ 89.578107046000184, 22.692377278000095 ], [ 89.579326163000076, 22.692570191000186 ], [ 89.579935287000183, 22.692759239000168 ], [ 89.581154795000032, 22.692825671000151 ], [ 89.58149332000005, 22.692858174000094 ], [ 89.58220415500017, 22.693018119000101 ], [ 89.582914537000136, 22.69342874300014 ], [ 89.583422248000147, 22.693554277000032 ], [ 89.584066026000073, 22.693555952999986 ], [ 89.584505691000174, 22.693746800000099 ], [ 89.585418942000103, 22.694284412000172 ], [ 89.586636373000033, 22.694947015000025 ], [ 89.587343095000108, 22.695572160000097 ], [ 89.588562355000079, 22.696648040000127 ], [ 89.58877310600019, 22.696781830000191 ], [ 89.589813524000135, 22.697437179000133 ], [ 89.59133560700019, 22.698290234000126 ], [ 89.59248611400011, 22.698765177000098 ], [ 89.593113204000133, 22.698818905999985 ], [ 89.593817205000164, 22.698879222000187 ], [ 89.594382977000123, 22.698928083000055 ], [ 89.597668872000099, 22.699060590000101 ], [ 89.600141490000055, 22.69919325900014 ], [ 89.600693254000078, 22.699206599000036 ], [ 89.60095922000005, 22.699236233000136 ], [ 89.601332601000081, 22.699287955000159 ], [ 89.601557817000071, 22.699354246000041 ], [ 89.601866495000024, 22.699510375000102 ], [ 89.602149336000082, 22.699693329000127 ], [ 89.602255323000065, 22.699789200000168 ], [ 89.6023835740001, 22.699980733000132 ], [ 89.602441246000069, 22.700143004000154 ], [ 89.602467374000128, 22.700242673000105 ], [ 89.602626776000136, 22.700869844000067 ], [ 89.602702540000053, 22.701397066000141 ], [ 89.602746106999973, 22.702368778999983 ], [ 89.602705687000196, 22.702985343000023 ], [ 89.602611643000046, 22.703436853000085 ], [ 89.602587195000183, 22.703874193000047 ], [ 89.602491163000025, 22.705014067000036 ], [ 89.602209086000073, 22.706347082000093 ], [ 89.601818427000183, 22.707808896000074 ], [ 89.601591056000075, 22.708265906000065 ], [ 89.601476374000185, 22.708496413000034 ], [ 89.601266993000195, 22.708739689000083 ], [ 89.601135314000032, 22.708839748000116 ], [ 89.60095724200005, 22.708946862000062 ], [ 89.600492958000189, 22.7091393070001 ], [ 89.600168164000138, 22.709203029000037 ], [ 89.599788035000188, 22.709181682000121 ], [ 89.599636109000073, 22.70917315000014 ], [ 89.59906268400016, 22.709091415000046 ], [ 89.598312447000126, 22.708947251000041 ], [ 89.597973972000148, 22.708883167000067 ], [ 89.597741940000105, 22.708837415000175 ], [ 89.59706148500004, 22.708698127 ], [ 89.596658441000102, 22.708615623000128 ], [ 89.595067062000112, 22.708202830000175 ], [ 89.593440993000115, 22.708103853000068 ], [ 89.592869355000119, 22.708069863999981 ], [ 89.591892250000171, 22.70801176100008 ], [ 89.590176136000082, 22.708108531000107 ], [ 89.589170297000123, 22.708478817000184 ], [ 89.588101766000079, 22.70913575600008 ], [ 89.587909830000171, 22.709362850000048 ], [ 89.58738818900008, 22.709980037000037 ], [ 89.585755526000071, 22.713173861000143 ], [ 89.584977012000138, 22.715036172000111 ], [ 89.584850362000168, 22.716025372000104 ], [ 89.584844473000089, 22.716426612000078 ], [ 89.585069867000129, 22.716924046000031 ], [ 89.585387390000164, 22.71735808700015 ], [ 89.585493315000178, 22.717474882000147 ], [ 89.586915250000118, 22.71884454100001 ], [ 89.587387534000129, 22.719438521000143 ], [ 89.587978453000062, 22.719994562000068 ], [ 89.589166059000092, 22.720905881000078 ], [ 89.589556839000124, 22.721188924000103 ], [ 89.590139530000101, 22.721579858000155 ], [ 89.590179105000061, 22.721606409000117 ], [ 89.590390163000109, 22.721678654000129 ], [ 89.590518958000018, 22.721688545000177 ], [ 89.590905657000178, 22.721613049000098 ], [ 89.591411383000093, 22.721365765000087 ], [ 89.591866147000019, 22.720927136000114 ], [ 89.593850230000157, 22.719115661000103 ], [ 89.594934665000096, 22.718324877000043 ], [ 89.595264895000071, 22.718172742000149 ], [ 89.595379181000112, 22.718173031000049 ], [ 89.595550317000061, 22.718173464000188 ], [ 89.595764719000044, 22.718174006000083 ], [ 89.596289536000199, 22.71843825100018 ], [ 89.596322825000186, 22.718475831000092 ], [ 89.596998289000112, 22.719238354000026 ], [ 89.597249465000118, 22.71968833800014 ], [ 89.597865491000107, 22.720483424000179 ], [ 89.598239560000081, 22.721201414000063 ], [ 89.598956374000068, 22.722780724000188 ], [ 89.599350426000171, 22.723718657000063 ], [ 89.599498654000172, 22.724134917000072 ], [ 89.599742636000087, 22.725292368000169 ], [ 89.599843791000183, 22.725701277000155 ], [ 89.599862037000094, 22.725775034000151 ], [ 89.599976926000124, 22.726239460000045 ], [ 89.599993650000101, 22.726366358000064 ], [ 89.600057596000056, 22.726851544000056 ], [ 89.600163479000173, 22.727654905000179 ], [ 89.600161492000097, 22.72833848700003 ], [ 89.600111709000146, 22.72950954300012 ], [ 89.600016461000109, 22.730364984000119 ], [ 89.600000530000102, 22.730516480000063 ], [ 89.599958163000053, 22.730919356000186 ], [ 89.599895823000054, 22.731091292000031 ], [ 89.59975023700008, 22.731535497999971 ], [ 89.599295282000185, 22.732036292000032 ], [ 89.598788246000197, 22.732723388000068 ], [ 89.598477858000081, 22.733128936000014 ], [ 89.598322586, 22.733358002000159 ], [ 89.598021426000116, 22.734131657000148 ], [ 89.597781895000139, 22.734977172000185 ], [ 89.597720733000017, 22.735178354000141 ], [ 89.597640695000166, 22.735679525000137 ], [ 89.597690370000123, 22.736315433000129 ], [ 89.597797321000144, 22.736750712 ], [ 89.598186754000153, 22.737516543000083 ], [ 89.5988638, 22.738622497999984 ], [ 89.59947430699998, 22.739575314000149 ], [ 89.599664114000177, 22.739876950000053 ], [ 89.60029569, 22.740676845000053 ], [ 89.600506036000183, 22.740903076000052 ], [ 89.600583003000054, 22.740985856000123 ], [ 89.600932761000081, 22.741362024000182 ], [ 89.601159381000173, 22.741585437000083 ], [ 89.601292493000187, 22.741716665000126 ], [ 89.601697933000139, 22.742305656000099 ], [ 89.602119168000058, 22.742779956999982 ], [ 89.602754911000034, 22.743530213999975 ], [ 89.604142755000112, 22.74521243099997 ], [ 89.604843449000157, 22.746054718000153 ], [ 89.604874899000095, 22.746092524000062 ], [ 89.605529517000093, 22.746879413000102 ], [ 89.606453962000103, 22.748019409000051 ], [ 89.606876495000165, 22.748630404000096 ], [ 89.607707447000166, 22.750033775000134 ], [ 89.607751650000182, 22.750128756000095 ], [ 89.608320517000095, 22.751351099000033 ], [ 89.609222522000039, 22.753150709000067 ], [ 89.609519832000103, 22.753725074000101 ], [ 89.609559435000108, 22.753791194000087 ], [ 89.609673097999973, 22.754203481000161 ], [ 89.609619275000057, 22.755006443000184 ], [ 89.609378647000085, 22.756248737000078 ], [ 89.609284212000148, 22.756831704000092 ], [ 89.609200737000094, 22.757185243000151 ], [ 89.609141469000178, 22.757288730000084 ], [ 89.608997463000151, 22.757532502000174 ], [ 89.60896335100017, 22.757551369000055 ], [ 89.608849020000036, 22.757614611000122 ], [ 89.608271220000177, 22.757794847000127 ], [ 89.608126872000128, 22.757804052999973 ], [ 89.607291764000138, 22.757840244000079 ], [ 89.607132890000116, 22.75781898200006 ], [ 89.607210941000119, 22.758581875000061 ], [ 89.607252269000185, 22.758985833000054 ], [ 89.607540409000194, 22.759613958000102 ], [ 89.608114515000068, 22.76010462500011 ], [ 89.608311693000076, 22.760273144999985 ], [ 89.609037816000182, 22.761226753000017 ], [ 89.610200442000121, 22.762673969000048 ], [ 89.610985992999986, 22.763765797000133 ], [ 89.611116541000172, 22.764081616000112 ], [ 89.611169749000112, 22.764404416000161 ], [ 89.611128553000071, 22.765300624000076 ], [ 89.611049669000124, 22.765852558000063 ], [ 89.611009344000081, 22.766440438000018 ], [ 89.611007800000095, 22.766985390000173 ], [ 89.610712843000158, 22.768966157000023 ], [ 89.610597927000072, 22.769737850000183 ], [ 89.610496512000111, 22.770554103000165 ], [ 89.610392191000074, 22.771393725000166 ], [ 89.610439697000118, 22.77191011400015 ], [ 89.611439665000034, 22.771955065000043 ], [ 89.611515667000106, 22.771958482000059 ], [ 89.611879067000189, 22.771974816000181 ], [ 89.612210500000174, 22.772036044000117 ], [ 89.612807158000123, 22.772037493000141 ], [ 89.613164847000178, 22.772038360000124 ], [ 89.613300292000076, 22.772038689000055 ], [ 89.614205651000134, 22.772040878000155 ], [ 89.615333516000078, 22.772043602 ], [ 89.615767006000056, 22.772044646000097 ], [ 89.616026381000154, 22.772368222000068 ], [ 89.616372293000154, 22.772771043999967 ], [ 89.616883237000138, 22.773009856000044 ], [ 89.617320544, 22.772934599000109 ], [ 89.617525263000175, 22.772948531 ], [ 89.618453542000168, 22.773017681000056 ], [ 89.618887121000057, 22.773097760000041 ], [ 89.619667428000014, 22.773180923000041 ], [ 89.619842731000062, 22.772537700000044 ], [ 89.619843844000059, 22.772135708000178 ], [ 89.620018030000097, 22.771894474000135 ], [ 89.620712546000163, 22.771735782000121 ], [ 89.621581384000137, 22.771173245000057 ], [ 89.622015837000106, 22.770934885000031 ], [ 89.622709901000178, 22.770936529000153 ], [ 89.622970624000118, 22.770774539000058 ], [ 89.623058485000058, 22.770372753000061 ], [ 89.623667030000036, 22.769811848000074 ], [ 89.625232756000059, 22.768205299000158 ], [ 89.62566978000018, 22.767860903000042 ], [ 89.625841364000166, 22.767725687000052 ], [ 89.626232118000189, 22.76763596100011 ], [ 89.626344467000138, 22.767610161999983 ], [ 89.626883097000132, 22.76748647800008 ], [ 89.627057921000187, 22.767003590000115 ], [ 89.627403986000161, 22.767246044999979 ], [ 89.628532682000071, 22.766927984000063 ], [ 89.6297491320002, 22.766124562000186 ], [ 89.630018420000113, 22.765039343000183 ], [ 89.630187671000158, 22.764357257000086 ], [ 89.630241680000097, 22.764257545000191 ], [ 89.630948803000081, 22.762952037000161 ], [ 89.631059542000116, 22.762749036000116 ], [ 89.631405811000036, 22.762912441000083 ], [ 89.631838070000185, 22.763475779000146 ], [ 89.632184228000085, 22.763797268000189 ], [ 89.63218314400018, 22.764201520000086 ], [ 89.631922242000087, 22.764440309000179 ], [ 89.631834621000166, 22.764763056000163 ], [ 89.632007482000176, 22.765005104000124 ], [ 89.631920080000043, 22.765246549000096 ], [ 89.631572417000143, 22.765485137000155 ], [ 89.631310856000084, 22.765967830000022 ], [ 89.631657447000066, 22.766128976 ], [ 89.63200425000008, 22.766211076000047 ], [ 89.632525212000019, 22.766051932000039 ], [ 89.632698939000136, 22.765971029000184 ], [ 89.632804473000135, 22.765800846000047 ], [ 89.633047159000171, 22.765409490000025 ], [ 89.633048020000103, 22.76508654200012 ], [ 89.633135849000041, 22.764684750000072 ], [ 89.633656587000132, 22.764606902000025 ], [ 89.634002968000118, 22.764847085000099 ], [ 89.634089290000134, 22.765009889000055 ], [ 89.633915352000145, 22.765169837000144 ], [ 89.633914281000102, 22.765571828000134 ], [ 89.634434594000084, 22.765654321000113 ], [ 89.635388813000077, 22.765575202000036 ], [ 89.636342477000142, 22.765819023000063 ], [ 89.637555900000052, 22.766142477000187 ], [ 89.638305630000104, 22.766318753000178 ], [ 89.638942832000055, 22.766468569000153 ], [ 89.639041301000134, 22.767056318000186 ], [ 89.639199081000072, 22.767998082000133 ], [ 89.639206086000172, 22.76875314900019 ], [ 89.639186631000086, 22.768893807000097 ], [ 89.639018065000187, 22.770112551000011 ], [ 89.639162098000099, 22.770227604000013 ], [ 89.639409227000044, 22.770342890000165 ], [ 89.639914247000092, 22.770401394000032 ], [ 89.640460381000139, 22.770507792000103 ], [ 89.640959106000082, 22.770592371000134 ], [ 89.641447222000181, 22.770820120000053 ], [ 89.641527928000073, 22.770860390000166 ], [ 89.641707033999978, 22.770977662000121 ], [ 89.64285913000009, 22.771701962000179 ], [ 89.642974518000074, 22.771931676000179 ], [ 89.643050853000091, 22.772311882 ], [ 89.643003340000121, 22.772742005000168 ], [ 89.642901924000114, 22.773085961 ], [ 89.642905819000134, 22.773169899000038 ], [ 89.642909246000158, 22.773243728000182 ], [ 89.642978632000052, 22.773322759000052 ], [ 89.643117647999986, 22.773387603000117 ], [ 89.643303150000065, 22.773416700000098 ], [ 89.643504284000187, 22.773381297000128 ], [ 89.643635976999974, 22.77328837500005 ], [ 89.643799213000193, 22.772958896999967 ], [ 89.643857218000107, 22.772665137 ], [ 89.643873496000197, 22.772594089000165 ], [ 89.643958094000084, 22.772633963000089 ], [ 89.644044748000169, 22.772674807000101 ], [ 89.643989845000135, 22.771802938000178 ], [ 89.643963290000158, 22.771381234000103 ], [ 89.64405658000004, 22.771021725000082 ], [ 89.644102224000108, 22.770727093000062 ], [ 89.644161291000103, 22.770618199000126 ], [ 89.64425761200016, 22.770440620000102 ], [ 89.644555375000039, 22.76991544800012 ], [ 89.644698400000038, 22.769425784000134 ], [ 89.644699420000165, 22.769031410000025 ], [ 89.644666624000081, 22.76813002300014 ], [ 89.644663327000103, 22.768039412000178 ], [ 89.644677544000103, 22.767525558000102 ], [ 89.644798851000132, 22.767214106000097 ], [ 89.644924030000084, 22.766892714000164 ], [ 89.645209020000038, 22.766319709000072 ], [ 89.645261245000199, 22.766056906000074 ], [ 89.645184512000128, 22.765829671000063 ], [ 89.644729646000144, 22.765107696000086 ], [ 89.644581317000075, 22.764872264000132 ], [ 89.644581843000083, 22.764669102000028 ], [ 89.644723996000039, 22.764514057999975 ], [ 89.645020879000185, 22.764323504 ], [ 89.645456295000145, 22.764217652000127 ], [ 89.64605727300011, 22.764087836000044 ], [ 89.646189433000075, 22.764028489000054 ], [ 89.646416223000188, 22.763926646000073 ], [ 89.646689870000159, 22.763750380000033 ], [ 89.646788176000143, 22.763607188000094 ], [ 89.646829794000041, 22.763459090000083 ], [ 89.64691536000015, 22.763151689000154 ], [ 89.647126342000035, 22.762393732000078 ], [ 89.647068283000124, 22.76091648300013 ], [ 89.646947394000165, 22.759547343000179 ], [ 89.646855889000108, 22.759324163000031 ], [ 89.646455126000092, 22.758826123000176 ], [ 89.645756852000034, 22.758021218000124 ], [ 89.645478694000133, 22.757700581000165 ], [ 89.645180829000083, 22.757279250000181 ], [ 89.645124625000051, 22.757087911999974 ], [ 89.64514589700002, 22.756834601999969 ], [ 89.645260070000177, 22.756533694000154 ], [ 89.64593731500014, 22.755746443000078 ], [ 89.646389755000087, 22.75514295500011 ], [ 89.646490893000134, 22.754915217000075 ], [ 89.646531798000069, 22.754823107999982 ], [ 89.646597645999975, 22.754473880000035 ], [ 89.646651906000045, 22.754186102000062 ], [ 89.646662437000089, 22.754130249000127 ], [ 89.646638818000042, 22.753293638000116 ], [ 89.646511562000171, 22.752671914000189 ], [ 89.64646088100011, 22.752337178 ], [ 89.646529096000165, 22.752164481000023 ], [ 89.646564641, 22.752074490000155 ], [ 89.646745219000195, 22.752003184000102 ], [ 89.647105946000124, 22.752027883000096 ], [ 89.647803157000169, 22.752353130000074 ], [ 89.648273488000086, 22.752572536000116 ], [ 89.648598868000192, 22.752724323000166 ], [ 89.650169971000082, 22.753086296 ], [ 89.652333328000111, 22.753640758000074 ], [ 89.653466767000168, 22.753834434999987 ], [ 89.653664402000118, 22.753818693000142 ], [ 89.65434316000011, 22.753764629000102 ], [ 89.654755446000138, 22.753750672000081 ], [ 89.655237539000154, 22.754437952000103 ], [ 89.655669868000132, 22.754881532000013 ], [ 89.655929405, 22.755164393000086 ], [ 89.656231872000092, 22.755686732000072 ], [ 89.656535240000153, 22.755728038000086 ], [ 89.656689613000196, 22.755586092000044 ], [ 89.656718771000158, 22.755559146000166 ], [ 89.656700510000121, 22.755641161000085 ], [ 89.656646731000194, 22.755848802000116 ], [ 89.656845416000067, 22.755991497000139 ], [ 89.656960807000075, 22.756461453000099 ], [ 89.656959814000118, 22.756858898000019 ], [ 89.656920051999975, 22.757181737 ], [ 89.656725337000125, 22.757398106999972 ], [ 89.656141305000119, 22.757758165000098 ], [ 89.655933810000136, 22.758055451000189 ], [ 89.655790348000153, 22.758260991000157 ], [ 89.655711115000088, 22.758908928000039 ], [ 89.655356080000104, 22.761035401000186 ], [ 89.655154811000045, 22.763738050000086 ], [ 89.655056542000182, 22.764739240000154 ], [ 89.654929409000033, 22.76603449300012 ], [ 89.654852666000181, 22.766816348000077 ], [ 89.654807445000074, 22.767277056000182 ], [ 89.654716252000071, 22.768206106000093 ], [ 89.654675299000189, 22.768998650000128 ], [ 89.654557185000158, 22.769610370000123 ], [ 89.654204007000089, 22.770980340000165 ], [ 89.654241972000079, 22.771375609000074 ], [ 89.65435782100019, 22.771664911000016 ], [ 89.654784083000095, 22.772097152000185 ], [ 89.654816864000054, 22.772120621000056 ], [ 89.655194316, 22.771653646000061 ], [ 89.655584580000152, 22.771654486000159 ], [ 89.656234421000192, 22.771935928000175 ], [ 89.657013647000042, 22.772581248999984 ], [ 89.658052353000187, 22.77342811799997 ], [ 89.659179137000137, 22.773873174000073 ], [ 89.659525578000114, 22.773993609000172 ], [ 89.66008907600019, 22.774236456000096 ], [ 89.66052197700003, 22.774479026000108 ], [ 89.660849984000095, 22.774693932000105 ], [ 89.660955085000182, 22.774762248000059 ], [ 89.660911159000079, 22.775044453000078 ], [ 89.660171451000167, 22.776007217000142 ], [ 89.659995540000068, 22.776971179000157 ], [ 89.660037370000168, 22.777535868000029 ], [ 89.660599188000106, 22.778341053000133 ], [ 89.661030421000191, 22.779387605000068 ], [ 89.66219564000005, 22.781804302000069 ], [ 89.662226584000109, 22.78192170900013 ], [ 89.663012155000047, 22.784902289000172 ], [ 89.66369979000018, 22.787557355000104 ], [ 89.663848092000194, 22.788537811000083 ], [ 89.663913107000155, 22.788967042000138 ], [ 89.663955466000175, 22.789448170000185 ], [ 89.664041645000111, 22.789689999000188 ], [ 89.664666998000087, 22.791186372000084 ], [ 89.664737001000105, 22.791348841000115 ], [ 89.664289748000101, 22.791548117000104 ], [ 89.664246380000066, 22.791565389000084 ], [ 89.664683257000092, 22.792482796000058 ], [ 89.664815777000058, 22.79276105100007 ], [ 89.665147258000047, 22.793457058000058 ], [ 89.665262448000135, 22.794033142999979 ], [ 89.665261810000061, 22.79429438700015 ], [ 89.665260954000189, 22.794645114000105 ], [ 89.665259631000197, 22.795187081000108 ], [ 89.665375440000048, 22.795510248000085 ], [ 89.665919147000011, 22.79576430700007 ], [ 89.666073615000187, 22.796089812000105 ], [ 89.666267708000191, 22.796270875000062 ], [ 89.666976392000038, 22.796365460000175 ], [ 89.667017678000036, 22.796735652000052 ], [ 89.666926314000136, 22.797050252000133 ], [ 89.66684266600015, 22.797338277000108 ], [ 89.666759641000112, 22.79738611300013 ], [ 89.666730685, 22.797676448000118 ], [ 89.66665126200013, 22.798288254999989 ], [ 89.666573279000147, 22.798432618000106 ], [ 89.666488892000189, 22.798549639000157 ], [ 89.666417184000125, 22.798649079000029 ], [ 89.665950697000142, 22.798684233000074 ], [ 89.665639865000173, 22.798683582000137 ], [ 89.665484120000031, 22.798755518 ], [ 89.665483591000054, 22.79897230500012 ], [ 89.665599580000162, 22.799223209000104 ], [ 89.665832605000162, 22.799295960000165 ], [ 89.666634359000057, 22.799480552000148 ], [ 89.667799596000123, 22.798971357000028 ], [ 89.670769362000158, 22.797673545000123 ], [ 89.67282209200016, 22.796704916000181 ], [ 89.67317560500004, 22.796538099000145 ], [ 89.67456730300006, 22.795855369000151 ], [ 89.674979596000185, 22.795653105000099 ], [ 89.675471339000069, 22.795411862000151 ], [ 89.675549285000159, 22.795654283000033 ], [ 89.6755736880001, 22.795730233000086 ], [ 89.675591247000057, 22.796030636000182 ], [ 89.675682679000147, 22.796829666 ], [ 89.675695813000175, 22.796944450000126 ], [ 89.675804239000115, 22.797891985000092 ], [ 89.676033043000189, 22.798992286999976 ], [ 89.676164439000047, 22.801499370000045 ], [ 89.676417222999987, 22.802933958999972 ], [ 89.676495249000084, 22.803376766000099 ], [ 89.676191520000089, 22.803699097000049 ], [ 89.675803654000106, 22.804061913000055 ], [ 89.675100185000076, 22.804485060000161 ], [ 89.675027074000184, 22.804755915000101 ], [ 89.675083659000165, 22.805162542000062 ], [ 89.675659107000172, 22.806469065000101 ], [ 89.676184155999977, 22.807700865000072 ], [ 89.676214946000073, 22.80847564600009 ], [ 89.676250722000191, 22.808798669000112 ], [ 89.67570808500011, 22.809061794000115 ], [ 89.675013346000128, 22.809261376000109 ], [ 89.674969251000107, 22.809622631000082 ], [ 89.674924655000154, 22.810065185000099 ], [ 89.675010582000084, 22.810426703000189 ], [ 89.675443638, 22.810791183000106 ], [ 89.676136277000012, 22.811354932000143 ], [ 89.676438559000189, 22.812039839000079 ], [ 89.676603882000109, 22.812346967000053 ], [ 89.676637766000056, 22.812409914000057 ], [ 89.676697779000108, 22.812521402000186 ], [ 89.676912688000073, 22.813328082000169 ], [ 89.67699890900019, 22.813567647000184 ], [ 89.677215336000074, 22.813730690000057 ], [ 89.678170079000097, 22.81369196900016 ], [ 89.678480143000172, 22.813791964000188 ], [ 89.679167213000142, 22.814014668000141 ], [ 89.679264016000104, 22.814288130000023 ], [ 89.679218516000049, 22.815252372000032 ], [ 89.679172733000087, 22.816338565000081 ], [ 89.680632054000114, 22.816440865000061 ], [ 89.680746617000125, 22.81641399300014 ], [ 89.680876977000082, 22.816402963000087 ], [ 89.681007975000057, 22.816378382000096 ], [ 89.681186751000098, 22.816369707000035 ], [ 89.681285478000177, 22.816342802000179 ], [ 89.681463946000065, 22.816334128 ], [ 89.681577526000183, 22.816336612000043 ], [ 89.681740463000096, 22.816327904000048 ], [ 89.681887608000125, 22.816301096000132 ], [ 89.682017966000046, 22.816290064999976 ], [ 89.682131238000181, 22.81629480700002 ], [ 89.68226159600016, 22.816283776000091 ], [ 89.682390366000106, 22.81630210000003 ], [ 89.682537171000092, 22.816291099000068 ], [ 89.682715601000154, 22.816298230000029 ], [ 89.682893399000079, 22.816316651000079 ], [ 89.683071835000135, 22.816321524000045 ], [ 89.68325057300018, 22.816328652000095 ], [ 89.683395783000094, 22.816347010000186 ], [ 89.68355808400014, 22.816351846000032 ], [ 89.683719739000082, 22.816370235000079 ], [ 89.683855828000048, 22.816384057000164 ], [ 89.68393011600017, 22.816390977000026 ], [ 89.684124658000087, 22.816411691000098 ], [ 89.684238229000186, 22.81641643200004 ], [ 89.684449251000046, 22.8164213660001 ], [ 89.684494921000066, 22.816423042000054 ], [ 89.684644433000187, 22.816428529000063 ], [ 89.684774454000035, 22.816431042000033 ], [ 89.684904170000095, 22.816435819000162 ], [ 89.685034187000099, 22.816440591 ], [ 89.685164212000132, 22.816443107000055 ], [ 89.685325528000135, 22.81647730100002 ], [ 89.6854549090001, 22.816495622000048 ], [ 89.685600732000182, 22.81651397800016 ], [ 89.685730110000065, 22.816532300000063 ], [ 89.685858845000155, 22.816566430000023 ], [ 89.68597273000006, 22.816568914000072 ], [ 89.686085324000146, 22.816603010000051 ], [ 89.686230501000182, 22.816637171000139 ], [ 89.686287431000096, 22.816644060000044 ], [ 89.686356792000026, 22.816673555000136 ], [ 89.68646271700004, 22.816694089 ], [ 89.686553691000086, 22.816728145000184 ], [ 89.686674229000118, 22.816750966000029 ], [ 89.686780731000056, 22.816787309000119 ], [ 89.686886345000062, 22.816810098000133 ], [ 89.686993729000051, 22.816859995000073 ], [ 89.687113957000065, 22.816885075000016 ], [ 89.687220456000091, 22.816921417 ], [ 89.687357979000183, 22.816973631000053 ], [ 89.687479394000036, 22.817012260000183 ], [ 89.687570971000071, 22.817048574000125 ], [ 89.687663164000128, 22.817082630000129 ], [ 89.687770579000073, 22.817118975000028 ], [ 89.687877103000176, 22.817144026000051 ], [ 89.687985711000067, 22.817191666000099 ], [ 89.688124483000195, 22.817230331000189 ], [ 89.688241943000151, 22.817266692000089 ], [ 89.688332270000046, 22.817318813000043 ], [ 89.688392637000163, 22.817353936000188 ], [ 89.688438422000161, 22.817373222000185 ], [ 89.688519597000038, 22.817432097000165 ], [ 89.68864851800015, 22.817518170000085 ], [ 89.688745831000119, 22.81757707800017 ], [ 89.688827310000192, 22.817635956000061 ], [ 89.688956864000033, 22.817710736000038 ], [ 89.689053272000024, 22.81776738100001 ], [ 89.689150855000037, 22.817842098000085 ], [ 89.689185229000032, 22.817857973000059 ], [ 89.689294435000193, 22.817910131000133 ], [ 89.689374694000151, 22.817969006000112 ], [ 89.689459891000183, 22.818000788000063 ], [ 89.689573041000131, 22.818057469000053 ], [ 89.689703833000124, 22.818125476999967 ], [ 89.68983225400018, 22.818164120000063 ], [ 89.689961865000157, 22.818216315000029 ], [ 89.690001731000109, 22.818227683000089 ], [ 89.690113149000069, 22.818243709000171 ], [ 89.690242837000142, 22.818262027000117 ], [ 89.690313486000036, 22.818256753000185 ], [ 89.690390249000075, 22.818251023000073 ], [ 89.690521214000171, 22.818242243000043 ], [ 89.69068476800004, 22.818231269000023 ], [ 89.69079929600008, 22.818220200000098 ], [ 89.690979626000114, 22.81819570600004 ], [ 89.691127036000012, 22.818186958000183 ], [ 89.691257672000177, 22.81818947000005 ], [ 89.691388338000138, 22.818178433000128 ], [ 89.691503169000157, 22.8181673630001 ], [ 89.691634170000043, 22.81814277400008 ], [ 89.691664314000093, 22.818142830999989 ], [ 89.691732523000098, 22.818145223000045 ], [ 89.691847048999989, 22.818134150000105 ], [ 89.691978659000085, 22.818109561000085 ], [ 89.692109293000044, 22.818112074000055 ], [ 89.692257683000037, 22.818073968000078 ], [ 89.692438017000029, 22.818049476000169 ], [ 89.692635125000038, 22.81801146100014 ], [ 89.692798677000042, 22.818002743000136 ], [ 89.692962869000155, 22.817978220000157 ], [ 89.693078039000056, 22.817951340000036 ], [ 89.693193204000124, 22.817926717000034 ], [ 89.693325123000079, 22.817899870000076 ], [ 89.693439648000037, 22.817888798000013 ], [ 89.693553192000024, 22.817907087000037 ], [ 89.693716102, 22.817911916000185 ], [ 89.693861253000023, 22.817959622000046 ], [ 89.693958326000143, 22.817991424000184 ], [ 89.694087026000147, 22.818041357000141 ], [ 89.694199603000129, 22.818086740000069 ], [ 89.694296671000188, 22.818118543000139 ], [ 89.69440859600013, 22.818181994000156 ], [ 89.694522140000117, 22.818200279000109 ], [ 89.694698895000045, 22.818277403000138 ], [ 89.6947959700002, 22.818309204000172 ], [ 89.694956276000141, 22.818388557000105 ], [ 89.695101089000104, 22.818452066000077 ], [ 89.695229464000192, 22.81851329 ], [ 89.695374274000073, 22.818576801 ], [ 89.695519091000051, 22.818638053000143 ], [ 89.695695842000021, 22.818717436000043 ], [ 89.695792270000197, 22.81876504700017 ], [ 89.695904847000179, 22.818810427000187 ], [ 89.696017074000167, 22.818873880000183 ], [ 89.696146087000102, 22.818921549000152 ], [ 89.696322504000193, 22.819014481000181 ], [ 89.696419277000132, 22.819046283000148 ], [ 89.696564089000049, 22.819109794000155 ], [ 89.696709887, 22.819141690000151 ], [ 89.696822790000056, 22.819175778000101 ], [ 89.696940925000149, 22.819185038000171 ], [ 89.696982598000091, 22.819205442000055 ], [ 89.697066300000131, 22.81922592799998 ], [ 89.697195648000161, 22.81926004800016 ], [ 89.697325, 22.819291912000153 ], [ 89.697438203000047, 22.819328260000134 ], [ 89.697583991000045, 22.819364673 ], [ 89.697697197000196, 22.819401018000121 ], [ 89.697810094000033, 22.81943737000006 ], [ 89.697921736000183, 22.819491780000135 ], [ 89.698032222999984, 22.819516835000172 ], [ 89.698161577000064, 22.819548698000062 ], [ 89.698262915999976, 22.819580508 ], [ 89.698472884000125, 22.819650913000089 ], [ 89.698585784000045, 22.819687262000173 ], [ 89.6986992960002, 22.819721352000158 ], [ 89.698876377000033, 22.819791695 ], [ 89.699021491000167, 22.819857464000052 ], [ 89.699198571000068, 22.819927808000159 ], [ 89.699377244000175, 22.819966540000166 ], [ 89.699473705000059, 22.820000597000046 ], [ 89.699603355000136, 22.820036976000154 ], [ 89.699716253000076, 22.820073323000031 ], [ 89.699862044000156, 22.820109730000127 ], [ 89.700007187000153, 22.820161945999985 ], [ 89.700178240000184, 22.820205178000037 ], [ 89.700206541000114, 22.82021426600005 ], [ 89.700330698000187, 22.820255150000094 ], [ 89.700476487000117, 22.820291558000065 ], [ 89.700638414000082, 22.820330255000158 ], [ 89.700792148000176, 22.82035538700012 ], [ 89.700930324000069, 22.820389521000095 ], [ 89.701076449000197, 22.820412380000107 ], [ 89.701190328000109, 22.820419368000159 ], [ 89.701320318000171, 22.820439937000174 ], [ 89.701433217000044, 22.820476284000051 ], [ 89.701546761000031, 22.820496821000063 ], [ 89.701676441000075, 22.820519646000093 ], [ 89.70180609300013, 22.820556026000077 ], [ 89.701918356000135, 22.820605921000038 ], [ 89.702030921000073, 22.82065581400019 ], [ 89.702143822000096, 22.820692160000192 ], [ 89.70225639500012, 22.820739797000101 ], [ 89.702368959000182, 22.820791950000057 ], [ 89.702448614000104, 22.820853075000059 ], [ 89.70262200600007, 22.820939217000102 ], [ 89.702678810000123, 22.821004820000098 ], [ 89.703021811000042, 22.821240330000023 ], [ 89.703375950000122, 22.821394559000112 ], [ 89.703539885000055, 22.821489715000155 ], [ 89.7036496610001, 22.821564446000025 ], [ 89.70376946500005, 22.82164823200003 ], [ 89.703899307000142, 22.82173654900015 ], [ 89.704005046000077, 22.821847405000085 ], [ 89.704126036000162, 22.821947 ], [ 89.704249807, 22.822026273000176 ], [ 89.704362933000141, 22.822101012000019 ], [ 89.704384208000192, 22.822119118000103 ], [ 89.704490268000086, 22.822223202000032 ], [ 89.704552838000154, 22.822300103000089 ], [ 89.704632485000047, 22.822363485000153 ], [ 89.704775045000133, 22.822487958000067 ], [ 89.704869858000052, 22.822580730000084 ], [ 89.70498081400018, 22.822673529000042 ], [ 89.705058540000039, 22.82278207700017 ], [ 89.705216568000139, 22.822935940000036 ], [ 89.705294602000038, 22.82304222900018 ], [ 89.705390085000033, 22.823107899000092 ], [ 89.705473981000068, 22.823180322000155 ], [ 89.705510127000196, 22.823223298000187 ], [ 89.705553609000049, 22.823254995000013 ], [ 89.705646349000119, 22.823321792000115 ], [ 89.705770692000158, 22.823420258000112 ], [ 89.70586615100018, 22.823497221000025 ], [ 89.705976799000098, 22.823592275000067 ], [ 89.706072285000175, 22.823655690000066 ], [ 89.706168078000189, 22.823719101000052 ], [ 89.706247429000086, 22.823782483000173 ], [ 89.706342914000118, 22.823845891000076 ], [ 89.706534869000052, 22.823943358000065 ], [ 89.70671135900011, 22.824009176000175 ], [ 89.706872986000064, 22.824047866000171 ], [ 89.707052099000066, 22.824025609000046 ], [ 89.707214736000083, 22.824019132000103 ], [ 89.707394489000137, 22.823983331000079 ], [ 89.707509078000101, 22.823945147000131 ], [ 89.707639776000121, 22.823920546000124 ], [ 89.707754670000043, 22.823882364000156 ], [ 89.707853758000056, 22.823828345000038 ], [ 89.707969293000076, 22.823774356000115 ], [ 89.708068719000153, 22.823704524 ], [ 89.708152006000034, 22.823634669000171 ], [ 89.708219156000098, 22.823564782000176 ], [ 89.708302440000068, 22.823494924999977 ], [ 89.708385115000056, 22.823427325000068 ], [ 89.708419284000115, 22.823398029000145 ], [ 89.708492507000074, 22.823334925000097 ], [ 89.708453996000173, 22.823400349000167 ], [ 89.708431907000033, 22.823477094 ], [ 89.708510680000018, 22.82352466500015 ], [ 89.708691707000185, 22.82360629700014 ], [ 89.708904905000054, 22.823737674000085 ], [ 89.70913155500017, 22.823846489000118 ], [ 89.709371303000125, 22.823953072000165 ], [ 89.70960401300016, 22.824075450000123 ], [ 89.709811810000076, 22.824170681000112 ], [ 89.709881484000107, 22.824202425000067 ], [ 89.710042077000196, 22.824297571000159 ], [ 89.710262811000177, 22.824467350000077 ], [ 89.710454293000168, 22.824646112000096 ], [ 89.710511126000199, 22.824700417000088 ], [ 89.710744124000087, 22.824904095000079 ], [ 89.710960863000196, 22.825164201000064 ], [ 89.711185671000123, 22.825426584000013 ], [ 89.711262732000193, 22.825564486000076 ], [ 89.711320676000184, 22.825670736000177 ], [ 89.71136706600015, 22.82576793000004 ], [ 89.711425562000159, 22.825901282000075 ], [ 89.711458898999979, 22.825978127000099 ], [ 89.711524051000083, 22.826131813000018 ], [ 89.711533129000088, 22.826158931000123 ], [ 89.711584888, 22.826310337000052 ], [ 89.711598115000129, 22.826391664000141 ], [ 89.711613148000083, 22.826484286000152 ], [ 89.711669726000139, 22.826660542000184 ], [ 89.711711209999976, 22.826773536000076 ], [ 89.711792573000082, 22.827040175000036 ], [ 89.711844155000051, 22.82727514000004 ], [ 89.711912125000197, 22.827537237000115 ], [ 89.711951539000097, 22.827765405000036 ], [ 89.711978901, 22.827932574000101 ], [ 89.71199192600011, 22.828111012000079 ], [ 89.711990210000181, 22.82834813900007 ], [ 89.711973209000121, 22.82861234100011 ], [ 89.711951741000121, 22.828682312000126 ], [ 89.711919822000198, 22.828799691000143 ], [ 89.711887871000158, 22.828932879000149 ], [ 89.711872091000089, 22.829050285000108 ], [ 89.71186813300011, 22.82919481600004 ], [ 89.711872482000047, 22.829298711000035 ], [ 89.711888741000053, 22.829386814000145 ], [ 89.711921110000162, 22.829490762000034 ], [ 89.711953206000146, 22.829578896000044 ], [ 89.711985513000059, 22.829712199000141 ], [ 89.712001745000123, 22.829813854000122 ], [ 89.712049949000061, 22.82991783 ], [ 89.712098428000047, 22.830035352000152 ], [ 89.712178917000074, 22.830283922000092 ], [ 89.712243383000043, 22.830476 ], [ 89.712291434000065, 22.830652240000063 ], [ 89.71235569300012, 22.83079915400009 ], [ 89.712419886000191, 22.830975424000144 ], [ 89.712532319000161, 22.831239858000174 ], [ 89.712628493000125, 22.83141618500008 ], [ 89.712724605000119, 22.831621871000038 ], [ 89.712836796000033, 22.831856949000155 ], [ 89.712932578000164, 22.832076185000176 ], [ 89.713076443000091, 22.832311318000166 ], [ 89.713268214000038, 22.832648162000169 ], [ 89.713444006000032, 22.832910451000089 ], [ 89.713635109000109, 22.833276655000191 ], [ 89.71384178500017, 22.833624818000146 ], [ 89.713968510000086, 22.833902828000078 ], [ 89.714127190000056, 22.834192183000084 ], [ 89.71428589500016, 22.834470253 ], [ 89.714443903000074, 22.834788970000034 ], [ 89.714649367, 22.835137128000042 ], [ 89.714777422000054, 22.835360938000065 ], [ 89.714756055000123, 22.835385742000028 ], [ 89.714798231000088, 22.835460343000022 ], [ 89.714902610000081, 22.835647975000143 ], [ 89.715050991, 22.835912474000054 ], [ 89.715197026000112, 22.836134059000187 ], [ 89.715346602000068, 22.836409848000187 ], [ 89.715515613000093, 22.836712775000137 ], [ 89.715586154000164, 22.83691615500004 ], [ 89.715641740000137, 22.83713531799998 ], [ 89.715655937000179, 22.837191804000042 ], [ 89.715647734000129, 22.837329553000188 ], [ 89.715593327000136, 22.837422048000064 ], [ 89.715547524000158, 22.837478425000029 ], [ 89.715496545000121, 22.837534795000067 ], [ 89.715416259000051, 22.83762272700011 ], [ 89.71536864400008, 22.837672326000188 ], [ 89.715240163000033, 22.837796309000055 ], [ 89.715103041000077, 22.83797447600017 ], [ 89.715066648000175, 22.838046679000172 ], [ 89.715034087000049, 22.838179866000075 ], [ 89.715017399000089, 22.838295015000085 ], [ 89.715032871000119, 22.838471196000057 ], [ 89.715047647000119, 22.838688029000139 ], [ 89.715062784, 22.838877757000034 ], [ 89.715109994000045, 22.83902463700008 ], [ 89.715156837000052, 22.839198618000182 ], [ 89.715219915000148, 22.839329719000091 ], [ 89.715314886000101, 22.839503782 ], [ 89.715441433000194, 22.839723071000151 ], [ 89.715583855000034, 22.839926583000079 ], [ 89.715726549000124, 22.840145903000121 ], [ 89.715837113000077, 22.840290634000098 ], [ 89.715979538, 22.84049414499998 ], [ 89.716090644000133, 22.840670498000122 ], [ 89.716153328000189, 22.840844505 ], [ 89.716184701000032, 22.840991355000085 ], [ 89.716184154000075, 22.841108789000032 ], [ 89.716151657000125, 22.841210359000115 ], [ 89.716139404000103, 22.841244214000142 ], [ 89.716103261000058, 22.841341261000082 ], [ 89.716086572000165, 22.841458668000143 ], [ 89.71613421, 22.84154457000011 ], [ 89.71618139200001, 22.84170500099998 ], [ 89.716212459000189, 22.841851851000058 ], [ 89.716243891000147, 22.841969342000084 ], [ 89.716275053000061, 22.842071023000074 ], [ 89.71630651900017, 22.842172709000124 ], [ 89.716354064000086, 22.842303780000066 ], [ 89.71636935500004, 22.842421244000036 ], [ 89.716427271000043, 22.842545557999983 ], [ 89.716469718999974, 22.842638229000102 ], [ 89.716542605000143, 22.84288903800018 ], [ 89.716594695000197, 22.843031409000162 ], [ 89.716621955000164, 22.843105983999976 ], [ 89.716672191000043, 22.843261904000087 ], [ 89.716707304000181, 22.843368111000132 ], [ 89.716746133000129, 22.843589500000064 ], [ 89.71682478300005, 22.843851614000073 ], [ 89.716887287000077, 22.844113696000079 ], [ 89.716949819000092, 22.8443644890001 ], [ 89.716980743000192, 22.844581350000055 ], [ 89.717027554000026, 22.84477339700004 ], [ 89.717074250000167, 22.845021900000063 ], [ 89.717089273999989, 22.845268092000026 ], [ 89.717088267000179, 22.845460052000078 ], [ 89.717087604000028, 22.845633947000181 ], [ 89.717038812000112, 22.845810014000108 ], [ 89.717038176000017, 22.845970359000148 ], [ 89.717053371000134, 22.846132991000104 ], [ 89.717084506000162, 22.84624822000012 ], [ 89.717112047, 22.846334090000084 ], [ 89.717157138000118, 22.846475319000149 ], [ 89.717178903000047, 22.846555529000057 ], [ 89.717259403000128, 22.846659560000035 ], [ 89.717340263000096, 22.846736487000101 ], [ 89.717451853000057, 22.846831539000164 ], [ 89.717545482999981, 22.846919782999976 ], [ 89.717622079000137, 22.846996703000116 ], [ 89.717683133000037, 22.847078113000123 ], [ 89.717705293000108, 22.847114287000068 ], [ 89.717728669000053, 22.847152720000167 ], [ 89.717803845000049, 22.847326749999979 ], [ 89.717833764000147, 22.847441979000052 ], [ 89.717843679000168, 22.847507492000034 ], [ 89.717843198000196, 22.847593308 ], [ 89.717857909000088, 22.847697222000079 ], [ 89.717855098000143, 22.84773109200006 ], [ 89.717875291000098, 22.847835013000065 ], [ 89.717874166000115, 22.847936637000089 ], [ 89.717857788000174, 22.848051788000134 ], [ 89.717840433000049, 22.848196291000079 ], [ 89.717822142000045, 22.84834983200011 ], [ 89.717757355000117, 22.848453603000053 ], [ 89.717688535000093, 22.848593499000117 ], [ 89.717541005000157, 22.848645181000109 ], [ 89.717437899000174, 22.848719525000035 ], [ 89.717350660000136, 22.848780348 ], [ 89.717269987000122, 22.848826428000109 ], [ 89.717193, 22.848870401999989 ], [ 89.717034155000135, 22.84894464600012 ], [ 89.716926841000145, 22.848991879000039 ], [ 89.716781398000137, 22.849063890000025 ], [ 89.716672842000037, 22.849122415000181 ], [ 89.716493289000141, 22.849194363000095 ], [ 89.716353057000106, 22.849252832000047 ], [ 89.716196916000058, 22.849342887000091 ], [ 89.716095694000046, 22.849390133000099 ], [ 89.71601116700009, 22.849464511000065 ], [ 89.71591207900002, 22.849509500000124 ], [ 89.715813901999979, 22.849556752000126 ], [ 89.715700437000123, 22.849633338000046 ], [ 89.715660172000071, 22.849660365000091 ], [ 89.715586361000078, 22.849707659000103 ], [ 89.715423816000055, 22.849802220000186 ], [ 89.715277727000114, 22.849892293999972 ], [ 89.715146868000033, 22.849982393000062 ], [ 89.715017149000062, 22.850091750000161 ], [ 89.714967758000171, 22.850133388000074 ], [ 89.714876562000086, 22.850226082000063 ], [ 89.714722364000124, 22.850372337000181 ], [ 89.71461001800003, 22.850494087000129 ], [ 89.714571865000153, 22.850532412 ], [ 89.714480264000144, 22.850638391000189 ], [ 89.714298340000198, 22.850823253000044 ], [ 89.714124315000106, 22.851017161000073 ], [ 89.713956389000032, 22.851206567000133 ], [ 89.713773259000163, 22.851384648000192 ], [ 89.713760114000081, 22.85140720600009 ], [ 89.713701417000095, 22.851508732000184 ], [ 89.71357458000017, 22.851714014000095 ], [ 89.713463607000108, 22.851905775000034 ], [ 89.713352850000092, 22.852140450000036 ], [ 89.713236045000144, 22.852354785000102 ], [ 89.713128365000102, 22.852573655000072 ], [ 89.713068585000144, 22.852756475000092 ], [ 89.713050511000063, 22.852806129000101 ], [ 89.713030592999985, 22.852862553000023 ], [ 89.712999533000129, 22.853002515000014 ], [ 89.712925859000052, 22.853273389000037 ], [ 89.712800987000037, 22.85355771900015 ], [ 89.712704140000085, 22.853839844000106 ], [ 89.712619455000095, 22.854131021000171 ], [ 89.71247741500008, 22.854465007000044 ], [ 89.712364685000182, 22.854767425000034 ], [ 89.71225028900011, 22.855137595000144 ], [ 89.712239533000115, 22.855327277000185 ], [ 89.712225642000135, 22.855559868000171 ], [ 89.712216690000105, 22.85583311500011 ], [ 89.712157661000106, 22.856162732000143 ], [ 89.712015522000115, 22.856544139000164 ], [ 89.711921358000154, 22.856851110000036 ], [ 89.711762824000175, 22.857205390000047 ], [ 89.711652330000106, 22.857455870000024 ], [ 89.711605291000012, 22.857661296000117 ], [ 89.711431288000085, 22.857983931000092 ], [ 89.711409598000103, 22.858013248000134 ], [ 89.711281460000123, 22.85810787000014 ], [ 89.711142111000072, 22.858175369000094 ], [ 89.711052769000162, 22.858218117000092 ], [ 89.710947524000062, 22.858290194000119 ], [ 89.710834771000066, 22.858312571000113 ], [ 89.710757973000113, 22.858328241000152 ], [ 89.710618768000188, 22.858327988000042 ], [ 89.710465333000059, 22.858284801000082 ], [ 89.710350337000136, 22.85821458099997 ], [ 89.710190318000116, 22.858117179000089 ], [ 89.709983235000095, 22.857947423000098 ], [ 89.709792177000111, 22.857836415000122 ], [ 89.709757463000074, 22.857829576000029 ], [ 89.709705946000156, 22.857847550000088 ], [ 89.70945079400019, 22.857937418000063 ], [ 89.709273388999975, 22.858012444000053 ], [ 89.709147731000087, 22.858070109000096 ], [ 89.709066387000121, 22.858106125000063 ], [ 89.708947387000194, 22.858158814999967 ], [ 89.708908991000044, 22.858175815000152 ], [ 89.708701366000184, 22.858263514000043 ], [ 89.708478225000135, 22.858339889000035 ], [ 89.708191360000114, 22.858443251999972 ], [ 89.707920430000058, 22.85850373 ], [ 89.707633329000032, 22.858577729 ], [ 89.707383491000144, 22.858602114000178 ], [ 89.707282337000095, 22.858613219000119 ], [ 89.707040739000036, 22.858630841000149 ], [ 89.706994430000179, 22.858635272000072 ], [ 89.706759220000095, 22.858657425000047 ], [ 89.706723575000069, 22.858659616000125 ], [ 89.706491414000141, 22.858679511000105 ], [ 89.706190740000125, 22.858690247000084 ], [ 89.705781584000192, 22.858716595000146 ], [ 89.70574136100015, 22.858723296000051 ], [ 89.705583404000151, 22.8587580680001 ], [ 89.705275325000116, 22.858853420000173 ], [ 89.705124704000184, 22.858918633000144 ], [ 89.704884995000157, 22.859051431000125 ], [ 89.704793176000123, 22.859109981000188 ], [ 89.704586573000142, 22.859285751000129 ], [ 89.704475403, 22.859418791000166 ], [ 89.704396286000133, 22.859522528000127 ], [ 89.704285121000112, 22.859653307000031 ], [ 89.704205425000055, 22.859743494000099 ], [ 89.704094741000176, 22.859932992000154 ], [ 89.704015410000068, 22.859993821000103 ], [ 89.703888097000117, 22.860126830000183 ], [ 89.703697292000015, 22.860318436000057 ], [ 89.703490687000112, 22.86049420400002 ], [ 89.703307207000194, 22.860681309000142 ], [ 89.703142074000084, 22.860834569000019 ], [ 89.702993130000038, 22.860967538000125 ], [ 89.702788023000039, 22.861152339000057 ], [ 89.702586156000109, 22.861389095000106 ], [ 89.702346251000051, 22.861607707000076 ], [ 89.702171309000164, 22.861928071000079 ], [ 89.702003014000184, 22.862273288000154 ], [ 89.701794072000155, 22.862539385000048 ], [ 89.701697363000051, 22.862677775000122 ], [ 89.701674286000184, 22.862710797000034 ], [ 89.701575465000076, 22.862907092 ], [ 89.701490819000185, 22.863166648000174 ], [ 89.701297809000039, 22.863529884000059 ], [ 89.701130465, 22.863857032999988 ], [ 89.700973079000164, 22.864087093000023 ], [ 89.700911867000059, 22.864217964000147 ], [ 89.700810057000183, 22.864247131000127 ], [ 89.700634827000044, 22.864278419000073 ], [ 89.700379389000034, 22.864352464000035 ], [ 89.700188298000114, 22.864395015000127 ], [ 89.699964903000023, 22.864442020000183 ], [ 89.699773490000098, 22.864489086000162 ], [ 89.699502063000125, 22.864490829000033 ], [ 89.699389016000111, 22.864506425000116 ], [ 89.699294850000115, 22.864522056000055 ], [ 89.699135129000126, 22.864566920000016 ], [ 89.699063461000037, 22.864602919999982 ], [ 89.6989920970002, 22.864638918000139 ], [ 89.698801009000192, 22.864816970000106 ], [ 89.698705738000058, 22.864920675000064 ], [ 89.698706427, 22.865022304000036 ], [ 89.698195396000074, 22.866202465000072 ], [ 89.698260481000034, 22.866250017000141 ], [ 89.698085788000071, 22.866175155000121 ], [ 89.697408757000119, 22.867476955000029 ], [ 89.697377456000083, 22.867580780000026 ], [ 89.697330254000121, 22.86771167600017 ], [ 89.697283190000121, 22.867917097000031 ], [ 89.697236365000037, 22.868151881000074 ], [ 89.697231417000182, 22.868185750000123 ], [ 89.697221847000094, 22.868248973000163 ], [ 89.697205444000076, 22.868357336000145 ], [ 89.697174288000156, 22.86853343100006 ], [ 89.697127555000122, 22.868725303000133 ], [ 89.697064346000104, 22.868930694000142 ], [ 89.696985875000109, 22.869149606000121 ], [ 89.696922628000095, 22.869370809000031 ], [ 89.696827592000091, 22.869503873000042 ], [ 89.696732730000065, 22.869693394000024 ], [ 89.696621752000112, 22.86987159500012 ], [ 89.696571641000105, 22.869939251 ], [ 89.696447284000044, 22.870106133000149 ], [ 89.696272640000188, 22.870281952000028 ], [ 89.696213107000119, 22.870338298000092 ], [ 89.696145338000122, 22.870401403000074 ], [ 89.696105198000168, 22.870505213000115 ], [ 89.696070597000073, 22.870681637000132 ], [ 89.696059594000133, 22.870737737000184 ], [ 89.696054279000123, 22.870798702000172 ], [ 89.6960227940001, 22.87098383 ], [ 89.695988926000155, 22.871144110000159 ], [ 89.695964251000134, 22.871281824000164 ], [ 89.695972044000143, 22.871476058000098 ], [ 89.695886417000111, 22.871622691000027 ], [ 89.69579639300008, 22.871828030000074 ], [ 89.69573643800004, 22.871938576000161 ], [ 89.695677384000135, 22.872191400000133 ], [ 89.695635238000193, 22.872374248000142 ], [ 89.695591873000069, 22.872559353999975 ], [ 89.695562985000151, 22.872672215000023 ], [ 89.69552065400012, 22.872938623000039 ], [ 89.695506947000126, 22.873049707000177 ], [ 89.695493351000096, 22.873159893000036 ], [ 89.695455987000173, 22.873247898000102 ], [ 89.695392695000123, 22.873351662000175 ], [ 89.695345895000116, 22.873572892000027 ], [ 89.695314770000152, 22.873733178000123 ], [ 89.695537662000106, 22.875011844000085 ], [ 89.695624541000086, 22.875124930000027 ], [ 89.695736728000043, 22.875226770999973 ], [ 89.695832634000169, 22.875254056000017 ], [ 89.696008589000087, 22.875313110000093 ], [ 89.696200155000099, 22.875340575000166 ], [ 89.696312172000034, 22.875383699 ], [ 89.696488069000111, 22.875469853000027 ], [ 89.696707607000178, 22.875596067000174 ], [ 89.696744256000102, 22.875617136000074 ], [ 89.696924481000167, 22.875710285000025 ], [ 89.696967920000134, 22.875732737000135 ], [ 89.697101222000128, 22.875793968000096 ], [ 89.697368089000122, 22.875934497000117 ], [ 89.697464195000066, 22.876009203000081 ], [ 89.697576421000122, 22.876095239000108 ], [ 89.697656861000041, 22.876226375000101 ], [ 89.697849252000026, 22.876432253000075 ], [ 89.697993607000171, 22.876592872000117 ], [ 89.698186005000139, 22.876796490000118 ], [ 89.698330396000074, 22.876941302000034 ], [ 89.69836979300004, 22.876982205000104 ], [ 89.698458967000136, 22.87707478700014 ], [ 89.698571094999977, 22.877205987000139 ], [ 89.698617132000152, 22.877257958000087 ], [ 89.698697985000194, 22.877348466000115 ], [ 89.700017673000161, 22.877092223000147 ], [ 89.701009614000043, 22.877079385000172 ], [ 89.701629867000122, 22.877071354000122 ], [ 89.702315809000027, 22.877057685000125 ], [ 89.702726176000169, 22.877049506000105 ], [ 89.703602662000037, 22.877290154000093 ], [ 89.704157184000053, 22.877933858000063 ], [ 89.704347045000077, 22.878123418000143 ], [ 89.704965130000119, 22.878740518000029 ], [ 89.705240646, 22.879015593000133 ], [ 89.706365886000015, 22.880541387000051 ], [ 89.707105119000175, 22.881648188999975 ], [ 89.708167764999985, 22.882307431000186 ], [ 89.709135136000043, 22.882352932000117 ], [ 89.709489646000065, 22.882369605000179 ], [ 89.709762211000111, 22.882370102000152 ], [ 89.709866709000039, 22.882363692000126 ], [ 89.710056464000047, 22.882304138000165 ], [ 89.710094088000119, 22.882292330999974 ], [ 89.710321010000087, 22.882221112000082 ], [ 89.711054506000039, 22.881792222000115 ], [ 89.711488653000174, 22.881420148000018 ], [ 89.711716357000171, 22.881085942000084 ], [ 89.712218361000112, 22.879829714999971 ], [ 89.712266113000169, 22.879710217000024 ], [ 89.712857230000168, 22.87828676200013 ], [ 89.713187982000136, 22.878010103000065 ], [ 89.713538947000131, 22.877934251 ], [ 89.713920515000098, 22.877967668 ], [ 89.714198986000156, 22.878078846000165 ], [ 89.714353413000197, 22.878241653000032 ], [ 89.714411269000038, 22.878318555000192 ], [ 89.714497462000168, 22.878433123000093 ], [ 89.714630955000075, 22.878739301 ], [ 89.715051273000029, 22.880040291000171 ], [ 89.715493392000099, 22.880786805000128 ], [ 89.715870499000175, 22.881137578000107 ], [ 89.716080385000112, 22.881332807000035 ], [ 89.716843028000085, 22.881764392000093 ], [ 89.71753274800011, 22.882085466000035 ], [ 89.718203712000047, 22.882397805000039 ], [ 89.718956149000178, 22.882781558999966 ], [ 89.719244487000083, 22.883059324000158 ], [ 89.719913580000082, 22.883834909000086 ], [ 89.72030086500007, 22.884641696000131 ], [ 89.72047810700019, 22.885289107000176 ], [ 89.720487192000121, 22.885858981000069 ], [ 89.720372261000136, 22.88658915700006 ], [ 89.720112869000161, 22.887286621000044 ], [ 89.719730044000187, 22.887792656000101 ], [ 89.71928562, 22.88814561200013 ], [ 89.71895513000004, 22.888288436000096 ], [ 89.718325460000131, 22.888402049000149 ], [ 89.71644757700011, 22.888350909000167 ], [ 89.71528582500008, 22.888341197999978 ], [ 89.714992678000101, 22.888338746000159 ], [ 89.714158105000024, 22.888446385000066 ], [ 89.714115359000061, 22.888451898000085 ], [ 89.713392636000037, 22.888651368000069 ], [ 89.712811759000033, 22.888986288000069 ], [ 89.71273144100013, 22.889032597000096 ], [ 89.712317311000163, 22.889414806 ], [ 89.712069759000087, 22.889643274999969 ], [ 89.711824969000077, 22.890019611000071 ], [ 89.711790246000135, 22.890072993000047 ], [ 89.711686433000182, 22.890369182000086 ], [ 89.711665291000031, 22.890608157000088 ], [ 89.711726819000148, 22.890789920000088 ], [ 89.712045773000057, 22.891230282000095 ], [ 89.712591642000177, 22.891718858000047 ], [ 89.713024651000069, 22.891901291000124 ], [ 89.713715652000133, 22.892074626000181 ], [ 89.714695584000197, 22.892248477000066 ], [ 89.71521683900005, 22.89234984 ], [ 89.71562949600019, 22.892430084000068 ], [ 89.716531608000025, 22.892605502000038 ], [ 89.719667258000129, 22.893242058000112 ], [ 89.720657662, 22.893348968000112 ], [ 89.720853585000157, 22.893416235000075 ], [ 89.721317451000175, 22.893656063000037 ], [ 89.721740256000089, 22.893790651000131 ], [ 89.723390597000105, 22.894137711000099 ], [ 89.724044060000097, 22.894298851000087 ], [ 89.725577153000188, 22.894676892000177 ], [ 89.727670931000034, 22.895177641000146 ], [ 89.728145267000059, 22.895350543000063 ], [ 89.728361721, 22.895475200000135 ], [ 89.728722244000096, 22.895800874000088 ], [ 89.728949411000144, 22.89613074100015 ], [ 89.729144115000111, 22.896413469000095 ], [ 89.729483474000176, 22.897006801000146 ], [ 89.729591159000108, 22.897281429000145 ], [ 89.729931356000122, 22.898061417000179 ], [ 89.730155301000082, 22.898967062000054 ], [ 89.730192910000085, 22.899734558000148 ], [ 89.730130483000153, 22.899992587000099 ], [ 89.729178359000059, 22.901367685000025 ], [ 89.729044091000162, 22.901424820000045 ], [ 89.728765290000126, 22.901510389000066 ], [ 89.727103608000107, 22.901622270000189 ], [ 89.726608306000173, 22.901602299000047 ], [ 89.726360502000091, 22.901668796000138 ], [ 89.72604044100018, 22.901744729000143 ], [ 89.725648161000038, 22.901810975999979 ], [ 89.724626270000101, 22.901933495000094 ], [ 89.723758996000129, 22.902142322000088 ], [ 89.723690767000051, 22.902153402000067 ], [ 89.722943474000147, 22.902274750000174 ], [ 89.722437501000115, 22.902426836000132 ], [ 89.722096602000079, 22.90259833000016 ], [ 89.721706761000064, 22.90303680400018 ], [ 89.721434621000071, 22.903342893 ], [ 89.72133103300007, 22.903533922000122 ], [ 89.721309944000154, 22.903753777000077 ], [ 89.721381558000076, 22.904059839000183 ], [ 89.721472152000104, 22.904224043999989 ], [ 89.72147195500014, 22.904320546000179 ], [ 89.72179316900008, 22.904948519000186 ], [ 89.722274789000153, 22.90546953400019 ], [ 89.723090643000148, 22.906352108000021 ], [ 89.723369940000111, 22.906654242000172 ], [ 89.724568959000067, 22.908092117000024 ], [ 89.72459247900008, 22.908120322000173 ], [ 89.725217027000042, 22.908480940000118 ], [ 89.726460836000058, 22.909199110000031 ], [ 89.730047575000071, 22.912138493000157 ], [ 89.730260250000185, 22.912312778000114 ], [ 89.733876715000179, 22.914626281000153 ], [ 89.734296196000116, 22.914894619000108 ], [ 89.73427024200015, 22.914908940000146 ], [ 89.73421267100008, 22.914938094999968 ], [ 89.735691399000189, 22.916115488000173 ], [ 89.735993164000035, 22.916355756000144 ], [ 89.73605696400017, 22.916408033000096 ], [ 89.73811089100019, 22.918090971000083 ], [ 89.739020834000087, 22.918836536000072 ], [ 89.739792996, 22.919469198000172 ], [ 89.739815403000193, 22.91950625000004 ], [ 89.740116517000047, 22.919716247999986 ], [ 89.740591007000035, 22.920181550000166 ], [ 89.741002685000183, 22.920794096 ], [ 89.741588211000135, 22.922257810000133 ], [ 89.741771944000163, 22.923338447000106 ], [ 89.741771056000061, 22.923806912000089 ], [ 89.741708440000082, 22.924170110000091 ], [ 89.741511591, 22.924561771000072 ], [ 89.741304747000129, 22.924781326000073 ], [ 89.741015422000089, 22.92495294400004 ], [ 89.740591882000047, 22.925143463000097 ], [ 89.740034418000107, 22.925199914000075 ], [ 89.738321344000099, 22.925053693000109 ], [ 89.737114204000079, 22.924812686000166 ], [ 89.735653465000098, 22.923907972999984 ], [ 89.734362163000185, 22.923010439000166 ], [ 89.73415576300016, 22.922866976000137 ], [ 89.733740099000045, 22.922480554000117 ], [ 89.73344662400018, 22.92220772200011 ], [ 89.732826745000125, 22.921631439000123 ], [ 89.73139788400016, 22.920177255000056 ], [ 89.731085968000116, 22.919859805000101 ], [ 89.73071499800011, 22.919562800000108 ], [ 89.730189216000156, 22.919265532 ], [ 89.728116427000145, 22.918401550000112 ], [ 89.727868783000076, 22.918372445000102 ], [ 89.727600345000099, 22.918419788000051 ], [ 89.727207866000185, 22.918562521000013 ], [ 89.727063201000021, 22.918648317000191 ], [ 89.726739061000046, 22.918913616000054 ], [ 89.726611313000149, 22.919018173999973 ], [ 89.726364252000053, 22.919449426000142 ], [ 89.726147775000129, 22.92055169200006 ], [ 89.72627414700014, 22.921866480000119 ], [ 89.726915506000182, 22.923719934000189 ], [ 89.727815572000054, 22.925245186000041 ], [ 89.729393008000159, 22.926771589000168 ], [ 89.731060020000086, 22.928158254000039 ], [ 89.731228518000137, 22.928298413 ], [ 89.733290033000117, 22.92973596600001 ], [ 89.735108116000163, 22.931169694000175 ], [ 89.735761091000086, 22.931684613000073 ], [ 89.737959996000086, 22.933418562999975 ], [ 89.738684370000158, 22.934014507000086 ], [ 89.739017194000155, 22.934301482000137 ], [ 89.739506592000112, 22.934790052000039 ], [ 89.739891107000062, 22.935147475000065 ], [ 89.740240392000089, 22.935601940000083 ], [ 89.740457702000128, 22.935891434000041 ], [ 89.74048478800006, 22.935927518000028 ], [ 89.740658783000185, 22.936575899000104 ], [ 89.740702882000164, 22.936684827000079 ], [ 89.741284855000117, 22.938122335000173 ], [ 89.741460171000199, 22.938555369000085 ], [ 89.742296686000032, 22.940665867000121 ], [ 89.742504941000163, 22.941202805000103 ], [ 89.74274978700015, 22.941834079000159 ], [ 89.743063992000145, 22.942320096000117 ], [ 89.743693017000055, 22.942969210000172 ], [ 89.744707147000099, 22.94368442800004 ], [ 89.745546655000112, 22.944236770000089 ], [ 89.745613296000045, 22.944269233000171 ], [ 89.747086159000105, 22.944986688000142 ], [ 89.748030467000092, 22.945570800000155 ], [ 89.748834710000096, 22.946254043000067 ], [ 89.748900436000042, 22.94631060200004 ], [ 89.749393982000186, 22.946740435000038 ], [ 89.749813784000139, 22.947000788000139 ], [ 89.749860511000179, 22.947055227000135 ], [ 89.750093272000129, 22.947326405000183 ], [ 89.750167612000098, 22.947637837 ], [ 89.750232398000094, 22.947909234000178 ], [ 89.750869706000117, 22.949393858000064 ], [ 89.750929796000094, 22.949533958000131 ], [ 89.751081953000153, 22.949823467000044 ], [ 89.751270412000054, 22.950182047 ], [ 89.751662680000152, 22.950928401000112 ], [ 89.752207340000098, 22.951888041000132 ], [ 89.752325891000055, 22.952096914000094 ], [ 89.752674551000098, 22.952942015000133 ], [ 89.753023163000194, 22.953816470999982 ], [ 89.75340653, 22.954855827000188 ], [ 89.753436837000152, 22.955257767000035 ], [ 89.753440743999988, 22.955318350000027 ], [ 89.753858518000129, 22.955315732000145 ], [ 89.753855555000143, 22.956953256000077 ], [ 89.753404193000108, 22.959813084000132 ], [ 89.754011035000019, 22.960466070000166 ], [ 89.754413055999976, 22.960900203999984 ], [ 89.755062592000115, 22.961391779999985 ], [ 89.754767545000107, 22.961450699000181 ], [ 89.75434996600012, 22.961534085000153 ], [ 89.75323467200019, 22.961690101999977 ], [ 89.753136300000051, 22.961698303000048 ], [ 89.752992970000093, 22.962939168000105 ], [ 89.752046284000073, 22.963176667000141 ], [ 89.751714753000101, 22.963259838 ], [ 89.751596313000107, 22.964514464999979 ], [ 89.751708665000137, 22.966594045000136 ], [ 89.752448090000144, 22.967455804999986 ], [ 89.752445668000121, 22.967581963000157 ], [ 89.754630667000129, 22.969027900000128 ], [ 89.754466691000061, 22.969178146000161 ], [ 89.754082689000086, 22.969446295000012 ], [ 89.753946344000099, 22.969476278000116 ], [ 89.753719691000072, 22.96963455000008 ], [ 89.753498909000143, 22.969683100000168 ], [ 89.753323984000133, 22.969709222 ], [ 89.752224048000073, 22.969898717000149 ], [ 89.752166732000092, 22.969902329000092 ], [ 89.751594042000136, 22.970059761000186 ], [ 89.75123743100005, 22.970246252000038 ], [ 89.751196367000034, 22.970256635000112 ], [ 89.750607796999986, 22.970310405000134 ], [ 89.750287395000157, 22.970306779000168 ], [ 89.750091276000148, 22.970277789000079 ], [ 89.749936510000168, 22.970220182000048 ], [ 89.748879886000111, 22.96931504700018 ], [ 89.748338970000134, 22.968702320000034 ], [ 89.748305220000191, 22.968672454000057 ], [ 89.748122505000083, 22.968510767000055 ], [ 89.747939853000048, 22.968370616000129 ], [ 89.747911990000148, 22.968353969000077 ], [ 89.747596408000163, 22.96826135800012 ], [ 89.747028774000057, 22.968140948000098 ], [ 89.746523187000093, 22.967968052 ], [ 89.746358279000106, 22.967814820000115 ], [ 89.746193316000074, 22.967690271000038 ], [ 89.745981778000157, 22.967627789 ], [ 89.745702086000108, 22.967602863000081 ], [ 89.744770036000091, 22.967416242000184 ], [ 89.743913416000055, 22.967399053000122 ], [ 89.74351520200014, 22.967436800000144 ], [ 89.743297964000135, 22.967502097000079 ], [ 89.743153531000189, 22.967588410000076 ], [ 89.742721807000123, 22.967853352000134 ], [ 89.74257362600008, 22.967944288000183 ], [ 89.742090334000011, 22.96831387200001 ], [ 89.741679126000122, 22.968769394000049 ], [ 89.741340722000189, 22.969094042000108 ], [ 89.740893597000024, 22.969517884000027 ], [ 89.740663273000166, 22.969919495999989 ], [ 89.740518131000044, 22.97025349300003 ], [ 89.740408651000052, 22.970589806000078 ], [ 89.740299262000178, 22.97103678100018 ], [ 89.740141838000113, 22.971415927000123 ], [ 89.73992365800018, 22.971840140000097 ], [ 89.739660264000065, 22.972140891000038 ], [ 89.739621482000018, 22.972185173000184 ], [ 89.739431590000152, 22.972351956000182 ], [ 89.739277012000116, 22.972444941000163 ], [ 89.739118414000188, 22.972531751000076 ], [ 89.739011574000187, 22.972590231000083 ], [ 89.738958283000159, 22.972619400000099 ], [ 89.738509406000048, 22.97284189800007 ], [ 89.738207434000117, 22.972920441000042 ], [ 89.737857335000172, 22.972976323000069 ], [ 89.737398708000171, 22.973029763000056 ], [ 89.737133036000046, 22.973097074 ], [ 89.736601848000134, 22.973308478000092 ], [ 89.736409809000122, 22.97337511500001 ], [ 89.736154910000096, 22.973463565000088 ], [ 89.735949667000057, 22.973652921999985 ], [ 89.735719949000099, 22.973887409000156 ], [ 89.735661476000132, 22.974021384000139 ], [ 89.735678299000199, 22.974135879000073 ], [ 89.7357018780001, 22.974174717000096 ], [ 89.735876197000039, 22.974447009000073 ], [ 89.736288144000127, 22.974992641000085 ], [ 89.736719512000093, 22.975508582000089 ], [ 89.73684438000015, 22.975677138000151 ], [ 89.736926796000034, 22.9757728780001 ], [ 89.736972880999986, 22.975968945000034 ], [ 89.736941664000199, 22.976093179000031 ], [ 89.736776562000045, 22.976555483000084 ], [ 89.736764379000192, 22.976594650000038 ], [ 89.736437385000102, 22.977151918000175 ], [ 89.736398242000178, 22.977230623000025 ], [ 89.736376783000082, 22.977273769000192 ], [ 89.736207640000032, 22.977397699000164 ], [ 89.73607589900007, 22.977413287 ], [ 89.73602680200014, 22.977419982000129 ], [ 89.735957908000159, 22.977409973000078 ], [ 89.735775580000166, 22.97735152600012 ], [ 89.735663417000183, 22.977286807000041 ], [ 89.735445187000096, 22.977102837000075 ], [ 89.734982398000056, 22.976855090000129 ], [ 89.734460072000047, 22.976653446000114 ], [ 89.733926224000072, 22.976398024000105 ], [ 89.733733639000036, 22.976282238000124 ], [ 89.733068294000134, 22.975958454000192 ], [ 89.731884761000174, 22.975303956 ], [ 89.730964373000063, 22.974728770000013 ], [ 89.730809695000062, 22.97462812200007 ], [ 89.730461422000133, 22.974527146000071 ], [ 89.730290283000045, 22.974519686000122 ], [ 89.729992205000087, 22.974506693000023 ], [ 89.729911654000091, 22.974503181000102 ], [ 89.729721282000128, 22.974502856000186 ], [ 89.729443760000095, 22.974547549000022 ], [ 89.729231540000114, 22.974593105999986 ], [ 89.728827957000021, 22.974679742000035 ], [ 89.728489953000121, 22.974780790000068 ], [ 89.728425661000131, 22.974809377000042 ], [ 89.728115541000079, 22.974947265000083 ], [ 89.727586907000045, 22.975449710000191 ], [ 89.727430097000195, 22.975598751000177 ], [ 89.727337663000185, 22.975625693000097 ], [ 89.726609886000119, 22.975703779000128 ], [ 89.726350877000073, 22.975743847999979 ], [ 89.725608291000128, 22.975858725000023 ], [ 89.725041065000084, 22.976030765000189 ], [ 89.724965038000107, 22.976053824000076 ], [ 89.723889799, 22.976286376000132 ], [ 89.722956388000171, 22.976562970000089 ], [ 89.721871432000114, 22.976809487000139 ], [ 89.721578928000042, 22.976872208000088 ], [ 89.721327554000197, 22.976871767000148 ], [ 89.720994478000193, 22.976871179999989 ], [ 89.720294669000111, 22.976777357000174 ], [ 89.719064344000174, 22.976549347000116 ], [ 89.717857307000031, 22.976269424000122 ], [ 89.717134511000097, 22.976089725000122 ], [ 89.716219523000063, 22.975823866000042 ], [ 89.715620004000129, 22.975594700000102 ], [ 89.71528993700008, 22.975395370000115 ], [ 89.714560082000162, 22.974951421000071 ], [ 89.714221947000169, 22.974822086000131 ], [ 89.713760591000039, 22.974715110000147 ], [ 89.713322230000074, 22.974693994000177 ], [ 89.712675883000145, 22.974699598000086 ], [ 89.711775732000035, 22.974777006000124 ], [ 89.71148273700004, 22.974783248000108 ], [ 89.710929671000088, 22.974795792000066 ], [ 89.710614312000189, 22.974709401000098 ], [ 89.709884004000173, 22.974629020000123 ], [ 89.709484013000178, 22.974628288000076 ], [ 89.709137614000042, 22.974657016000151 ], [ 89.70876062100001, 22.974735361000114 ], [ 89.707890743000178, 22.975054446000172 ], [ 89.707437803000175, 22.975212504000069 ], [ 89.707182599000191, 22.975301559000059 ], [ 89.706568520000133, 22.975492696000174 ], [ 89.706497389000162, 22.975514836000059 ], [ 89.706181919000187, 22.975620394000089 ], [ 89.705812316000049, 22.975804892000099 ], [ 89.70578254100019, 22.975826657000027 ], [ 89.705451933000177, 22.975991688000079 ], [ 89.704802959000119, 22.976626449000094 ], [ 89.704379225000082, 22.977180582000017 ], [ 89.704185488000121, 22.977433938000047 ], [ 89.704151110000112, 22.977478894 ], [ 89.704099541000176, 22.977535235000175 ], [ 89.703783752999982, 22.977785318000144 ], [ 89.70368626200019, 22.97784742500005 ], [ 89.70340013800012, 22.977900660000103 ], [ 89.703030651000063, 22.977886419000072 ], [ 89.702600258000018, 22.977842705 ], [ 89.702269652000041, 22.977756265000153 ], [ 89.701846711000144, 22.977649327 ], [ 89.701623587000142, 22.977628583000069 ], [ 89.701317250000102, 22.977647008000076 ], [ 89.701077473000055, 22.977661430000012 ], [ 89.700769657000194, 22.977696341000183 ], [ 89.700646571000107, 22.977710301000059 ], [ 89.700107901000138, 22.977824458000043 ], [ 89.699330486000065, 22.978087212000105 ], [ 89.698321765000173, 22.978439853000054 ], [ 89.697720281000102, 22.978637900000024 ], [ 89.697544355000161, 22.978695825000102 ], [ 89.697274815000014, 22.978844361000142 ], [ 89.697224399000106, 22.978869744000178 ], [ 89.697049948000199, 22.97895697600012 ], [ 89.696874525000112, 22.978972322000118 ], [ 89.696328498000184, 22.9789645030001 ], [ 89.695797572000117, 22.979019943000083 ], [ 89.695497444000125, 22.979075824000176 ], [ 89.695174058000021, 22.979167794000148 ], [ 89.694963500000199, 22.979240335000043 ], [ 89.694619964000196, 22.979358687000058 ], [ 89.694292545, 22.979534510000121 ], [ 89.694050055000048, 22.979664725000134 ], [ 89.693541462000155, 22.979955067 ], [ 89.693414533, 22.980009126000141 ], [ 89.693384600000115, 22.980025443000159 ], [ 89.693178353, 22.980143182 ], [ 89.693056891000083, 22.980194890000064 ], [ 89.692831974000057, 22.980291562000048 ], [ 89.692385846000093, 22.980326830000138 ], [ 89.692070291000164, 22.980326218000073 ], [ 89.691829815000176, 22.980283722000081 ], [ 89.691747244000169, 22.980269130000124 ], [ 89.691470534000189, 22.980212135000158 ], [ 89.691339676000041, 22.980238980000138 ], [ 89.691177893000088, 22.980324483 ], [ 89.690785761000143, 22.980346299000018 ], [ 89.690393442000072, 22.98031617700002 ], [ 89.69023337100009, 22.980301903000111 ], [ 89.689927366000063, 22.980274616000088 ], [ 89.689773555000045, 22.980251226000064 ], [ 89.688889289000088, 22.98011675500004 ], [ 89.688528749000056, 22.98001916000004 ], [ 89.688267405000147, 22.97994841600007 ], [ 89.687724891000187, 22.979868306000185 ], [ 89.687174639000148, 22.979709135000064 ], [ 89.686687242, 22.979527507000171 ], [ 89.686344667000185, 22.97934616100008 ], [ 89.686140545000171, 22.97928026400001 ], [ 89.685810338000124, 22.979157661000102 ], [ 89.685583919000123, 22.979144617000088 ], [ 89.685363740000128, 22.979131933000133 ], [ 89.684704302000114, 22.979121589000158 ], [ 89.684221941000089, 22.97913869700011 ], [ 89.683821065000132, 22.979122365000023 ], [ 89.683623438000041, 22.979054479000069 ], [ 89.683552798000051, 22.979005204000032 ], [ 89.683296767000058, 22.978826608000134 ], [ 89.683176865000121, 22.978742969000052 ], [ 89.682991243, 22.978642213000114 ], [ 89.682852100000161, 22.978534380000156 ], [ 89.682682284000123, 22.978297420000047 ], [ 89.682497132000094, 22.977995895999982 ], [ 89.682461634000163, 22.977938086 ], [ 89.682334920000187, 22.977731728000151 ], [ 89.682206892000067, 22.977220877999969 ], [ 89.68218415400014, 22.976059283000097 ], [ 89.68220687400003, 22.97582829300012 ], [ 89.682215884000072, 22.975736683000036 ], [ 89.682224232000067, 22.975478568000085 ], [ 89.682310806000146, 22.97488360400007 ], [ 89.68256871300008, 22.973873106000099 ], [ 89.68256926600003, 22.973636486000089 ], [ 89.682554197000115, 22.973457199000052 ], [ 89.68240798700009, 22.973062538000192 ], [ 89.682253732, 22.972796927000161 ], [ 89.682114664000039, 22.972660412000153 ], [ 89.681828466000184, 22.972523602000024 ], [ 89.680869090000044, 22.972163158 ], [ 89.680196031000037, 22.971889330000124 ], [ 89.679507421000096, 22.971644149000156 ], [ 89.678524640000035, 22.971362516000056 ], [ 89.67760145900013, 22.970955378000099 ], [ 89.676892304000148, 22.970699529000171 ], [ 89.676388308000185, 22.970586484000137 ], [ 89.676404381000168, 22.970657281000058 ], [ 89.676418261000094, 22.970718287000125 ], [ 89.676432140000088, 22.970779289000177 ], [ 89.676446320000196, 22.97084029399997 ], [ 89.676460200000122, 22.970901296000079 ], [ 89.676474074000168, 22.970964558000162 ], [ 89.676487953000162, 22.971025561000147 ], [ 89.676502134000032, 22.97108656600011 ], [ 89.676516014000072, 22.971147569000095 ], [ 89.676525620000177, 22.971210823000035 ], [ 89.676535535000198, 22.97127181999997 ], [ 89.676545141000133, 22.971335072999977 ], [ 89.676555056000154, 22.971396068000161 ], [ 89.676564662000033, 22.971459320000065 ], [ 89.67657427100005, 22.971520319000035 ], [ 89.676584180000077, 22.97158357 ], [ 89.676593791000073, 22.971644566000123 ], [ 89.676603699000168, 22.971707817000095 ], [ 89.67661331100004, 22.971768815000189 ], [ 89.676622917000145, 22.971832067999969 ], [ 89.676632833999975, 22.971893063000152 ], [ 89.676642438000101, 22.971956315000057 ], [ 89.676652355000101, 22.972017312000048 ], [ 89.676661958000068, 22.972080566000102 ], [ 89.676671570000167, 22.972141559000079 ], [ 89.676681482000106, 22.972204812000086 ], [ 89.67669109000019, 22.972265810000181 ], [ 89.676701000000151, 22.972329063000188 ], [ 89.676710608, 22.972392315999969 ], [ 89.676720218000128, 22.972453310000049 ], [ 89.676730126000052, 22.972516562000123 ], [ 89.676739737000048, 22.972577559000115 ], [ 89.676749345000133, 22.972640813 ], [ 89.676759260000154, 22.972701808000181 ], [ 89.67676886300012, 22.972765061000189 ], [ 89.676778779000074, 22.972826057000077 ], [ 89.676788386000055, 22.972889312000063 ], [ 89.676797998000154, 22.97295030500004 ], [ 89.676807904999976, 22.973013558000048 ], [ 89.676817517000075, 22.973074551000025 ], [ 89.676827426000102, 22.973137807000114 ], [ 89.676837039000077, 22.97319880200007 ], [ 89.676846644000079, 22.973262056000181 ], [ 89.676856560000033, 22.973323054000048 ], [ 89.676866165000035, 22.97338630600018 ], [ 89.676876080000056, 22.973447299000156 ], [ 89.676885687000038, 22.97351055300004 ], [ 89.676829202000079, 22.973544316000073 ], [ 89.676773020000041, 22.973580331000107 ], [ 89.676716543000055, 22.973614093000094 ], [ 89.676660054000138, 22.973650109000062 ], [ 89.676603879000197, 22.973683871000162 ], [ 89.676547391000099, 22.973719887000129 ], [ 89.676491216000159, 22.973753649000059 ], [ 89.676434733, 22.97378740900001 ], [ 89.67637824600007, 22.973823427000184 ], [ 89.676322070000197, 22.973857187000135 ], [ 89.676265581000052, 22.973893208000163 ], [ 89.676209407000044, 22.973926965000032 ], [ 89.6761529260001, 22.97396072700019 ], [ 89.676096437000126, 22.973996742000054 ], [ 89.67604026000015, 22.97403050600019 ], [ 89.675983777, 22.974066522000101 ], [ 89.675927294000076, 22.974100283000155 ], [ 89.675871116000053, 22.974134043000106 ], [ 89.675814629000058, 22.974170061000052 ], [ 89.675758148000114, 22.974203821 ], [ 89.675701964000041, 22.974239841000156 ], [ 89.675645483000096, 22.974273599000128 ], [ 89.67558929900008, 22.974309617000074 ], [ 89.675532819000182, 22.974343377000025 ], [ 89.675468758000136, 22.974359055000093 ], [ 89.675436953000087, 22.974366837 ], [ 89.67540469700009, 22.974374730000022 ], [ 89.6753406320002, 22.974392667000188 ], [ 89.675276569000118, 22.974408344000153 ], [ 89.675212511000154, 22.974424022000051 ], [ 89.675148452000087, 22.974439699000186 ], [ 89.675084385000048, 22.974457634000146 ], [ 89.675020324000172, 22.974473311000111 ], [ 89.674956565000116, 22.974488988000076 ], [ 89.674892505000173, 22.97450466500004 ], [ 89.674828438000077, 22.974522602000036 ], [ 89.674764380000113, 22.974538279000171 ], [ 89.674700319000067, 22.974553955000033 ], [ 89.674636258000191, 22.97456963000019 ], [ 89.674572192000198, 22.974587568000061 ], [ 89.674508131000152, 22.97460324400015 ], [ 89.674444071000153, 22.974618921000115 ], [ 89.674380010000107, 22.974634600000059 ], [ 89.674315949000061, 22.974650275000045 ], [ 89.674251884000171, 22.974668209000072 ], [ 89.674187821000089, 22.974683886000037 ], [ 89.674123760000043, 22.974699564000105 ], [ 89.6740597000001, 22.974715239000091 ], [ 89.673995634000107, 22.974733176000029 ], [ 89.673931574000108, 22.974748852000118 ], [ 89.67386781800019, 22.974764529000083 ], [ 89.673803757000144, 22.974780207000094 ], [ 89.673739689000172, 22.974798142000111 ], [ 89.673675628000069, 22.974813818000143 ], [ 89.673611569000059, 22.974829494 ], [ 89.673547506000148, 22.97484517099997 ], [ 89.673483441000087, 22.974863105000054 ], [ 89.673419378, 22.974878782000189 ], [ 89.673353761000044, 22.974901955000064 ], [ 89.673342671000171, 22.974955406000106 ], [ 89.673331907000147, 22.975005389999978 ], [ 89.673317385000189, 22.975075047000189 ], [ 89.673304737000024, 22.975135996000176 ], [ 89.67329210000014, 22.975194685000133 ], [ 89.673279449000063, 22.975255633000188 ], [ 89.673266806000186, 22.97531658600019 ], [ 89.673254162000035, 22.975375277000126 ], [ 89.673241519000157, 22.97543622500001 ], [ 89.673228873000141, 22.975497174 ], [ 89.673216228000115, 22.97555586500016 ], [ 89.673203584000134, 22.97561681500008 ], [ 89.673190935000036, 22.975677763000135 ], [ 89.673178296000174, 22.975736456000107 ], [ 89.673165649000111, 22.975797405000094 ], [ 89.673153004000199, 22.975858353000149 ], [ 89.673140362000197, 22.975917042000106 ], [ 89.67312771700017, 22.975977992000026 ], [ 89.673115071000154, 22.976038942000059 ], [ 89.673102430000085, 22.976097633000052 ], [ 89.673089781000044, 22.976158581000107 ], [ 89.673077134000152, 22.976219531000027 ], [ 89.67306449400013, 22.976278223000065 ], [ 89.673051849000103, 22.97633917100012 ], [ 89.673039202000041, 22.97640012100004 ], [ 89.673026560000039, 22.976458811999976 ], [ 89.67301391400008, 22.976519761000134 ], [ 89.673001268000064, 22.976580710000121 ], [ 89.672988626000119, 22.976639399000135 ], [ 89.672975979, 22.976700350000101 ], [ 89.672954497000035, 22.976759022000124 ], [ 89.672932703000185, 22.976819952000028 ], [ 89.672911219000184, 22.976878624999983 ], [ 89.672889434000069, 22.976937296000131 ], [ 89.672867952000047, 22.97699596800004 ], [ 89.67284615900013, 22.977056900000093 ], [ 89.672824677000108, 22.977115574000152 ], [ 89.672806857000069, 22.977171994000059 ], [ 89.672789033000186, 22.977230674999987 ], [ 89.672771214000022, 22.977287097000044 ], [ 89.672753395000086, 22.97734351600019 ], [ 89.672735875000058, 22.977402199000153 ], [ 89.672718056000065, 22.977458620000107 ], [ 89.672700236000196, 22.977515043000096 ], [ 89.672682413000075, 22.977573723000148 ], [ 89.672664592000103, 22.977630148000117 ], [ 89.672646769000153, 22.977688825000087 ], [ 89.672628949000114, 22.977745247000144 ], [ 89.6726111320001, 22.977801668000097 ], [ 89.672593612000071, 22.977860348000149 ], [ 89.672575794000068, 22.977916771000082 ], [ 89.672557976000178, 22.97797319100016 ], [ 89.67254014800011, 22.978031871000042 ], [ 89.672522330000049, 22.978088293999974 ], [ 89.672461006000162, 22.978106235000155 ], [ 89.6723993720002, 22.978126432000124 ], [ 89.672338048000086, 22.978144371000099 ], [ 89.672276417000035, 22.978162311000176 ], [ 89.672215087000154, 22.978182510000181 ], [ 89.672185797, 22.978191036000169 ], [ 89.672153458000082, 22.978200449000155 ], [ 89.672092130000181, 22.978220646000125 ], [ 89.672030500000062, 22.978238584000167 ], [ 89.671969177000051, 22.978256526000052 ], [ 89.671907542000156, 22.978276724000125 ], [ 89.671846217000166, 22.978294664000032 ], [ 89.671853240000132, 22.978362777000086 ], [ 89.671859032000043, 22.978416639000102 ], [ 89.671865293000167, 22.978475371000116 ], [ 89.671871855000177, 22.978536358000099 ], [ 89.671878109000147, 22.978597348 ], [ 89.671884671000157, 22.97865833600008 ], [ 89.671890932000053, 22.978717067000048 ], [ 89.671897186000194, 22.978778053000156 ], [ 89.671903747000101, 22.978839044000097 ], [ 89.671910002, 22.97890003100008 ], [ 89.671916562000035, 22.978961020000099 ], [ 89.671922820000191, 22.979019749000088 ], [ 89.671929380000051, 22.979080739000153 ], [ 89.671935634000192, 22.979141728000116 ], [ 89.671942197000135, 22.979202715000099 ], [ 89.671948451999981, 22.979263703000186 ], [ 89.671954714000151, 22.979322434000153 ], [ 89.671961275000115, 22.979383421000136 ], [ 89.671967530000188, 22.979444411000031 ], [ 89.671974089000059, 22.9795054 ], [ 89.671980350000183, 22.979564130000085 ], [ 89.671986909000054, 22.979625118000172 ], [ 89.671993166000163, 22.979686105000155 ], [ 89.671972602000039, 22.979742521 ], [ 89.67195203700004, 22.979798938000158 ], [ 89.671931165000103, 22.97985761000001 ], [ 89.67191060100015, 22.979914027000177 ], [ 89.67189003600015, 22.979970444000116 ], [ 89.671869474000061, 22.980026857999974 ], [ 89.671848909, 22.98008327500014 ], [ 89.67182834800019, 22.98013969200008 ], [ 89.671807475000151, 22.980198363000056 ], [ 89.671786910000151, 22.98025478 ], [ 89.671766346000197, 22.980311195000183 ], [ 89.671703783999988, 22.980335909000075 ], [ 89.671640926000123, 22.980358363000164 ], [ 89.671578363000037, 22.980383075000077 ], [ 89.67151550400007, 22.98040552700013 ], [ 89.671452941000155, 22.980430241000079 ], [ 89.671424002000151, 22.980442212000071 ], [ 89.671403207000083, 22.980499259999988 ], [ 89.671340644000168, 22.980523974000107 ], [ 89.671277786000132, 22.980546427999968 ], [ 89.671215223000161, 22.980571139000176 ], [ 89.671152364000022, 22.980593591000058 ], [ 89.671089801000107, 22.980618304000075 ], [ 89.671027238000192, 22.980643015000055 ], [ 89.6709643800001, 22.980665468000097 ], [ 89.670901816000082, 22.980690180000181 ], [ 89.670839256000079, 22.980714892000094 ], [ 89.670776395000132, 22.980737344000147 ], [ 89.67071383200016, 22.98076205600006 ], [ 89.670650972000146, 22.980784511000081 ], [ 89.670588410000107, 22.980809222000062 ], [ 89.670521341000153, 22.980806822000034 ], [ 89.670454271000096, 22.980804426000191 ], [ 89.670386897000014, 22.980802028000028 ], [ 89.670319827000185, 22.980799630000149 ], [ 89.670252759000107, 22.980797230000121 ], [ 89.670185691000086, 22.980794833 ], [ 89.670118622000132, 22.980792437 ], [ 89.670051246000071, 22.980790036000087 ], [ 89.669984177000117, 22.980787640000074 ], [ 89.669917109000039, 22.980785243000128 ], [ 89.669850039000039, 22.9807828430001 ], [ 89.669782971000132, 22.980780447000086 ], [ 89.669715596000174, 22.980778046000125 ], [ 89.669648527000049, 22.980775650000112 ], [ 89.669581459000199, 22.980773251000187 ], [ 89.669514389000142, 22.980770852000092 ], [ 89.669447320000188, 22.980768453000167 ], [ 89.669379945, 22.980766054000071 ], [ 89.669312878000085, 22.980763657000125 ], [ 89.669245807000095, 22.98076125800003 ], [ 89.669178739000074, 22.980758861000083 ], [ 89.66911167000012, 22.980756460000123 ], [ 89.669044294000059, 22.98075406200013 ], [ 89.668977226000038, 22.980751665000184 ], [ 89.668910156000152, 22.980749264000053 ], [ 89.668843087000198, 22.980746867000164 ], [ 89.668776020000053, 22.980744469000115 ], [ 89.66870895, 22.980742069000087 ], [ 89.668641575000038, 22.980739671000094 ], [ 89.668574507000187, 22.980737273000045 ], [ 89.66850743700013, 22.980734876000156 ], [ 89.668440368000176, 22.980732476000128 ], [ 89.668373300000155, 22.980730076999976 ], [ 89.668305925000141, 22.980727677000175 ], [ 89.668238855000141, 22.980725277000147 ], [ 89.668171786000187, 22.98072288000003 ], [ 89.668104717, 22.980720480000173 ], [ 89.668037647000176, 22.980718083000056 ], [ 89.667970276000176, 22.980715683000028 ], [ 89.66790320400014, 22.980713285000036 ], [ 89.667836138000098, 22.980710885000178 ], [ 89.667769066000062, 22.98070848499998 ], [ 89.66770200000019, 22.980706087000158 ], [ 89.667634625000062, 22.980703686000027 ], [ 89.667567554000073, 22.980701288000034 ], [ 89.667500487000154, 22.980698891000088 ], [ 89.667460365000181, 22.980649122000159 ], [ 89.667420241000059, 22.980599354000105 ], [ 89.667380115000128, 22.980549587000155 ], [ 89.667340299000045, 22.980499823000116 ], [ 89.667300177000072, 22.980450052000037 ], [ 89.66726005300012, 22.980400286000133 ], [ 89.667219930000101, 22.980350516000101 ], [ 89.667179808000128, 22.980300748000104 ], [ 89.667139684, 22.980250982000086 ], [ 89.667099561000157, 22.980201214000033 ], [ 89.667059743000095, 22.980151450000164 ], [ 89.667019621000122, 22.980101678000153 ], [ 89.666979498000103, 22.980051909 ], [ 89.66693936900009, 22.980004402000077 ], [ 89.66689277, 22.979946599000186 ], [ 89.666859122000062, 22.979904866000027 ], [ 89.666819002000125, 22.979855097999973 ], [ 89.666779183000131, 22.979805330000147 ], [ 89.666739060999987, 22.979755562000094 ], [ 89.666698936000159, 22.979705794999973 ], [ 89.666658816000052, 22.979656028000022 ], [ 89.666618692999975, 22.979606258 ], [ 89.666578571000059, 22.979556492000142 ], [ 89.666538447000107, 22.979506721 ], [ 89.666498628000113, 22.979456956000092 ], [ 89.666458508000176, 22.979407187000163 ], [ 89.666418383000121, 22.979357420000042 ], [ 89.66637826200008, 22.979307653000092 ], [ 89.666312423000079, 22.979300739000053 ], [ 89.666246283000078, 22.979293825000184 ], [ 89.666180440000062, 22.979289171000175 ], [ 89.666114599000196, 22.979282257000136 ], [ 89.666048459000081, 22.979275339000083 ], [ 89.665982619000147, 22.979268425000043 ], [ 89.665916784000103, 22.979261512000107 ], [ 89.665850947000081, 22.97925460100015 ], [ 89.665784796000196, 22.979249942000024 ], [ 89.665718960000049, 22.979243028000155 ], [ 89.665653123000027, 22.979236115000049 ], [ 89.665586980000171, 22.97922920100018 ], [ 89.665521142000046, 22.979222286000038 ], [ 89.6654552990002, 22.979217633000076 ], [ 89.66538915700005, 22.979210717000058 ], [ 89.665323318000048, 22.979203804000122 ], [ 89.665257481000197, 22.979196891000129 ], [ 89.66519164500005, 22.979189976000043 ], [ 89.665164563000133, 22.979187145000083 ], [ 89.665125500000158, 22.979183062000175 ], [ 89.665059656000039, 22.979178403000049 ], [ 89.664993821000053, 22.97917148900018 ], [ 89.66492767800014, 22.979164573000162 ], [ 89.664861839000139, 22.979157662000034 ], [ 89.664796003000163, 22.979150747000062 ], [ 89.664729854000143, 22.979146090000143 ], [ 89.664664015000085, 22.979139176000103 ], [ 89.664598181000144, 22.979132260000029 ], [ 89.664532342000143, 22.979125348000025 ], [ 89.664466198000184, 22.979118431000074 ], [ 89.664408394000191, 22.979112361000091 ], [ 89.664377570000113, 22.979153003000079 ], [ 89.664339947000087, 22.979202609000083 ], [ 89.664302019000161, 22.979252209000094 ], [ 89.664264394000156, 22.97930181300012 ], [ 89.664226772000063, 22.979351419000125 ], [ 89.664189150000141, 22.979401022000104 ], [ 89.664151526000069, 22.979450625000027 ], [ 89.664113902000167, 22.979500229000053 ], [ 89.664076280000074, 22.979549833000021 ], [ 89.664047829000083, 22.979588165 ], [ 89.663878456000191, 22.980130409000139 ], [ 89.663714685000059, 22.980289800999969 ], [ 89.663377933999982, 22.980453377 ], [ 89.663351535000061, 22.980477847000088 ], [ 89.663002758000061, 22.980645159000062 ], [ 89.662284108999984, 22.980854979000014 ], [ 89.661181681000073, 22.981082975000049 ], [ 89.660381249000125, 22.98124612200013 ], [ 89.660048654000036, 22.981353807000119 ], [ 89.659842505000142, 22.981420075000074 ], [ 89.659776474000068, 22.981441301000075 ], [ 89.65945589200004, 22.981621279000024 ], [ 89.659064409000052, 22.981866596000145 ], [ 89.658654563000084, 22.98226092200008 ], [ 89.658330306000153, 22.982689055000094 ], [ 89.658270347999974, 22.982768221000072 ], [ 89.657513838999989, 22.983039848000089 ], [ 89.656423919000076, 22.983329038000022 ], [ 89.654660269000146, 22.983796971000118 ], [ 89.65353419600018, 22.983358656000178 ], [ 89.652335951000055, 22.982890813999973 ], [ 89.649754530000052, 22.979662481000105 ], [ 89.649718695000047, 22.979618020000089 ], [ 89.650094851000063, 22.978924758000119 ], [ 89.650404703000106, 22.978834725000013 ], [ 89.650448488000109, 22.978822002000129 ], [ 89.651521846000094, 22.97851010800008 ], [ 89.651522058000126, 22.978427555999986 ], [ 89.651524876000167, 22.977329006000048 ], [ 89.651444405000177, 22.976965234000147 ], [ 89.651407237000114, 22.976796924999974 ], [ 89.65118809400019, 22.97580455800005 ], [ 89.651161545000036, 22.975684331000139 ], [ 89.650634626000056, 22.973298169000032 ], [ 89.649392353000053, 22.970817045000103 ], [ 89.649066842000195, 22.970166902000074 ], [ 89.646816475000094, 22.969884131000185 ], [ 89.645883032000199, 22.968808651000018 ], [ 89.645245372000034, 22.968073950000075 ], [ 89.643973142000107, 22.968597530000068 ], [ 89.642390952000085, 22.96924865200009 ], [ 89.638644791000047, 22.967085704 ], [ 89.637822514000106, 22.965972725000029 ], [ 89.637757854000085, 22.965924612000038 ], [ 89.637723659000187, 22.965899168000078 ], [ 89.636324707000085, 22.964858191000189 ], [ 89.636013342000183, 22.964900388000046 ], [ 89.634297940000181, 22.965131308000139 ], [ 89.632344961000115, 22.965960119000044 ], [ 89.631148981000138, 22.96429068700013 ], [ 89.630054277000113, 22.96265830100009 ], [ 89.630028030000176, 22.962619162000124 ], [ 89.628303528000117, 22.962059579000083 ], [ 89.62530975500016, 22.962354119000111 ], [ 89.6252138870002, 22.962363550000134 ], [ 89.624851153000066, 22.962399234000031 ], [ 89.624847704000047, 22.963650347000112 ], [ 89.624851624000144, 22.966538769000181 ], [ 89.624185368000099, 22.971887190000132 ], [ 89.624019867000186, 22.972480445000087 ], [ 89.623959971000033, 22.972695141000088 ], [ 89.623711733000107, 22.972739033000153 ], [ 89.621944988, 22.973023939000086 ], [ 89.62055072600009, 22.973164013000144 ], [ 89.619280752000179, 22.973018387000025 ], [ 89.618539584000132, 22.972370456000135 ], [ 89.618232255000066, 22.971509281000181 ], [ 89.617656125000167, 22.96985872700003 ], [ 89.616773202000047, 22.967167737000125 ], [ 89.616021089000071, 22.965468391000059 ], [ 89.614856810000106, 22.963227556 ], [ 89.615010136000137, 22.962046816 ], [ 89.613596345000133, 22.957944498000074 ], [ 89.613673310000024, 22.957249119000153 ], [ 89.613673413000129, 22.957212981 ], [ 89.613678364000123, 22.955469557000185 ], [ 89.613696595000079, 22.955199565000044 ], [ 89.613426306, 22.955208008000113 ], [ 89.612716189000139, 22.955337732000032 ], [ 89.612083214000108, 22.955534796000165 ], [ 89.609544265000068, 22.956109396000102 ], [ 89.60892437300015, 22.956252864000078 ], [ 89.608653349000065, 22.956315590000088 ], [ 89.608134144000189, 22.956435752000118 ], [ 89.606909800000153, 22.956776898000101 ], [ 89.605684703000122, 22.957376161000184 ], [ 89.605362233000108, 22.957794566000075 ], [ 89.604658782000058, 22.958707282000091 ], [ 89.604375313000162, 22.959279427000126 ], [ 89.604159818000198, 22.959530343000097 ], [ 89.60404404500008, 22.959717498000032 ], [ 89.604103141, 22.959782010000026 ], [ 89.603667355000198, 22.960482325000157 ], [ 89.603274701000032, 22.961115936000112 ], [ 89.602997546000097, 22.961657245000026 ], [ 89.602631190000182, 22.962365440999974 ], [ 89.602470238000194, 22.962676688999977 ], [ 89.602448425000034, 22.962748426000132 ], [ 89.602176349000104, 22.963323550000155 ], [ 89.602121486000101, 22.96340977300008 ], [ 89.602041015999987, 22.963615081 ], [ 89.602031521000185, 22.963723393000066 ], [ 89.601951711000197, 22.963870041000121 ], [ 89.60184423600009, 22.963957852000021 ], [ 89.601746014000128, 22.964041612000017 ], [ 89.601645069000199, 22.96413815700015 ], [ 89.601551931000131, 22.964213211000128 ], [ 89.601451028000042, 22.964295416000084 ], [ 89.601418000000137, 22.964318225000113 ], [ 89.601342404000093, 22.964370432000067 ], [ 89.601187320000065, 22.964445329000114 ], [ 89.601009059000148, 22.964502243000027 ], [ 89.600924965000104, 22.96451218500016 ], [ 89.600723604000052, 22.964591400000074 ], [ 89.600409638000031, 22.964658059000158 ], [ 89.600365859000078, 22.964676296000164 ], [ 89.600200479000023, 22.964752347000115 ], [ 89.600001435000081, 22.964843878000181 ], [ 89.599757155000134, 22.964968742 ], [ 89.599501154000166, 22.965129427000079 ], [ 89.598882659000083, 22.96553831600005 ], [ 89.598688520999985, 22.965666661000114 ], [ 89.598461868000186, 22.965868907000129 ], [ 89.598229872000161, 22.966179968000063 ], [ 89.597988980000139, 22.966509074000101 ], [ 89.597810203000165, 22.966863180000075 ], [ 89.597184314000174, 22.968209815000023 ], [ 89.596907139000052, 22.968744337000032 ], [ 89.59673717600009, 22.969105235000029 ], [ 89.59641606100007, 22.969549313000016 ], [ 89.596041532000129, 22.969911950000096 ], [ 89.5956496780002, 22.970256475000099 ], [ 89.595222021000041, 22.97054219 ], [ 89.59487693, 22.970742302000076 ], [ 89.594741337000073, 22.970820995000111 ], [ 89.59467791100019, 22.970847666000054 ], [ 89.594314300000178, 22.971000571000047 ], [ 89.594188813000187, 22.971063481999977 ], [ 89.59410481000009, 22.971105998000155 ], [ 89.593787500000133, 22.971188358 ], [ 89.593675080000082, 22.971234676000108 ], [ 89.593496646000062, 22.971345358000065 ], [ 89.593345250000141, 22.971477620000144 ], [ 89.593248188000075, 22.971566999000174 ], [ 89.593123862000084, 22.971710085000097 ], [ 89.592859755000177, 22.972039418000065 ], [ 89.592835899000193, 22.972058197000138 ], [ 89.592452995000087, 22.972362088000125 ], [ 89.592265423000015, 22.972591955000041 ], [ 89.592015515000128, 22.97297071100013 ], [ 89.59169452600014, 22.973365093000098 ], [ 89.59131600700016, 22.973930957 ], [ 89.590931457000181, 22.974474221000037 ], [ 89.590908203000197, 22.974507035000045 ], [ 89.590721326000107, 22.974549781000064 ], [ 89.590643834000048, 22.974567507000074 ], [ 89.590550758000177, 22.974617459000171 ], [ 89.590418780000107, 22.974728257000095 ], [ 89.590351890000079, 22.974772236999968 ], [ 89.590292633000047, 22.974811198000111 ], [ 89.589767278000181, 22.975067160000151 ], [ 89.589453191000075, 22.975220508000064 ], [ 89.589201192000075, 22.975327409000101 ], [ 89.588945279000143, 22.975448640000081 ], [ 89.588743725000143, 22.975519820000102 ], [ 89.587755501000117, 22.975811235000151 ], [ 89.587360164000188, 22.975942856000131 ], [ 89.587139335000074, 22.975985303000186 ], [ 89.58706431600018, 22.975998519000029 ], [ 89.586587916000042, 22.976192528000183 ], [ 89.586356818000127, 22.976303304999988 ], [ 89.585858927, 22.976541968000106 ], [ 89.58532348600005, 22.976906252000049 ], [ 89.5852329330001, 22.976983668000059 ], [ 89.585177187000113, 22.977031326000144 ], [ 89.585134179000079, 22.977087873000073 ], [ 89.585046962000092, 22.97735574800015 ], [ 89.585026664000168, 22.977418092000164 ], [ 89.585016269000107, 22.9774596150001 ], [ 89.584986690000051, 22.977582154000061 ], [ 89.584904012000152, 22.977927928000042 ], [ 89.584804362000057, 22.978344678999974 ], [ 89.584828317000188, 22.978886740000178 ], [ 89.584927198000116, 22.979851305000125 ], [ 89.585056946000179, 22.980793367000103 ], [ 89.585070382000083, 22.980962910000187 ], [ 89.585231757000031, 22.981588192000061 ], [ 89.585393723000095, 22.981872053000188 ], [ 89.585424332000059, 22.981925698000055 ], [ 89.585788504000163, 22.982483590000072 ], [ 89.585879116000172, 22.982622402000175 ], [ 89.586070728000038, 22.982927009000036 ], [ 89.5861991820002, 22.983138655000175 ], [ 89.586262294000107, 22.983270512000161 ], [ 89.586701799000139, 22.983973914999979 ], [ 89.586866100000123, 22.984201233000135 ], [ 89.587000980000084, 22.984413705000122 ], [ 89.587042528000154, 22.98454526800009 ], [ 89.587042288000134, 22.984624141000154 ], [ 89.587042028000155, 22.984709584000029 ], [ 89.587031144000093, 22.98482220000011 ], [ 89.587005744000123, 22.984969412 ], [ 89.586833742000124, 22.985291625000116 ], [ 89.586739429000033, 22.985533376000149 ], [ 89.58654818600013, 22.985789375000081 ], [ 89.586505469000031, 22.985846558000105 ], [ 89.586347384000192, 22.986058171000138 ], [ 89.58532912700008, 22.986858579000113 ], [ 89.584522572000196, 22.987335207000115 ], [ 89.583927918000199, 22.987564767000094 ], [ 89.582811791000154, 22.98786298300007 ], [ 89.582217272000094, 22.988009498000054 ], [ 89.580998189000184, 22.988309924000191 ], [ 89.580505043000073, 22.988464119000071 ], [ 89.579974917000072, 22.988629876 ], [ 89.579641503, 22.988758057000041 ], [ 89.578773627000146, 22.988913497000112 ], [ 89.578331632000072, 22.989091578000057 ], [ 89.57784851800011, 22.989208450000092 ], [ 89.577789294000183, 22.989222778000055 ], [ 89.577657344000102, 22.989254698000025 ], [ 89.577129273000196, 22.989367480000112 ], [ 89.576556701000072, 22.989545740000153 ], [ 89.575928764000082, 22.989744826999981 ], [ 89.575815380999984, 22.989786465000066 ], [ 89.575463551000041, 22.989915667999981 ], [ 89.574828158000116, 22.990021517000173 ], [ 89.57440198, 22.990092076000053 ], [ 89.573975735000033, 22.990184144000182 ], [ 89.573285790000057, 22.990397395000173 ], [ 89.572705354000163, 22.990595994000159 ], [ 89.572370932000183, 22.990710418000049 ], [ 89.57201815500008, 22.990834946000064 ], [ 89.570959823000067, 22.991208520000043 ], [ 89.570021403000055, 22.991621851000048 ], [ 89.569942376000142, 22.991642382000066 ], [ 89.569447820000107, 22.991770868 ], [ 89.569068035000043, 22.991863049000131 ], [ 89.568641347000096, 22.992091335000168 ], [ 89.568327766000152, 22.992310632999988 ], [ 89.568253245000108, 22.992362747000072 ], [ 89.567036113000142, 22.992739448000066 ], [ 89.56638610400006, 22.992860591000067 ], [ 89.566125246000183, 22.992909206000093 ], [ 89.565921698000011, 22.992661530000191 ], [ 89.56550689400018, 22.99203258 ], [ 89.564867342000184, 22.991321712000172 ], [ 89.564456356000107, 22.990932153000188 ], [ 89.564353026999981, 22.99083429500007 ], [ 89.563915875000077, 22.990420286000187 ], [ 89.563379050000151, 22.98991068700002 ], [ 89.562069036000139, 22.987592293000034 ], [ 89.560352941000133, 22.985275022999986 ], [ 89.560304676000158, 22.985209398000165 ], [ 89.559654171000034, 22.984602362000032 ], [ 89.559070693000081, 22.98405913300013 ], [ 89.559208361000117, 22.983949483000117 ], [ 89.559251744000051, 22.983914929999969 ], [ 89.559740633000104, 22.983465250000108 ], [ 89.559948901000098, 22.982984807000037 ], [ 89.560068109000042, 22.982709106000073 ], [ 89.560227831000077, 22.982339702000047 ], [ 89.560537296, 22.981489173000114 ], [ 89.560966377999989, 22.980353247000096 ], [ 89.5612335080001, 22.979646054000114 ], [ 89.561623004000182, 22.977799824000101 ], [ 89.561855626000067, 22.976949080000054 ], [ 89.561909761000152, 22.976462514000104 ], [ 89.561934745000087, 22.976237929000092 ], [ 89.562092214000074, 22.974960152000165 ], [ 89.562093436000168, 22.974580558000014 ], [ 89.562096100000019, 22.973754219000114 ], [ 89.562100676000057, 22.972333747 ], [ 89.562103192000109, 22.971552372000133 ], [ 89.562077976000126, 22.971236920000138 ], [ 89.56202934300012, 22.970628514000055 ], [ 89.561877143000117, 22.970273537000082 ], [ 89.561571833000073, 22.969845870000142 ], [ 89.560499275000154, 22.969488345000116 ], [ 89.559350901000187, 22.968916058000104 ], [ 89.558882324000081, 22.968449540000051 ], [ 89.558280660000037, 22.967849409000053 ], [ 89.558238792000111, 22.967810348000114 ], [ 89.557668844000034, 22.967278605999979 ], [ 89.557134155000085, 22.966710276000072 ], [ 89.556676615000072, 22.965855352000176 ], [ 89.556621644000074, 22.96561415900004 ], [ 89.556450002000076, 22.964861055000085 ], [ 89.556222393000155, 22.964079036000101 ], [ 89.556071608000195, 22.963297234000095 ], [ 89.5559961740002, 22.962872458000106 ], [ 89.555940895000106, 22.962450927000134 ], [ 89.555921516000012, 22.962303152000061 ], [ 89.555888996000192, 22.962273703000051 ], [ 89.555463475000067, 22.961875856000063 ], [ 89.553779587000179, 22.960664372000053 ], [ 89.551614320000169, 22.958824559000107 ], [ 89.551179596000111, 22.958455167000125 ], [ 89.549956652000162, 22.957243499000072 ], [ 89.549854968000091, 22.957112226000106 ], [ 89.549345621000157, 22.956460385000071 ], [ 89.548964103000174, 22.955962466000187 ], [ 89.548658793000129, 22.955464767000137 ], [ 89.548048315000074, 22.954611641000042 ], [ 89.547589520000031, 22.954255776000025 ], [ 89.547510448000082, 22.954108758000132 ], [ 89.547436837000134, 22.953970790000085 ], [ 89.54705875500008, 22.953838694000126 ], [ 89.546956616000102, 22.953803008000023 ], [ 89.546824246000142, 22.953756759000044 ], [ 89.546058035000101, 22.953540028000134 ], [ 89.545751621000136, 22.95346914400011 ], [ 89.54529259800006, 22.953183280000076 ], [ 89.545063412000104, 22.952898074000132 ], [ 89.544223075000104, 22.951972006000062 ], [ 89.543688909000139, 22.951191349000055 ], [ 89.543118484000104, 22.950781617000075 ], [ 89.542694558000051, 22.950477111000112 ], [ 89.54139374600004, 22.949621968000145 ], [ 89.540245857000059, 22.948979542000075 ], [ 89.539480639000146, 22.948480490000179 ], [ 89.53909767500005, 22.948337106000054 ], [ 89.538791039000103, 22.948336212000129 ], [ 89.537871070999984, 22.948261271999968 ], [ 89.537105687000121, 22.947904483000059 ], [ 89.536417059000144, 22.947475649000069 ], [ 89.535503571000049, 22.947077858000114 ], [ 89.535268423000161, 22.946975460000033 ], [ 89.534349247000137, 22.946760479999966 ], [ 89.533472541000037, 22.946518522000019 ], [ 89.533046821000198, 22.946402094000177 ], [ 89.531973556000082, 22.946326669000086 ], [ 89.531883037000171, 22.946316063999973 ], [ 89.531360533999987, 22.946254848000081 ], [ 89.530746967000141, 22.946253034000108 ], [ 89.530363098000066, 22.94646418200017 ], [ 89.52982585, 22.946604866000087 ], [ 89.52936559800014, 22.946603503000063 ], [ 89.528140489000123, 22.946103033000043 ], [ 89.527451727000141, 22.945781328000123 ], [ 89.526150299000108, 22.945173446000126 ], [ 89.524619086000143, 22.944529763000048 ], [ 89.523853952000081, 22.944030636000093 ], [ 89.522399265999979, 22.943387162000136 ], [ 89.521940828000083, 22.942958960000055 ], [ 89.521636196000088, 22.942391200000145 ], [ 89.521407827000132, 22.941893677999985 ], [ 89.521255515000121, 22.941608674000065 ], [ 89.521125189000031, 22.941330391 ], [ 89.520722777000117, 22.94047112800007 ], [ 89.520417909000116, 22.939973375000022 ], [ 89.5201895470002, 22.939475854000136 ], [ 89.520114549000027, 22.939048806000187 ], [ 89.520167180000044, 22.938530061000165 ], [ 89.520193803000041, 22.938267665000126 ], [ 89.520502914000133, 22.937559483000143 ], [ 89.520544134000147, 22.937153973000136 ], [ 89.520661719000032, 22.935997204999978 ], [ 89.520513418000121, 22.934576270000093 ], [ 89.520495784000047, 22.934371946000113 ], [ 89.520439917000147, 22.933724660000166 ], [ 89.519906219000063, 22.932869399000026 ], [ 89.519528400000127, 22.932164880000073 ], [ 89.519229954000139, 22.93165237300002 ], [ 89.51906818000009, 22.931376365000119 ], [ 89.518228154000042, 22.930450164000149 ], [ 89.517540624000162, 22.929666699000052 ], [ 89.516890287000081, 22.929226605000053 ], [ 89.516699353000092, 22.929097299000034 ], [ 89.516308625000079, 22.928930533000084 ], [ 89.515857342000174, 22.928737919000127 ], [ 89.514838543000167, 22.928484477000097 ], [ 89.514708480000138, 22.92845212200001 ], [ 89.514018498000041, 22.92845000900013 ], [ 89.513992113000086, 22.928459629000031 ], [ 89.513250711000012, 22.928729950000104 ], [ 89.51308673900013, 22.928841520999981 ], [ 89.511483023000153, 22.929932723000036 ], [ 89.510107615000038, 22.930817735000062 ], [ 89.507963324000173, 22.932197439000049 ], [ 89.507640715000036, 22.932405011000128 ], [ 89.506530715, 22.933207604000017 ], [ 89.505461151000191, 22.933980942000062 ], [ 89.505333667000116, 22.934073117000139 ], [ 89.50516829500009, 22.934192686000188 ], [ 89.50413925200013, 22.934936519000189 ], [ 89.503336019000187, 22.935517117000074 ], [ 89.501765834000196, 22.936721043000034 ], [ 89.501541010000096, 22.936893421999969 ], [ 89.501113922000116, 22.937220880000098 ], [ 89.50004182400005, 22.938042870000061 ], [ 89.49993660500013, 22.938123525000094 ], [ 89.499847532000103, 22.938191803000052 ], [ 89.498994498000059, 22.938845683000125 ], [ 89.49805861700014, 22.939563055000178 ], [ 89.498013910000111, 22.93959732400009 ], [ 89.497800186000177, 22.939761147000013 ], [ 89.497159975000045, 22.940253735000113 ], [ 89.496717693000051, 22.940594030000113 ], [ 89.495390178000093, 22.941615410000054 ], [ 89.494032269000115, 22.942660149000119 ], [ 89.493266732000052, 22.943331033 ], [ 89.491279786000177, 22.94507226200011 ], [ 89.49080151000004, 22.945490778000078 ], [ 89.490295565000167, 22.945942910000042 ], [ 89.489493156000151, 22.94665996100008 ], [ 89.488588455000126, 22.94746840900001 ], [ 89.488524837000057, 22.947525257000109 ], [ 89.488031604000184, 22.94796600899997 ], [ 89.487887438000143, 22.948115595000104 ], [ 89.485948615000041, 22.950127255000098 ], [ 89.485107364000157, 22.951001080000026 ], [ 89.485029652000151, 22.951081801000043 ], [ 89.484802331000083, 22.951380270000129 ], [ 89.484593516000075, 22.951654438999981 ], [ 89.48416148300015, 22.952221683 ], [ 89.483950720000053, 22.952498771000023 ], [ 89.483204515000182, 22.953641472000186 ], [ 89.483025087000101, 22.953916234000189 ], [ 89.482790721000072, 22.954452714000126 ], [ 89.482561075000092, 22.95497838700004 ], [ 89.482405318000076, 22.95561698 ], [ 89.482402346000185, 22.956398345000082 ], [ 89.482406892000199, 22.95645587100006 ], [ 89.482411473000127, 22.956513856000186 ], [ 89.48247534300009, 22.95732223400006 ], [ 89.482742378000069, 22.957988799000077 ], [ 89.482820692000132, 22.958184283999969 ], [ 89.482931006000058, 22.958459646000051 ], [ 89.483092457000168, 22.959849175000159 ], [ 89.483153863999974, 22.960377679000032 ], [ 89.483152285000131, 22.960793233000118 ], [ 89.48314873400011, 22.961728134000111 ], [ 89.483065476000149, 22.962351696000042 ], [ 89.482911834000049, 22.963502388 ], [ 89.482470090000106, 22.965399430000105 ], [ 89.482421197000065, 22.965609393000022 ], [ 89.482366395000099, 22.965844733000097 ], [ 89.481389917000172, 22.968746657000054 ], [ 89.481313659000079, 22.968973278000078 ], [ 89.481125308, 22.969533006000177 ], [ 89.48036855700019, 22.971520733999967 ], [ 89.479967641000087, 22.97257377700015 ], [ 89.479826286, 22.972945052000057 ], [ 89.479343485000129, 22.974213146000181 ], [ 89.479326755000159, 22.974256081000078 ], [ 89.479252964000182, 22.974445455000136 ], [ 89.478960952000193, 22.975197631000185 ], [ 89.478533098000128, 22.976299693000044 ], [ 89.478104144000156, 22.97740457000009 ], [ 89.478038471000161, 22.97755498700019 ], [ 89.477608393000082, 22.978540036000084 ], [ 89.477330266000081, 22.979177046000189 ], [ 89.477155175000064, 22.979438431000062 ], [ 89.476565804000074, 22.980319484000063 ], [ 89.476096025000174, 22.981020262000129 ], [ 89.476057430000083, 22.981081787000164 ], [ 89.475329704000103, 22.982241842000121 ], [ 89.474629962000108, 22.983357267000144 ], [ 89.47375271400017, 22.984712651 ], [ 89.47339396000018, 22.985266931000012 ], [ 89.472932238000169, 22.985980289999986 ], [ 89.472518741000158, 22.986525903000086 ], [ 89.472375701000033, 22.986714644000187 ], [ 89.471159025000077, 22.988318494 ], [ 89.471067288000199, 22.988422817000014 ], [ 89.469784849000064, 22.989881162000188 ], [ 89.469637330000012, 22.990048966000188 ], [ 89.469541372000094, 22.990158118000181 ], [ 89.469349892000025, 22.990325754000025 ], [ 89.467925031, 22.991573167000126 ], [ 89.467512505000172, 22.991847047000192 ], [ 89.466540813000051, 22.992492155000093 ], [ 89.465304036000134, 22.993564740000124 ], [ 89.465001959000119, 22.994148978000169 ], [ 89.46461376000002, 22.994899771000178 ], [ 89.464250291000099, 22.995897270000057 ], [ 89.463993250000044, 22.996602684000152 ], [ 89.463140298000155, 22.998941646000048 ], [ 89.462815899000077, 23.000124951000146 ], [ 89.462612294000166, 23.000867626000058 ], [ 89.462362180000071, 23.001779938000027 ], [ 89.462026129000094, 23.003306389000159 ], [ 89.461643724000169, 23.005043346000036 ], [ 89.461424706000173, 23.006038147000027 ], [ 89.460958050000102, 23.007599298000173 ], [ 89.460811743000136, 23.008197247000169 ], [ 89.460802128000125, 23.008237860000065 ], [ 89.460185770000123, 23.008944866000093 ], [ 89.459415997000121, 23.009581334000188 ], [ 89.458796253000173, 23.010151942000164 ], [ 89.458646234000128, 23.010290066000039 ], [ 89.458560232000082, 23.010327084999972 ], [ 89.458357024000179, 23.010556625000163 ], [ 89.456614187000127, 23.011132760000123 ], [ 89.455952658000172, 23.011351438000077 ] ] ] } }
]
}
